application_id,client_id,product,channel,region,amount_requested,submitted_at,source_system,is_test
APP-201436,CL-431781,Кредит для бизнеса,Партнёрская сеть,Центральный,1200000,2025-07-16 17:41:00,CRM,false
APP-200897,CL-433355,Кредит для бизнеса,Корпоративный менеджер,Центральный,300000,2025-06-14 19:10:00,CRM,false
APP-200353,CL-418526,Автокредит,Партнёрская сеть,Центральный,800000,2025-04-04 11:29:00,АБС,false
APP-201494,CL-446788,Кредит наличными,Отделение,Южный,5000000,2025-06-17 08:24:00,CRM,false
APP-202996,CL-TEST,Кредит для бизнеса,Корпоративный менеджер,Приволжский,800000,2025-03-30 09:55:00,АБС,true
APP-202187,CL-447308,Кредит для бизнеса,Отделение,Приволжский,150000,2025-06-22 16:27:00,АБС,false
APP-201492,CL-427247,Автокредит,Отделение,Северо-Западный,5000000,2025-01-09 16:30:00,АБС,false
APP-200296,CL-454297,Кредитная карта,Корпоративный менеджер,Центральный,1200000,2025-07-31 13:08:00,CRM,false
APP-200759,CL-435836,Кредит наличными,Партнёрская сеть,Северо-Западный,150000,2025-02-10 11:34:00,CRM,false
APP-203353,CL-426975,Кредитная карта,Отделение,Приволжский,1200000,2025-04-05 10:05:00,АБС,false
APP-201290,CL-407562,Кредит наличными,Корпоративный менеджер,Центральный,150000,2025-02-24 08:11:00,АБС,false
APP-202691,CL-405923,Автокредит,Отделение,Южный,5000000,2025-05-23 15:35:00,АБС,false
APP-202220,CL-450436,Кредит для бизнеса,Партнёрская сеть,Северо-Западный,800000,2025-07-05 14:44:00,CRM,false
APP-200054,CL-400383,Кредит наличными,Партнёрская сеть,Центральный,300000,2025-02-15 11:44:00,CRM,false
APP-200464,CL-451211,Автокредит,Мобильное приложение,Центральный,800000,2025-07-08 18:20:00,АБС,false
APP-202010,CL-421452,Кредит для бизнеса,Партнёрская сеть,Южный,5000000,2025-07-21 10:46:00,АБС,false
APP-201953,CL-403898,Кредит наличными,Партнёрская сеть,Южный,5000000,2025-06-21 08:54:00,АБС,false
APP-200441,CL-452106,Кредит наличными,Корпоративный менеджер,Центральный,300000,2025-02-11 19:41:00,CRM,false
APP-200569,CL-406388,Автокредит,Отделение,Центральный,150000,2025-04-13 10:34:00,АБС,false
APP-203291,CL-434634,Кредитная карта,Отделение,Центральный,800000,2025-07-11 08:37:00,АБС,false
APP-201903,CL-441005,Кредитная карта,Отделение,Приволжский,2500000,2025-01-21 18:01:00,АБС,false
APP-202346,CL-435172,Кредит наличными,Партнёрская сеть,Сибирский,5000000,2025-03-20 17:25:00,АБС,false
APP-201366,CL-413395,Кредит для бизнеса,Корпоративный менеджер,Приволжский,150000,2025-05-08 08:31:00,АБС,false
APP-200920,CL-416523,Автокредит,Партнёрская сеть,Южный,5000000,2025-02-07 16:36:00,CRM,false
APP-202747,CL-452516,Кредит наличными,Мобильное приложение,Северо-Западный,2500000,2025-01-23 11:58:00,АБС,false
APP-200141,CL-421307,Кредит наличными,Мобильное приложение,Сибирский,500000,2025-05-13 08:32:00,CRM,false
APP-200742,CL-442693,Кредитная карта,Мобильное приложение,Центральный,150000,2025-01-11 17:10:00,АБС,false
APP-200865,CL-421281,Кредитная карта,Отделение,Сибирский,300000,2025-02-16 17:19:00,CRM,false
APP-202586,CL-427304,Кредит для бизнеса,Партнёрская сеть,Центральный,300000,2025-02-19 14:36:00,АБС,false
APP-200768,CL-423367,Кредитная карта,Мобильное приложение,Северо-Западный,500000,2025-04-08 08:40:00,АБС,false
APP-200079,CL-418657,Кредит наличными,Партнёрская сеть,Приволжский,2500000,2025-04-01 16:43:00,АБС,false
APP-201984,CL-446562,Кредит для бизнеса,Отделение,Центральный,150000,2025-02-12 10:20:00,АБС,false
APP-201551,CL-453150,Кредитная карта,Партнёрская сеть,Центральный,500000,2025-01-15 17:46:00,АБС,false
APP-202994,CL-459650,Кредитная карта,Отделение,Северо-Западный,2500000,2025-01-25 14:49:00,АБС,false
APP-200034,CL-423453,Кредит наличными,Партнёрская сеть,Центральный,1200000,2025-02-13 19:51:00,АБС,false
APP-201035,CL-449098,Кредит наличными,Отделение,Северо-Западный,1200000,2025-05-09 17:29:00,АБС,false
APP-200795,CL-414762,Кредит для бизнеса,Корпоративный менеджер,Приволжский,800000,2025-03-10 15:41:00,CRM,false
APP-203312,CL-422302,Кредит наличными,Корпоративный менеджер,Центральный,1200000,2025-05-14 14:48:00,АБС,false
APP-202336,CL-405875,Автокредит,Мобильное приложение,Южный,500000,2025-05-07 13:36:00,CRM,false
APP-200091,CL-430946,Кредитная карта,Корпоративный менеджер,Сибирский,500000,2025-02-11 17:28:00,АБС,false
APP-201981,CL-443347,Кредитная карта,Мобильное приложение,Центральный,800000,2025-03-11 15:01:00,АБС,false
APP-202331,CL-458707,Кредит наличными,Партнёрская сеть,Сибирский,500000,2025-07-20 12:26:00,CRM,false
APP-200536,CL-407229,Кредит для бизнеса,Мобильное приложение,Южный,500000,2025-06-21 14:45:00,CRM,false
APP-202209,CL-438205,Кредит для бизнеса,Отделение,Южный,800000,2025-05-16 18:22:00,CRM,false
APP-200434,CL-441982,Кредит для бизнеса,Отделение,Приволжский,500000,2025-04-16 12:32:00,АБС,false
APP-200843,CL-428096,Кредитная карта,Партнёрская сеть,Приволжский,2500000,2025-04-25 09:40:00,АБС,false
APP-200149,CL-420551,Автокредит,Отделение,Центральный,150000,2025-07-26 19:44:00,CRM,false
APP-201428,CL-452499,Кредитная карта,Мобильное приложение,Приволжский,150000,2025-02-05 18:02:00,АБС,false
APP-203249,CL-453390,Кредит наличными,Мобильное приложение,Северо-Западный,800000,2025-05-04 17:48:00,CRM,false
APP-200365,CL-439548,Кредит наличными,Мобильное приложение,Приволжский,1200000,2025-03-25 19:09:00,АБС,false
APP-201338,CL-443706,Автокредит,Мобильное приложение,Сибирский,2500000,2025-02-14 11:28:00,CRM,false
APP-202247,CL-447367,Кредит наличными,Мобильное приложение,Сибирский,5000000,2025-04-28 15:48:00,CRM,false
APP-200852,CL-424988,Автокредит,Мобильное приложение,Сибирский,500000,2025-01-14 18:47:00,CRM,false
APP-203458,CL-415032,Кредит наличными,Отделение,Северо-Западный,1200000,2025-03-27 19:40:00,АБС,false
APP-202280,CL-438588,Кредит наличными,Отделение,Северо-Западный,500000,2025-06-21 08:47:00,АБС,false
APP-201668,CL-434180,Кредит наличными,Партнёрская сеть,Центральный,150000,2025-04-27 14:51:00,CRM,false
APP-203221,CL-431765,Кредит для бизнеса,Отделение,Приволжский,5000000,2025-05-20 16:07:00,CRM,false
APP-202155,CL-424775,Кредитная карта,Отделение,Северо-Западный,150000,2025-03-28 10:25:00,CRM,false
APP-201905,CL-439844,Кредит для бизнеса,Мобильное приложение,Северо-Западный,500000,2025-03-20 11:10:00,АБС,false
APP-203377,CL-438836,Кредит для бизнеса,Отделение,Центральный,500000,2025-06-19 14:41:00,АБС,false
APP-201329,CL-400142,Кредит для бизнеса,Корпоративный менеджер,Приволжский,1200000,2025-07-09 18:40:00,CRM,false
APP-201032,CL-433381,Кредит наличными,Корпоративный менеджер,Центральный,800000,2025-03-01 13:42:00,АБС,false
APP-203264,CL-405848,Кредит наличными,Корпоративный менеджер,Центральный,500000,2025-04-02 08:35:00,АБС,false
APP-202082,CL-406645,Кредит для бизнеса,Мобильное приложение,Приволжский,500000,2025-05-02 14:27:00,АБС,false
APP-202431,CL-437066,Автокредит,Отделение,Северо-Западный,500000,2025-01-31 18:26:00,АБС,false
APP-202712,CL-431217,Автокредит,Отделение,Сибирский,300000,2025-06-03 18:23:00,CRM,false
APP-200044,CL-451895,Кредит наличными,Отделение,Южный,150000,2025-05-23 13:21:00,CRM,false
APP-200804,CL-419875,Кредит для бизнеса,Партнёрская сеть,Центральный,1200000,2025-03-11 08:35:00,АБС,false
APP-202459,CL-442664,Автокредит,Корпоративный менеджер,Приволжский,2500000,2025-02-03 19:35:00,CRM,false
APP-202541,CL-448932,Кредитная карта,Отделение,Приволжский,500000,2025-04-24 14:40:00,АБС,false
APP-202566,CL-428826,Кредит наличными,Корпоративный менеджер,Приволжский,500000,2025-06-12 15:12:00,CRM,false
APP-200411,CL-458229,Кредит для бизнеса,Отделение,Центральный,500000,2025-06-27 14:57:00,АБС,false
APP-201753,CL-409333,Кредитная карта,Мобильное приложение,Центральный,800000,2025-03-20 09:40:00,CRM,false
APP-201302,CL-417129,Кредит для бизнеса,Мобильное приложение,Приволжский,150000,2025-03-16 15:59:00,АБС,false
APP-200094,CL-418406,Автокредит,Корпоративный менеджер,Северо-Западный,150000,2025-06-21 18:27:00,АБС,false
APP-201871,CL-455301,Кредитная карта,Партнёрская сеть,Южный,800000,2025-05-31 17:47:00,АБС,false
APP-202516,CL-409376,Кредит наличными,Отделение,Приволжский,1200000,2025-01-22 14:09:00,CRM,false
APP-203325,CL-448137,Кредит наличными,Отделение,Центральный,2500000,2025-03-06 15:15:00,АБС,false
APP-202632,CL-408260,Кредит для бизнеса,Корпоративный менеджер,Южный,800000,2025-06-20 16:24:00,CRM,false
APP-201537,CL-413113,Кредит наличными,Отделение,Центральный,500000,2025-03-20 17:12:00,CRM,false
APP-200553,CL-TEST,Кредит наличными,Отделение,Сибирский,5000000,2025-05-03 09:13:00,АБС,true
APP-201595,CL-429730,Кредит наличными,Мобильное приложение,Приволжский,300000,2025-01-31 08:33:00,АБС,false
APP-202131,CL-405979,Автокредит,Партнёрская сеть,Сибирский,500000,2025-07-09 12:03:00,CRM,false
APP-201167,CL-457282,Кредитная карта,Корпоративный менеджер,Центральный,800000,2025-06-05 08:58:00,АБС,false
APP-201723,CL-430370,Кредит наличными,Отделение,Сибирский,2500000,2025-07-10 09:36:00,CRM,false
APP-203413,CL-411406,Кредит для бизнеса,Партнёрская сеть,Сибирский,500000,2025-02-05 11:53:00,CRM,false
APP-200898,CL-447979,Кредит наличными,Партнёрская сеть,Сибирский,2500000,2025-06-11 19:28:00,АБС,false
APP-201024,CL-438097,Кредитная карта,Партнёрская сеть,Центральный,1200000,2025-06-28 10:11:00,АБС,false
APP-200440,CL-416867,Кредит для бизнеса,Корпоративный менеджер,Южный,2500000,2025-08-01 16:02:00,АБС,false
APP-202361,CL-459306,Кредит для бизнеса,Отделение,Центральный,5000000,2025-05-23 08:05:00,АБС,false
APP-201647,CL-421610,Кредит для бизнеса,Партнёрская сеть,Сибирский,2500000,2025-03-30 09:53:00,АБС,false
APP-201468,CL-421982,Кредит для бизнеса,Партнёрская сеть,Сибирский,2500000,2025-04-10 17:29:00,CRM,false
APP-203116,CL-430397,Кредит для бизнеса,Мобильное приложение,Центральный,300000,2025-03-04 16:46:00,CRM,false
APP-200809,CL-458573,Кредит для бизнеса,Мобильное приложение,Северо-Западный,300000,2025-01-09 13:06:00,АБС,false
APP-201716,CL-420393,Кредит наличными,Корпоративный менеджер,Северо-Западный,150000,2025-01-24 12:21:00,АБС,false
APP-200900,CL-442467,Кредитная карта,Мобильное приложение,Центральный,150000,2025-02-27 19:08:00,АБС,false
APP-202242,CL-417957,Кредит наличными,Мобильное приложение,Центральный,150000,2025-07-11 15:15:00,АБС,false
APP-201620,CL-416054,Кредит для бизнеса,Партнёрская сеть,Центральный,300000,2025-05-25 15:00:00,АБС,false
APP-200550,CL-434407,Кредит наличными,Мобильное приложение,Сибирский,150000,2025-02-01 17:19:00,АБС,false
APP-203432,CL-401201,Кредит наличными,Мобильное приложение,Приволжский,5000000,2025-06-20 13:06:00,АБС,false
APP-201263,CL-435654,Кредит для бизнеса,Партнёрская сеть,Приволжский,5000000,2025-06-18 08:26:00,CRM,false
APP-201830,CL-415832,Кредит наличными,Корпоративный менеджер,Приволжский,300000,2025-04-11 10:43:00,АБС,false
APP-200171,CL-448067,Автокредит,Мобильное приложение,Приволжский,2500000,2025-08-03 11:02:00,АБС,false
APP-203261,CL-416452,Кредитная карта,Мобильное приложение,Южный,800000,2025-05-03 08:31:00,АБС,false
APP-200071,CL-428242,Кредит наличными,Партнёрская сеть,Приволжский,300000,2025-03-15 14:52:00,АБС,false
APP-202101,CL-437716,Кредит для бизнеса,Мобильное приложение,Приволжский,500000,2025-03-23 12:41:00,АБС,false
APP-200575,CL-436791,Кредитная карта,Мобильное приложение,Центральный,300000,2025-02-18 11:19:00,CRM,false
APP-201381,CL-436138,Кредит наличными,Мобильное приложение,Северо-Западный,150000,2025-01-19 17:25:00,АБС,false
APP-203469,CL-415571,Кредитная карта,Мобильное приложение,Приволжский,500000,2025-02-13 17:11:00,CRM,false
APP-201731,CL-436595,Автокредит,Корпоративный менеджер,Сибирский,1200000,2025-07-06 14:00:00,АБС,false
APP-201045,CL-451833,Кредит наличными,Отделение,Центральный,800000,2025-05-17 17:52:00,АБС,false
APP-201429,CL-449058,Кредит наличными,Партнёрская сеть,Сибирский,5000000,2025-08-01 19:07:00,АБС,false
APP-203096,CL-457560,Кредит для бизнеса,Партнёрская сеть,Северо-Западный,500000,2025-02-03 09:56:00,CRM,false
APP-201251,CL-452137,Кредитная карта,Мобильное приложение,Сибирский,150000,2025-04-23 14:26:00,CRM,false
APP-202895,CL-426029,Автокредит,Отделение,Центральный,300000,2025-02-19 08:15:00,CRM,false
APP-200426,CL-410265,Кредит наличными,Отделение,Приволжский,500000,2025-07-14 08:35:00,АБС,false
APP-202119,CL-400492,Автокредит,Мобильное приложение,Приволжский,150000,2025-02-25 12:16:00,CRM,false
APP-201580,CL-426109,Кредитная карта,Отделение,Центральный,300000,2025-05-26 08:07:00,АБС,false
APP-203384,CL-434969,Кредитная карта,Мобильное приложение,Центральный,800000,2025-04-04 10:49:00,АБС,false
APP-201778,CL-418836,Кредит наличными,Отделение,Центральный,2500000,2025-02-16 11:47:00,АБС,false
APP-203514,CL-414680,Кредит наличными,Мобильное приложение,Южный,2500000,2025-01-10 11:32:00,CRM,false
APP-201933,CL-444752,Кредит наличными,Отделение,Приволжский,1200000,2025-05-01 12:21:00,CRM,false
APP-202965,CL-406457,Кредит наличными,Отделение,Центральный,1200000,2025-02-17 11:39:00,CRM,false
APP-203150,CL-445522,Автокредит,Партнёрская сеть,Сибирский,800000,2025-05-27 18:48:00,АБС,false
APP-202471,CL-447621,Кредит наличными,Мобильное приложение,Центральный,1200000,2025-04-01 19:46:00,CRM,false
APP-202074,CL-441491,Кредитная карта,Мобильное приложение,Южный,1200000,2025-02-25 16:05:00,CRM,false
APP-202807,CL-456798,Кредит наличными,Мобильное приложение,Центральный,800000,2025-03-27 14:58:00,АБС,false
APP-202742,CL-410668,Кредит для бизнеса,Корпоративный менеджер,Южный,500000,2025-04-07 18:41:00,АБС,false
APP-200498,CL-441780,Автокредит,Отделение,Северо-Западный,1200000,2025-07-10 19:02:00,CRM,false
APP-202281,CL-402322,Автокредит,Партнёрская сеть,Северо-Западный,300000,2025-02-01 18:47:00,CRM,false
APP-202768,CL-456066,Кредит наличными,Отделение,Центральный,150000,2025-07-10 08:32:00,АБС,false
APP-201348,CL-430931,Кредит наличными,Корпоративный менеджер,Центральный,150000,2025-01-09 12:24:00,CRM,false
APP-200372,CL-428762,Кредитная карта,Мобильное приложение,Южный,150000,2025-04-30 09:08:00,АБС,false
APP-201888,CL-448887,Кредит для бизнеса,Партнёрская сеть,Сибирский,150000,2025-05-03 14:46:00,АБС,false
APP-201547,CL-432741,Кредит для бизнеса,Отделение,Сибирский,150000,2025-05-17 12:15:00,АБС,false
APP-202570,CL-408743,Кредит наличными,Отделение,Центральный,2500000,2025-05-05 16:47:00,АБС,false
APP-201539,CL-449433,Кредит для бизнеса,Партнёрская сеть,Центральный,2500000,2025-06-01 12:56:00,АБС,false
APP-201757,CL-459486,Кредитная карта,Отделение,Центральный,300000,2025-03-16 16:57:00,АБС,false
APP-201808,CL-453412,Кредит для бизнеса,Мобильное приложение,Сибирский,800000,2025-02-25 11:35:00,АБС,false
APP-202662,CL-453020,Кредитная карта,Партнёрская сеть,Южный,2500000,2025-07-18 19:05:00,АБС,false
APP-203206,CL-417670,Кредитная карта,Мобильное приложение,Центральный,500000,2025-07-12 18:52:00,АБС,false
APP-203280,CL-410696,Кредит наличными,Мобильное приложение,Южный,150000,2025-06-18 15:30:00,АБС,false
APP-200906,CL-437798,Кредит для бизнеса,Отделение,Южный,800000,2025-06-27 08:38:00,CRM,false
APP-201412,CL-450823,Кредит наличными,Отделение,Сибирский,300000,2025-01-14 17:08:00,CRM,false
APP-200245,CL-403919,Кредит наличными,Мобильное приложение,Южный,5000000,2025-04-26 17:19:00,АБС,false
APP-203018,CL-447527,Кредит наличными,Отделение,Центральный,500000,2025-04-11 19:28:00,CRM,false
APP-201972,CL-425454,Кредит наличными,Мобильное приложение,Сибирский,5000000,2025-04-04 08:10:00,АБС,false
APP-200152,CL-410691,Кредит наличными,Мобильное приложение,Центральный,300000,2025-07-19 16:44:00,CRM,false
APP-201479,CL-454353,Кредит наличными,Отделение,Сибирский,150000,2025-01-14 16:38:00,CRM,false
APP-203131,CL-427986,Кредитная карта,Корпоративный менеджер,Приволжский,300000,2025-05-09 14:38:00,АБС,false
APP-201713,CL-453334,Автокредит,Мобильное приложение,Приволжский,2500000,2025-06-05 16:00:00,CRM,false
APP-202483,CL-404601,Кредит наличными,Отделение,Приволжский,5000000,2025-04-24 15:26:00,АБС,false
APP-202660,CL-408212,Кредит для бизнеса,Мобильное приложение,Приволжский,500000,2025-04-19 18:28:00,АБС,false
APP-200232,CL-452139,Кредит для бизнеса,Мобильное приложение,Центральный,800000,2025-03-13 13:06:00,АБС,false
APP-201115,CL-428925,Кредит наличными,Партнёрская сеть,Центральный,800000,2025-04-02 19:26:00,АБС,false
APP-200523,CL-447473,Кредитная карта,Мобильное приложение,Северо-Западный,5000000,2025-04-14 13:45:00,АБС,false
APP-203526,CL-417928,Кредит для бизнеса,Мобильное приложение,Центральный,1200000,2025-01-13 08:05:00,АБС,false
APP-201314,CL-415046,Кредитная карта,Мобильное приложение,Сибирский,1200000,2025-02-23 13:08:00,АБС,false
APP-201130,CL-402364,Кредитная карта,Мобильное приложение,Приволжский,800000,2025-05-09 08:50:00,CRM,false
APP-202753,CL-457574,Кредит наличными,Партнёрская сеть,Центральный,1200000,2025-05-09 09:39:00,АБС,false
APP-200660,CL-453503,Кредит наличными,Отделение,Северо-Западный,300000,2025-05-01 12:26:00,АБС,false
APP-203012,CL-450491,Кредитная карта,Партнёрская сеть,Северо-Западный,300000,2025-05-03 13:21:00,CRM,false
APP-200745,CL-412395,Кредит наличными,Мобильное приложение,Приволжский,150000,2025-01-09 18:56:00,АБС,false
APP-200080,CL-445642,Кредитная карта,Отделение,Центральный,500000,2025-02-06 08:11:00,АБС,false
APP-200164,CL-458839,Кредит для бизнеса,Отделение,Центральный,5000000,2025-02-09 11:21:00,CRM,false
APP-201769,CL-415064,Кредит наличными,Партнёрская сеть,Сибирский,500000,2025-05-18 11:35:00,CRM,false
APP-202701,CL-403136,Кредит наличными,Партнёрская сеть,Северо-Западный,800000,2025-08-03 18:35:00,CRM,false
APP-200723,CL-433180,Кредит для бизнеса,Мобильное приложение,Приволжский,5000000,2025-06-30 08:15:00,CRM,false
APP-202495,CL-406884,Кредит наличными,Отделение,Центральный,2500000,2025-06-24 10:15:00,АБС,false
APP-201574,CL-447338,Кредитная карта,Отделение,Северо-Западный,1200000,2025-07-11 13:27:00,АБС,false
APP-200667,CL-430695,Кредит наличными,Отделение,Приволжский,500000,2025-06-20 15:45:00,АБС,false
APP-201751,CL-417881,Кредит для бизнеса,Мобильное приложение,Центральный,300000,2025-02-19 18:01:00,АБС,false
APP-200559,CL-458016,Кредит для бизнеса,Корпоративный менеджер,Центральный,800000,2025-02-27 19:28:00,АБС,false
APP-202149,CL-458533,Кредит наличными,Мобильное приложение,Сибирский,300000,2025-06-16 18:09:00,АБС,false
APP-201128,CL-439533,Кредит для бизнеса,Мобильное приложение,Сибирский,150000,2025-04-25 10:57:00,АБС,false
APP-200819,CL-420773,Кредит наличными,Мобильное приложение,Южный,150000,2025-03-07 17:37:00,АБС,false
APP-200009,CL-409621,Кредит наличными,Партнёрская сеть,Северо-Западный,1200000,2025-05-26 09:45:00,АБС,false
APP-201129,CL-403971,Кредит для бизнеса,Мобильное приложение,Северо-Западный,500000,2025-04-04 13:02:00,CRM,false
APP-200324,CL-446660,Кредитная карта,Мобильное приложение,Центральный,5000000,2025-01-09 12:22:00,АБС,false
APP-201653,CL-441740,Кредит для бизнеса,Мобильное приложение,Сибирский,300000,2025-06-01 12:45:00,CRM,false
APP-202255,CL-439347,Кредит для бизнеса,Мобильное приложение,Центральный,1200000,2025-05-09 12:48:00,АБС,false
APP-200678,CL-432106,Кредит наличными,Отделение,Центральный,800000,2025-01-19 14:58:00,CRM,false
APP-201152,CL-450594,Кредитная карта,Корпоративный менеджер,Приволжский,5000000,2025-05-06 16:33:00,АБС,false
APP-201211,CL-415246,Кредит наличными,Партнёрская сеть,Северо-Западный,2500000,2025-04-02 18:03:00,АБС,false
APP-201275,CL-424296,Кредит для бизнеса,Партнёрская сеть,Центральный,300000,2025-06-13 14:43:00,CRM,false
APP-201069,CL-451475,Кредит для бизнеса,Отделение,Приволжский,500000,2025-04-05 10:39:00,CRM,false
APP-200921,CL-429217,Кредит для бизнеса,Отделение,Центральный,500000,2025-06-06 19:51:00,АБС,false
APP-200973,CL-447682,Кредитная карта,Партнёрская сеть,Центральный,800000,2025-01-12 13:42:00,CRM,false
APP-201691,CL-434532,Автокредит,Партнёрская сеть,Центральный,2500000,2025-02-02 18:59:00,АБС,false
APP-200766,CL-400428,Кредит наличными,Партнёрская сеть,Центральный,1200000,2025-06-10 08:46:00,АБС,false
APP-201219,CL-422879,Автокредит,Отделение,Сибирский,5000000,2025-03-30 12:14:00,АБС,false
APP-203559,CL-427250,Кредитная карта,Корпоративный менеджер,Сибирский,150000,2025-07-30 19:19:00,АБС,false
APP-201405,CL-438119,Кредит наличными,Корпоративный менеджер,Центральный,2500000,2025-03-05 13:29:00,CRM,false
APP-202194,CL-404814,Кредит для бизнеса,Мобильное приложение,Южный,500000,2025-02-08 18:51:00,АБС,false
APP-202871,CL-418001,Автокредит,Отделение,Северо-Западный,500000,2025-06-27 16:22:00,CRM,false
APP-203044,CL-403626,Автокредит,Партнёрская сеть,Сибирский,2500000,2025-03-26 18:48:00,АБС,false
APP-203447,CL-455769,Кредитная карта,Партнёрская сеть,Южный,150000,2025-07-27 09:15:00,CRM,false
APP-203488,CL-440665,Кредит наличными,Мобильное приложение,Приволжский,500000,2025-05-23 11:08:00,АБС,false
APP-200457,CL-408696,Кредит наличными,Корпоративный менеджер,Центральный,150000,2025-01-17 10:44:00,АБС,false
APP-202834,CL-438219,Автокредит,Мобильное приложение,Приволжский,1200000,2025-07-23 17:28:00,CRM,false
APP-202971,CL-409112,Кредитная карта,Отделение,Приволжский,2500000,2025-06-09 08:17:00,АБС,false
APP-202223,CL-455626,Кредитная карта,Отделение,Центральный,150000,2025-01-06 08:45:00,АБС,false
APP-201770,CL-431987,Кредит наличными,Отделение,Центральный,5000000,2025-04-08 15:34:00,АБС,false
APP-201526,CL-425688,Автокредит,Корпоративный менеджер,Центральный,800000,2025-06-24 16:14:00,АБС,false
APP-202653,CL-441892,Кредит наличными,Отделение,Центральный,5000000,2025-04-12 13:14:00,CRM,false
APP-201658,CL-428035,Кредит для бизнеса,Партнёрская сеть,Приволжский,5000000,2025-01-22 12:47:00,CRM,false
APP-200617,CL-TEST,Кредит наличными,Мобильное приложение,Северо-Западный,5000000,2025-07-22 12:08:00,CRM,true
APP-200305,CL-453805,Кредит наличными,Отделение,Приволжский,800000,2025-05-08 11:05:00,CRM,false
APP-203087,CL-447670,Автокредит,Партнёрская сеть,Северо-Западный,300000,2025-06-24 10:49:00,АБС,false
APP-202427,CL-422861,Кредит для бизнеса,Партнёрская сеть,Центральный,1200000,2025-07-22 12:23:00,CRM,false
APP-202160,CL-428296,Кредит для бизнеса,Отделение,Приволжский,2500000,2025-01-07 18:47:00,CRM,false
APP-201373,CL-439299,Кредит для бизнеса,Мобильное приложение,Северо-Западный,2500000,2025-07-25 17:00:00,CRM,false
APP-201896,CL-429331,Кредитная карта,Партнёрская сеть,Центральный,300000,2025-06-13 17:20:00,АБС,false
APP-201798,CL-454446,Кредит для бизнеса,Партнёрская сеть,Приволжский,5000000,2025-03-14 14:34:00,АБС,false
APP-203219,CL-412910,Кредит наличными,Мобильное приложение,Приволжский,1200000,2025-01-26 16:07:00,АБС,false
APP-202809,CL-455496,Кредитная карта,Мобильное приложение,Северо-Западный,2500000,2025-05-27 08:40:00,АБС,false
APP-203289,CL-435584,Кредит наличными,Мобильное приложение,Северо-Западный,150000,2025-05-28 10:38:00,АБС,false
APP-203275,CL-406146,Кредит для бизнеса,Отделение,Приволжский,2500000,2025-07-03 16:57:00,АБС,false
APP-201403,CL-443790,Кредит для бизнеса,Партнёрская сеть,Приволжский,2500000,2025-03-09 13:32:00,АБС,false
APP-202977,CL-453712,Кредит наличными,Отделение,Южный,150000,2025-01-25 10:51:00,CRM,false
APP-200825,CL-436832,Автокредит,Корпоративный менеджер,Центральный,1200000,2025-02-15 11:05:00,CRM,false
APP-200946,CL-450655,Кредит наличными,Корпоративный менеджер,Центральный,5000000,2025-07-25 13:24:00,CRM,false
APP-202865,CL-401723,Кредит наличными,Мобильное приложение,Центральный,5000000,2025-04-24 10:20:00,АБС,false
APP-200145,CL-458766,Кредит для бизнеса,Мобильное приложение,Южный,5000000,2025-05-29 19:06:00,АБС,false
APP-201004,CL-431824,Кредитная карта,Мобильное приложение,Северо-Западный,500000,2025-06-14 10:06:00,АБС,false
APP-202452,CL-410559,Кредит для бизнеса,Мобильное приложение,Сибирский,150000,2025-01-08 16:44:00,АБС,false
APP-202925,CL-424045,Автокредит,Партнёрская сеть,Северо-Западный,2500000,2025-04-19 13:45:00,CRM,false
APP-201296,CL-409600,Автокредит,Отделение,Южный,2500000,2025-05-16 18:15:00,АБС,false
APP-202853,CL-436091,Кредит наличными,Отделение,Приволжский,2500000,2025-06-26 19:22:00,АБС,false
APP-201407,CL-457696,Кредит для бизнеса,Отделение,Сибирский,150000,2025-02-01 19:05:00,CRM,false
APP-201828,CL-454645,Кредит наличными,Партнёрская сеть,Сибирский,1200000,2025-05-29 15:00:00,АБС,false
APP-200813,CL-439894,Кредитная карта,Корпоративный менеджер,Приволжский,5000000,2025-03-26 18:39:00,АБС,false
APP-202917,CL-443962,Кредит наличными,Отделение,Сибирский,300000,2025-03-31 13:41:00,АБС,false
APP-203126,CL-446552,Кредитная карта,Мобильное приложение,Сибирский,300000,2025-04-11 11:42:00,CRM,false
APP-200059,CL-439794,Кредитная карта,Отделение,Северо-Западный,500000,2025-03-22 12:04:00,CRM,false
APP-200526,CL-413519,Кредит наличными,Мобильное приложение,Южный,800000,2025-05-20 13:35:00,АБС,false
APP-203284,CL-439966,Кредитная карта,Корпоративный менеджер,Центральный,500000,2025-01-31 15:20:00,CRM,false
APP-200161,CL-427529,Кредит для бизнеса,Мобильное приложение,Северо-Западный,2500000,2025-03-11 19:28:00,АБС,false
APP-201410,CL-430565,Автокредит,Отделение,Сибирский,5000000,2025-04-30 08:14:00,АБС,false
APP-200001,CL-428824,Кредит наличными,Мобильное приложение,Центральный,800000,2025-07-25 14:41:00,CRM,false
APP-200346,CL-444975,Кредитная карта,Мобильное приложение,Центральный,500000,2025-03-08 14:53:00,АБС,false
APP-202724,CL-TEST,Кредит для бизнеса,Отделение,Приволжский,1200000,2025-02-20 10:56:00,АБС,true
APP-202552,CL-455016,Кредит наличными,Корпоративный менеджер,Сибирский,800000,2025-04-02 13:04:00,АБС,false
APP-201132,CL-409124,Кредит для бизнеса,Отделение,Центральный,800000,2025-04-21 09:28:00,CRM,false
APP-202401,CL-419604,Кредитная карта,Корпоративный менеджер,Сибирский,5000000,2025-01-27 19:37:00,АБС,false
APP-203286,CL-456294,Автокредит,Отделение,Приволжский,800000,2025-06-30 14:04:00,АБС,false
APP-202319,CL-402910,Кредитная карта,Корпоративный менеджер,Приволжский,1200000,2025-03-31 09:17:00,CRM,false
APP-202221,CL-414126,Кредит наличными,Мобильное приложение,Северо-Западный,150000,2025-02-18 08:28:00,CRM,false
APP-201095,CL-413015,Кредитная карта,Партнёрская сеть,Центральный,5000000,2025-04-20 13:45:00,CRM,false
APP-202421,CL-404126,Автокредит,Партнёрская сеть,Приволжский,500000,2025-03-18 09:42:00,АБС,false
APP-202797,CL-400644,Кредитная карта,Отделение,Сибирский,800000,2025-07-25 12:20:00,АБС,false
APP-201334,CL-439834,Кредит наличными,Отделение,Центральный,1200000,2025-03-17 13:08:00,АБС,false
APP-202428,CL-431106,Кредит для бизнеса,Корпоративный менеджер,Центральный,2500000,2025-03-10 10:59:00,CRM,false
APP-201619,CL-406067,Кредит наличными,Мобильное приложение,Центральный,150000,2025-07-06 17:01:00,CRM,false
APP-200701,CL-403467,Кредит наличными,Партнёрская сеть,Приволжский,150000,2025-07-01 12:23:00,АБС,false
APP-201948,CL-403865,Автокредит,Мобильное приложение,Центральный,1200000,2025-04-19 16:40:00,CRM,false
APP-202207,CL-453591,Кредит наличными,Мобильное приложение,Южный,800000,2025-07-16 16:13:00,АБС,false
APP-202928,CL-445246,Кредит наличными,Мобильное приложение,Приволжский,150000,2025-04-09 15:11:00,АБС,false
APP-202472,CL-422348,Кредит для бизнеса,Отделение,Северо-Западный,300000,2025-03-22 09:37:00,АБС,false
APP-201480,CL-402231,Кредит наличными,Партнёрская сеть,Центральный,150000,2025-01-12 18:27:00,CRM,false
APP-202332,CL-441723,Кредит для бизнеса,Мобильное приложение,Центральный,1200000,2025-05-20 19:09:00,CRM,false
APP-200814,CL-400546,Автокредит,Отделение,Приволжский,1200000,2025-04-13 12:08:00,CRM,false
APP-201107,CL-444957,Кредит наличными,Мобильное приложение,Приволжский,1200000,2025-03-15 10:50:00,АБС,false
APP-201218,CL-427990,Кредит для бизнеса,Мобильное приложение,Центральный,500000,2025-07-02 13:55:00,CRM,false
APP-201155,CL-431588,Кредит для бизнеса,Корпоративный менеджер,Северо-Западный,150000,2025-07-22 10:06:00,АБС,false
APP-201159,CL-418558,Кредитная карта,Отделение,Центральный,150000,2025-05-22 18:09:00,АБС,false
APP-203071,CL-429007,Кредит наличными,Корпоративный менеджер,Южный,800000,2025-06-23 17:00:00,АБС,false
APP-202243,CL-449401,Кредит для бизнеса,Мобильное приложение,Центральный,5000000,2025-02-20 08:43:00,CRM,false
APP-201833,CL-406644,Автокредит,Мобильное приложение,Южный,500000,2025-06-26 18:27:00,CRM,false
APP-202962,CL-405275,Кредит наличными,Отделение,Центральный,150000,2025-07-04 10:36:00,CRM,false
APP-203292,CL-436590,Кредитная карта,Мобильное приложение,Южный,500000,2025-03-13 10:08:00,АБС,false
APP-200855,CL-422386,Автокредит,Мобильное приложение,Северо-Западный,500000,2025-02-28 10:51:00,АБС,false
APP-200350,CL-409598,Кредит наличными,Мобильное приложение,Сибирский,5000000,2025-01-20 15:51:00,АБС,false
APP-202302,CL-449658,Кредит для бизнеса,Мобильное приложение,Северо-Западный,500000,2025-06-28 08:44:00,АБС,false
APP-201560,CL-446163,Кредитная карта,Корпоративный менеджер,Центральный,150000,2025-06-21 10:47:00,CRM,false
APP-203047,CL-455047,Кредитная карта,Отделение,Северо-Западный,5000000,2025-02-07 16:29:00,АБС,false
APP-200990,CL-424047,Кредит наличными,Партнёрская сеть,Приволжский,500000,2025-02-11 10:43:00,АБС,false
APP-202126,CL-427779,Кредит наличными,Мобильное приложение,Южный,5000000,2025-05-04 09:49:00,АБС,false
APP-200761,CL-429721,Кредит наличными,Отделение,Центральный,5000000,2025-04-15 19:17:00,CRM,false
APP-200168,CL-422858,Кредит для бизнеса,Отделение,Приволжский,5000000,2025-05-02 16:19:00,АБС,false
APP-201345,CL-459889,Кредит наличными,Мобильное приложение,Приволжский,5000000,2025-07-02 16:16:00,АБС,false
APP-201508,CL-401507,Кредит наличными,Отделение,Центральный,500000,2025-05-10 14:45:00,CRM,false
APP-200548,CL-404676,Автокредит,Мобильное приложение,Центральный,800000,2025-02-18 15:08:00,АБС,false
APP-202912,CL-456563,Кредит для бизнеса,Партнёрская сеть,Центральный,500000,2025-02-19 18:33:00,CRM,false
APP-201270,CL-438841,Кредит наличными,Партнёрская сеть,Центральный,300000,2025-03-01 19:56:00,CRM,false
APP-201455,CL-453232,Кредит наличными,Мобильное приложение,Северо-Западный,1200000,2025-06-13 08:41:00,CRM,false
APP-202261,CL-451385,Кредитная карта,Мобильное приложение,Северо-Западный,150000,2025-03-30 13:24:00,CRM,false
APP-202430,CL-443415,Автокредит,Партнёрская сеть,Центральный,800000,2025-01-18 10:55:00,АБС,false
APP-202868,CL-429158,Кредит наличными,Корпоративный менеджер,Центральный,150000,2025-04-09 08:50:00,CRM,false
APP-203400,CL-407912,Кредит для бизнеса,Отделение,Северо-Западный,300000,2025-04-08 08:31:00,CRM,false
APP-202503,CL-413031,Кредит наличными,Отделение,Приволжский,800000,2025-07-16 09:05:00,CRM,false
APP-201307,CL-406000,Кредит наличными,Партнёрская сеть,Северо-Западный,5000000,2025-02-13 08:05:00,АБС,false
APP-201198,CL-419105,Кредитная карта,Мобильное приложение,Центральный,800000,2025-05-21 19:20:00,CRM,false
APP-201477,CL-441611,Кредит наличными,Мобильное приложение,Центральный,300000,2025-07-09 16:11:00,CRM,false
APP-201057,CL-415455,Кредит наличными,Мобильное приложение,Центральный,800000,2025-03-20 13:03:00,CRM,false
APP-202852,CL-447109,Кредит наличными,Мобильное приложение,Центральный,1200000,2025-03-27 12:51:00,АБС,false
APP-203596,CL-444285,Автокредит,Отделение,Центральный,5000000,2025-01-09 19:26:00,АБС,false
APP-203172,CL-426008,Кредитная карта,Партнёрская сеть,Сибирский,1200000,2025-07-07 15:30:00,АБС,false
APP-202769,CL-440762,Кредит для бизнеса,Мобильное приложение,Южный,800000,2025-02-16 10:20:00,АБС,false
APP-200332,CL-455013,Кредит для бизнеса,Мобильное приложение,Северо-Западный,500000,2025-03-09 09:17:00,АБС,false
APP-202317,CL-422584,Кредит наличными,Партнёрская сеть,Южный,2500000,2025-06-10 11:57:00,АБС,false
APP-202674,CL-408900,Кредит наличными,Партнёрская сеть,Южный,1200000,2025-03-12 14:46:00,АБС,false
APP-202357,CL-410497,Кредитная карта,Корпоративный менеджер,Центральный,800000,2025-05-27 12:34:00,АБС,false
APP-200303,CL-406103,Автокредит,Мобильное приложение,Приволжский,2500000,2025-05-22 16:04:00,АБС,false
APP-201415,CL-438840,Кредит для бизнеса,Мобильное приложение,Центральный,500000,2025-05-27 09:01:00,АБС,false
APP-200529,CL-403531,Кредит для бизнеса,Отделение,Северо-Западный,300000,2025-07-29 13:09:00,CRM,false
APP-202637,CL-409188,Автокредит,Партнёрская сеть,Сибирский,5000000,2025-01-17 12:17:00,АБС,false
APP-203001,CL-410241,Автокредит,Корпоративный менеджер,Северо-Западный,300000,2025-03-27 12:18:00,CRM,false
APP-200790,CL-457591,Кредит наличными,Отделение,Приволжский,800000,2025-04-22 15:40:00,АБС,false
APP-201299,CL-425040,Кредитная карта,Партнёрская сеть,Приволжский,150000,2025-04-23 17:47:00,АБС,false
APP-200045,CL-423806,Автокредит,Мобильное приложение,Южный,150000,2025-01-27 08:50:00,CRM,false
APP-202340,CL-426949,Кредит наличными,Мобильное приложение,Приволжский,800000,2025-04-30 11:21:00,CRM,false
APP-201295,CL-421877,Кредитная карта,Корпоративный менеджер,Сибирский,500000,2025-01-18 14:50:00,CRM,false
APP-201134,CL-424677,Кредитная карта,Мобильное приложение,Сибирский,5000000,2025-05-19 19:46:00,CRM,false
APP-202946,CL-450321,Кредитная карта,Партнёрская сеть,Южный,1200000,2025-06-13 10:30:00,АБС,false
APP-201268,CL-445063,Кредитная карта,Отделение,Центральный,800000,2025-02-26 12:15:00,АБС,false
APP-202382,CL-403175,Кредитная карта,Отделение,Южный,2500000,2025-07-25 12:56:00,АБС,false
APP-202435,CL-443532,Кредит наличными,Мобильное приложение,Северо-Западный,1200000,2025-01-20 12:40:00,АБС,false
APP-202290,CL-430416,Кредит для бизнеса,Мобильное приложение,Южный,150000,2025-01-07 09:17:00,CRM,false
APP-201799,CL-448839,Кредит наличными,Партнёрская сеть,Южный,150000,2025-05-22 10:51:00,АБС,false
APP-201925,CL-439834,Кредитная карта,Мобильное приложение,Приволжский,1200000,2025-07-16 14:42:00,CRM,false
APP-200709,CL-436854,Автокредит,Корпоративный менеджер,Сибирский,300000,2025-05-29 11:54:00,АБС,false
APP-200653,CL-409204,Кредит наличными,Мобильное приложение,Сибирский,5000000,2025-03-30 08:50:00,CRM,false
APP-201719,CL-436098,Кредитная карта,Мобильное приложение,Центральный,300000,2025-07-15 08:50:00,CRM,false
APP-203555,CL-411264,Кредитная карта,Партнёрская сеть,Приволжский,2500000,2025-02-07 19:56:00,АБС,false
APP-202081,CL-408329,Кредитная карта,Корпоративный менеджер,Южный,300000,2025-05-23 14:39:00,CRM,false
APP-203451,CL-451602,Кредитная карта,Мобильное приложение,Сибирский,300000,2025-06-20 10:07:00,CRM,false
APP-200783,CL-456858,Кредит наличными,Партнёрская сеть,Южный,300000,2025-04-20 13:56:00,АБС,false
APP-202423,CL-412100,Кредит наличными,Отделение,Центральный,2500000,2025-01-15 13:27:00,АБС,false
APP-202999,CL-411337,Кредит наличными,Партнёрская сеть,Сибирский,300000,2025-01-22 14:54:00,CRM,false
APP-203059,CL-444203,Кредит наличными,Отделение,Сибирский,300000,2025-05-28 14:20:00,АБС,false
APP-201720,CL-408602,Автокредит,Партнёрская сеть,Южный,800000,2025-02-17 13:16:00,CRM,false
APP-201189,CL-438896,Кредит наличными,Мобильное приложение,Центральный,500000,2025-03-22 11:53:00,АБС,false
APP-200629,CL-424594,Автокредит,Партнёрская сеть,Центральный,1200000,2025-04-29 17:43:00,CRM,false
APP-201394,CL-405123,Автокредит,Отделение,Центральный,500000,2025-03-07 12:46:00,АБС,false
APP-201543,CL-408520,Кредит наличными,Мобильное приложение,Сибирский,500000,2025-05-28 12:41:00,АБС,false
APP-202345,CL-454075,Кредит наличными,Отделение,Северо-Западный,500000,2025-06-28 11:04:00,АБС,false
APP-201370,CL-427524,Кредит для бизнеса,Мобильное приложение,Центральный,800000,2025-07-24 11:58:00,АБС,false
APP-203561,CL-427759,Автокредит,Мобильное приложение,Центральный,500000,2025-06-01 10:21:00,АБС,false
APP-201257,CL-440713,Автокредит,Отделение,Приволжский,500000,2025-05-27 13:42:00,АБС,false
APP-201352,CL-436439,Кредит для бизнеса,Мобильное приложение,Южный,800000,2025-04-16 08:52:00,CRM,false
APP-201161,CL-407882,Кредит наличными,Отделение,Приволжский,5000000,2025-02-13 09:33:00,АБС,false
APP-200557,CL-446221,Кредит наличными,Отделение,Центральный,5000000,2025-04-03 14:57:00,CRM,false
APP-202900,CL-446315,Автокредит,Партнёрская сеть,Сибирский,150000,2025-03-26 13:35:00,АБС,false
APP-201255,CL-424115,Кредит для бизнеса,Мобильное приложение,Приволжский,1200000,2025-07-27 09:05:00,CRM,false
APP-201712,CL-402775,Автокредит,Партнёрская сеть,Приволжский,800000,2025-05-01 15:33:00,CRM,false
APP-201434,CL-426395,Кредитная карта,Мобильное приложение,Северо-Западный,1200000,2025-06-08 11:20:00,АБС,false
APP-201849,CL-449562,Кредитная карта,Корпоративный менеджер,Южный,150000,2025-04-26 10:44:00,АБС,false
APP-200922,CL-410755,Кредит для бизнеса,Мобильное приложение,Центральный,150000,2025-07-01 18:38:00,АБС,false
APP-202562,CL-429514,Кредит наличными,Мобильное приложение,Центральный,150000,2025-04-14 10:46:00,АБС,false
APP-201897,CL-421308,Кредит наличными,Корпоративный менеджер,Приволжский,150000,2025-06-10 12:33:00,АБС,false
APP-202991,CL-454631,Кредит для бизнеса,Корпоративный менеджер,Северо-Западный,150000,2025-06-04 10:14:00,CRM,false
APP-200736,CL-413623,Кредит для бизнеса,Партнёрская сеть,Сибирский,2500000,2025-03-01 10:29:00,CRM,false
APP-202312,CL-453004,Кредит наличными,Мобильное приложение,Сибирский,1200000,2025-03-30 08:38:00,CRM,false
APP-200180,CL-437894,Кредит наличными,Мобильное приложение,Центральный,150000,2025-03-29 16:01:00,АБС,false
APP-201701,CL-410330,Кредит для бизнеса,Мобильное приложение,Центральный,1200000,2025-05-25 17:38:00,АБС,false
APP-203487,CL-447878,Кредит для бизнеса,Партнёрская сеть,Центральный,800000,2025-03-02 11:04:00,АБС,false
APP-202839,CL-411970,Кредит для бизнеса,Мобильное приложение,Северо-Западный,800000,2025-02-03 09:19:00,АБС,false
APP-202905,CL-422389,Автокредит,Корпоративный менеджер,Центральный,300000,2025-06-22 08:26:00,АБС,false
APP-201027,CL-402917,Кредит наличными,Мобильное приложение,Сибирский,300000,2025-03-20 10:45:00,CRM,false
APP-202202,CL-447801,Кредит наличными,Отделение,Центральный,150000,2025-03-18 11:13:00,АБС,false
APP-202685,CL-429905,Кредит для бизнеса,Партнёрская сеть,Приволжский,1200000,2025-06-29 18:22:00,АБС,false
APP-203005,CL-412387,Автокредит,Мобильное приложение,Центральный,1200000,2025-01-23 17:00:00,CRM,false
APP-200092,CL-TEST,Кредитная карта,Корпоративный менеджер,Северо-Западный,2500000,2025-05-03 18:42:00,CRM,true
APP-202377,CL-457804,Кредит наличными,Корпоративный менеджер,Сибирский,1200000,2025-07-28 08:18:00,АБС,false
APP-202466,CL-424604,Кредит наличными,Партнёрская сеть,Северо-Западный,1200000,2025-03-05 18:52:00,АБС,false
APP-201559,CL-TEST,Автокредит,Корпоративный менеджер,Северо-Западный,500000,2025-06-15 10:36:00,CRM,true
APP-200061,CL-442635,Кредит для бизнеса,Партнёрская сеть,Центральный,500000,2025-07-30 08:16:00,АБС,false
APP-201623,CL-438507,Кредит наличными,Мобильное приложение,Приволжский,300000,2025-02-14 17:01:00,АБС,false
APP-203031,CL-441423,Кредит наличными,Мобильное приложение,Центральный,2500000,2025-05-17 09:56:00,АБС,false
APP-202366,CL-417274,Кредитная карта,Отделение,Приволжский,800000,2025-07-25 18:24:00,АБС,false
APP-202975,CL-431775,Автокредит,Партнёрская сеть,Сибирский,300000,2025-06-11 19:57:00,АБС,false
APP-202276,CL-406464,Кредитная карта,Мобильное приложение,Северо-Западный,800000,2025-03-11 14:48:00,CRM,false
APP-201212,CL-439864,Кредит наличными,Отделение,Южный,300000,2025-05-24 19:03:00,АБС,false
APP-202563,CL-405869,Кредит для бизнеса,Корпоративный менеджер,Северо-Западный,300000,2025-02-03 09:51:00,АБС,false
APP-202736,CL-443935,Кредит наличными,Мобильное приложение,Центральный,800000,2025-07-01 10:44:00,CRM,false
APP-202225,CL-414578,Автокредит,Партнёрская сеть,Северо-Западный,5000000,2025-02-18 15:16:00,АБС,false
APP-201942,CL-434884,Кредит наличными,Отделение,Южный,2500000,2025-07-02 15:06:00,АБС,false
APP-203368,CL-410149,Кредит для бизнеса,Корпоративный менеджер,Приволжский,1200000,2025-03-19 13:59:00,CRM,false
APP-200481,CL-450800,Кредитная карта,Партнёрская сеть,Приволжский,500000,2025-04-12 16:38:00,CRM,false
APP-200602,CL-439912,Кредитная карта,Партнёрская сеть,Центральный,2500000,2025-06-13 08:40:00,CRM,false
APP-202995,CL-424860,Кредит для бизнеса,Мобильное приложение,Южный,2500000,2025-05-23 14:02:00,CRM,false
APP-200319,CL-425418,Кредит наличными,Мобильное приложение,Северо-Западный,150000,2025-01-13 09:27:00,АБС,false
APP-200621,CL-418966,Кредит для бизнеса,Корпоративный менеджер,Центральный,2500000,2025-06-07 10:50:00,CRM,false
APP-200719,CL-430530,Кредит для бизнеса,Мобильное приложение,Северо-Западный,2500000,2025-06-11 14:31:00,АБС,false
APP-201704,CL-406527,Кредит для бизнеса,Отделение,Центральный,2500000,2025-02-20 08:30:00,CRM,false
APP-201461,CL-429747,Кредит для бизнеса,Отделение,Южный,800000,2025-05-18 15:11:00,CRM,false
APP-200570,CL-456529,Кредитная карта,Мобильное приложение,Центральный,5000000,2025-01-08 16:41:00,CRM,false
APP-200925,CL-424112,Кредит наличными,Отделение,Приволжский,1200000,2025-05-18 16:21:00,АБС,false
APP-200620,CL-407875,Кредит наличными,Мобильное приложение,Приволжский,150000,2025-06-18 14:23:00,CRM,false
APP-202609,CL-443972,Кредитная карта,Корпоративный менеджер,Центральный,800000,2025-02-09 14:36:00,АБС,false
APP-202169,CL-TEST,Кредит наличными,Мобильное приложение,Центральный,1200000,2025-04-11 12:51:00,АБС,true
APP-201857,CL-430816,Кредитная карта,Отделение,Сибирский,2500000,2025-07-14 13:19:00,АБС,false
APP-201318,CL-408129,Кредит наличными,Мобильное приложение,Приволжский,5000000,2025-02-14 16:44:00,АБС,false
APP-202735,CL-418422,Кредит для бизнеса,Мобильное приложение,Сибирский,1200000,2025-02-19 11:52:00,АБС,false
APP-201406,CL-448490,Автокредит,Мобильное приложение,Центральный,1200000,2025-04-26 13:06:00,АБС,false
APP-202612,CL-409328,Автокредит,Отделение,Приволжский,500000,2025-03-07 11:46:00,АБС,false
APP-200645,CL-427452,Кредит для бизнеса,Корпоративный менеджер,Центральный,500000,2025-03-04 13:12:00,CRM,false
APP-203341,CL-444964,Кредит наличными,Мобильное приложение,Южный,300000,2025-03-16 08:16:00,CRM,false
APP-202567,CL-417034,Автокредит,Отделение,Сибирский,2500000,2025-01-14 12:08:00,АБС,false
APP-200058,CL-408937,Кредит для бизнеса,Корпоративный менеджер,Центральный,1200000,2025-06-17 08:00:00,АБС,false
APP-203498,CL-415395,Кредит наличными,Партнёрская сеть,Приволжский,300000,2025-01-24 10:24:00,АБС,false
APP-200138,CL-406847,Кредитная карта,Мобильное приложение,Северо-Западный,1200000,2025-01-16 11:13:00,CRM,false
APP-201327,CL-431808,Кредит наличными,Отделение,Центральный,500000,2025-03-13 13:13:00,АБС,false
APP-200081,CL-TEST,Автокредит,Мобильное приложение,Центральный,300000,2025-02-23 08:38:00,АБС,true
APP-202323,CL-404669,Кредит наличными,Отделение,Южный,800000,2025-04-29 16:25:00,АБС,false
APP-203267,CL-424059,Кредитная карта,Мобильное приложение,Приволжский,5000000,2025-03-19 12:52:00,CRM,false
APP-200105,CL-458333,Кредит наличными,Отделение,Сибирский,300000,2025-06-13 17:49:00,CRM,false
APP-201669,CL-418170,Кредитная карта,Мобильное приложение,Южный,150000,2025-03-07 15:54:00,CRM,false
APP-200640,CL-430205,Кредит для бизнеса,Мобильное приложение,Приволжский,300000,2025-07-25 08:51:00,АБС,false
APP-200936,CL-406404,Кредит наличными,Мобильное приложение,Центральный,150000,2025-06-08 09:46:00,АБС,false
APP-203566,CL-443936,Автокредит,Партнёрская сеть,Северо-Западный,1200000,2025-01-28 18:02:00,АБС,false
APP-201742,CL-453268,Кредит наличными,Мобильное приложение,Северо-Западный,500000,2025-06-20 14:46:00,АБС,false
APP-202782,CL-414939,Кредитная карта,Корпоративный менеджер,Центральный,150000,2025-04-29 17:54:00,CRM,false
APP-202203,CL-422726,Кредит для бизнеса,Мобильное приложение,Центральный,300000,2025-03-12 17:37:00,АБС,false
APP-201500,CL-422814,Кредит наличными,Корпоративный менеджер,Центральный,5000000,2025-03-25 17:43:00,АБС,false
APP-200711,CL-451405,Кредит для бизнеса,Мобильное приложение,Сибирский,800000,2025-03-27 18:05:00,CRM,false
APP-203105,CL-401880,Кредитная карта,Отделение,Северо-Западный,150000,2025-03-18 12:36:00,АБС,false
APP-202233,CL-418073,Кредитная карта,Партнёрская сеть,Центральный,150000,2025-03-31 18:56:00,CRM,false
APP-201882,CL-417478,Кредит наличными,Отделение,Южный,500000,2025-08-03 14:35:00,АБС,false
APP-201747,CL-431492,Кредит наличными,Отделение,Центральный,300000,2025-05-31 09:32:00,CRM,false
APP-202157,CL-457929,Кредит для бизнеса,Отделение,Приволжский,2500000,2025-06-11 15:02:00,АБС,false
APP-201446,CL-426864,Кредит наличными,Партнёрская сеть,Северо-Западный,5000000,2025-02-26 17:27:00,АБС,false
APP-202028,CL-450735,Кредитная карта,Партнёрская сеть,Центральный,2500000,2025-07-01 10:48:00,CRM,false
APP-203372,CL-439519,Автокредит,Мобильное приложение,Сибирский,5000000,2025-05-05 10:40:00,CRM,false
APP-202727,CL-459384,Кредит наличными,Мобильное приложение,Сибирский,300000,2025-04-05 10:20:00,CRM,false
APP-203240,CL-402591,Кредит наличными,Корпоративный менеджер,Приволжский,500000,2025-02-14 09:14:00,CRM,false
APP-200695,CL-424116,Кредит для бизнеса,Партнёрская сеть,Центральный,150000,2025-07-22 10:43:00,CRM,false
APP-200729,CL-447566,Кредит наличными,Мобильное приложение,Южный,300000,2025-07-21 14:27:00,АБС,false
APP-203236,CL-442351,Кредит для бизнеса,Мобильное приложение,Сибирский,800000,2025-04-14 14:44:00,CRM,false
APP-202920,CL-402582,Кредит наличными,Отделение,Южный,800000,2025-02-09 14:40:00,АБС,false
APP-201023,CL-457225,Кредит наличными,Корпоративный менеджер,Приволжский,5000000,2025-04-02 17:28:00,CRM,false
APP-202148,CL-457592,Кредит для бизнеса,Отделение,Приволжский,150000,2025-04-27 19:20:00,АБС,false
APP-200375,CL-459573,Кредит наличными,Отделение,Центральный,300000,2025-03-08 11:53:00,CRM,false
APP-200435,CL-TEST,Кредит для бизнеса,Партнёрская сеть,Южный,2500000,2025-02-27 10:15:00,CRM,true
APP-202802,CL-411792,Автокредит,Отделение,Южный,2500000,2025-05-21 13:42:00,АБС,false
APP-201628,CL-432866,Кредит наличными,Партнёрская сеть,Центральный,800000,2025-05-30 18:09:00,CRM,false
APP-200420,CL-449454,Кредитная карта,Отделение,Центральный,2500000,2025-02-11 14:04:00,АБС,false
APP-200340,CL-431224,Кредит для бизнеса,Отделение,Центральный,1200000,2025-07-22 14:20:00,АБС,false
APP-200777,CL-450951,Кредитная карта,Мобильное приложение,Центральный,800000,2025-07-06 11:50:00,CRM,false
APP-202055,CL-438827,Кредитная карта,Отделение,Центральный,150000,2025-03-06 15:44:00,АБС,false
APP-201422,CL-410775,Кредитная карта,Мобильное приложение,Южный,500000,2025-01-06 11:32:00,АБС,false
APP-202625,CL-412043,Кредит наличными,Отделение,Северо-Западный,300000,2025-07-27 09:28:00,CRM,false
APP-200566,CL-433229,Кредит наличными,Партнёрская сеть,Приволжский,300000,2025-05-10 09:20:00,АБС,false
APP-200413,CL-425765,Автокредит,Отделение,Центральный,300000,2025-05-22 17:32:00,АБС,false
APP-201376,CL-402159,Кредит наличными,Отделение,Северо-Западный,1200000,2025-04-07 12:21:00,CRM,false
APP-202794,CL-441880,Кредитная карта,Мобильное приложение,Северо-Западный,150000,2025-05-28 10:40:00,АБС,false
APP-202526,CL-431832,Кредит наличными,Отделение,Северо-Западный,150000,2025-04-11 13:10:00,CRM,false
APP-203562,CL-426902,Кредитная карта,Отделение,Центральный,300000,2025-02-20 09:01:00,АБС,false
APP-201886,CL-423933,Кредит наличными,Отделение,Приволжский,1200000,2025-06-18 09:32:00,CRM,false
APP-200635,CL-445486,Кредит наличными,Партнёрская сеть,Сибирский,150000,2025-04-15 10:15:00,CRM,false
APP-200406,CL-437987,Кредит наличными,Отделение,Центральный,800000,2025-07-03 13:52:00,CRM,false
APP-202230,CL-409120,Автокредит,Отделение,Южный,5000000,2025-04-17 16:19:00,АБС,false
APP-201197,CL-426541,Кредит наличными,Корпоративный менеджер,Центральный,5000000,2025-07-01 15:40:00,АБС,false
APP-201355,CL-407364,Автокредит,Отделение,Сибирский,500000,2025-01-30 15:29:00,АБС,false
APP-201157,CL-422306,Кредит для бизнеса,Мобильное приложение,Южный,800000,2025-07-28 08:45:00,АБС,false
APP-202722,CL-446592,Кредитная карта,Мобильное приложение,Южный,150000,2025-04-05 13:24:00,АБС,false
APP-201966,CL-TEST,Кредит для бизнеса,Корпоративный менеджер,Северо-Западный,1200000,2025-03-03 18:20:00,CRM,true
APP-203231,CL-TEST,Кредитная карта,Мобильное приложение,Центральный,5000000,2025-03-17 15:47:00,CRM,true
APP-201614,CL-458692,Кредит наличными,Отделение,Сибирский,300000,2025-04-12 09:05:00,АБС,false
APP-203512,CL-410763,Автокредит,Корпоративный менеджер,Приволжский,150000,2025-07-10 12:29:00,АБС,false
APP-202035,CL-454800,Кредит для бизнеса,Корпоративный менеджер,Южный,5000000,2025-07-28 12:13:00,CRM,false
APP-201856,CL-420640,Кредит для бизнеса,Партнёрская сеть,Центральный,800000,2025-03-12 18:52:00,CRM,false
APP-203517,CL-437388,Кредит наличными,Мобильное приложение,Южный,500000,2025-03-22 18:53:00,АБС,false
APP-202713,CL-427024,Автокредит,Отделение,Северо-Западный,500000,2025-01-28 08:03:00,CRM,false
APP-203571,CL-431857,Автокредит,Корпоративный менеджер,Северо-Западный,150000,2025-07-24 19:11:00,CRM,false
APP-200173,CL-409700,Кредитная карта,Партнёрская сеть,Приволжский,1200000,2025-05-16 09:59:00,АБС,false
APP-202885,CL-429527,Кредит для бизнеса,Партнёрская сеть,Центральный,2500000,2025-03-27 15:44:00,CRM,false
APP-201087,CL-400222,Кредит для бизнеса,Отделение,Северо-Западный,300000,2025-07-28 19:12:00,АБС,false
APP-202358,CL-407268,Кредитная карта,Отделение,Центральный,150000,2025-06-30 13:49:00,CRM,false
APP-202888,CL-418899,Кредит наличными,Мобильное приложение,Центральный,1200000,2025-04-28 08:09:00,CRM,false
APP-200476,CL-446478,Кредит наличными,Отделение,Приволжский,500000,2025-03-11 13:14:00,CRM,false
APP-203490,CL-438493,Кредит для бизнеса,Отделение,Северо-Западный,1200000,2025-03-16 11:08:00,CRM,false
APP-202262,CL-413110,Кредит наличными,Отделение,Северо-Западный,500000,2025-06-18 19:47:00,CRM,false
APP-203390,CL-427343,Автокредит,Отделение,Приволжский,500000,2025-02-02 14:45:00,АБС,false
APP-202113,CL-433548,Кредит наличными,Мобильное приложение,Северо-Западный,800000,2025-05-07 11:03:00,АБС,false
APP-200876,CL-407413,Кредит наличными,Партнёрская сеть,Приволжский,300000,2025-08-02 12:03:00,АБС,false
APP-200798,CL-446472,Кредитная карта,Корпоративный менеджер,Сибирский,5000000,2025-05-19 17:23:00,CRM,false
APP-202825,CL-425539,Автокредит,Мобильное приложение,Центральный,300000,2025-06-27 15:09:00,АБС,false
APP-202094,CL-415527,Кредит наличными,Партнёрская сеть,Центральный,2500000,2025-01-19 08:58:00,АБС,false
APP-200663,CL-403904,Кредит для бизнеса,Мобильное приложение,Приволжский,800000,2025-06-02 12:56:00,АБС,false
APP-201947,CL-418250,Кредит для бизнеса,Мобильное приложение,Южный,500000,2025-04-17 14:06:00,CRM,false
APP-203342,CL-414058,Кредитная карта,Мобильное приложение,Северо-Западный,300000,2025-04-21 17:03:00,АБС,false
APP-200951,CL-418159,Автокредит,Отделение,Центральный,800000,2025-07-15 16:54:00,CRM,false
APP-200347,CL-458121,Кредит для бизнеса,Мобильное приложение,Приволжский,5000000,2025-04-12 12:31:00,АБС,false
APP-200121,CL-456287,Кредитная карта,Отделение,Центральный,300000,2025-05-12 16:28:00,АБС,false
APP-202508,CL-441143,Кредит для бизнеса,Корпоративный менеджер,Южный,500000,2025-06-25 09:30:00,АБС,false
APP-200189,CL-403161,Кредит наличными,Отделение,Приволжский,150000,2025-02-22 10:01:00,CRM,false
APP-201402,CL-405351,Кредит наличными,Партнёрская сеть,Приволжский,150000,2025-02-17 15:24:00,АБС,false
APP-202725,CL-444637,Кредит наличными,Мобильное приложение,Сибирский,1200000,2025-01-13 13:32:00,АБС,false
APP-202500,CL-443184,Кредит для бизнеса,Партнёрская сеть,Центральный,1200000,2025-02-28 08:47:00,CRM,false
APP-201209,CL-455694,Кредитная карта,Партнёрская сеть,Северо-Западный,2500000,2025-07-21 18:31:00,АБС,false
APP-203028,CL-410218,Кредит для бизнеса,Партнёрская сеть,Южный,2500000,2025-05-01 18:21:00,CRM,false
APP-201125,CL-410951,Кредитная карта,Мобильное приложение,Северо-Западный,1200000,2025-07-23 12:06:00,АБС,false
APP-202251,CL-430248,Кредитная карта,Мобильное приложение,Приволжский,1200000,2025-03-07 10:49:00,АБС,false
APP-200254,CL-439493,Автокредит,Мобильное приложение,Приволжский,300000,2025-02-01 09:08:00,АБС,false
APP-202348,CL-418165,Кредит для бизнеса,Партнёрская сеть,Северо-Западный,150000,2025-04-22 14:04:00,АБС,false
APP-200197,CL-433485,Кредит для бизнеса,Партнёрская сеть,Центральный,5000000,2025-06-13 16:27:00,CRM,false
APP-200231,CL-419017,Кредит наличными,Отделение,Южный,500000,2025-05-18 18:15:00,АБС,false
APP-202005,CL-445822,Кредит наличными,Корпоративный менеджер,Сибирский,300000,2025-07-30 19:48:00,CRM,false
APP-203475,CL-416815,Кредит наличными,Мобильное приложение,Центральный,150000,2025-05-20 17:59:00,CRM,false
APP-201655,CL-413432,Кредитная карта,Корпоративный менеджер,Северо-Западный,500000,2025-02-11 17:21:00,CRM,false
APP-200460,CL-453997,Кредитная карта,Мобильное приложение,Северо-Западный,800000,2025-01-31 10:58:00,АБС,false
APP-200096,CL-443936,Кредитная карта,Мобильное приложение,Сибирский,2500000,2025-04-27 17:28:00,CRM,false
APP-201761,CL-430814,Автокредит,Отделение,Приволжский,500000,2025-07-08 15:53:00,CRM,false
APP-200670,CL-420361,Автокредит,Отделение,Южный,5000000,2025-04-07 19:26:00,АБС,false
APP-202811,CL-452711,Кредит для бизнеса,Отделение,Сибирский,500000,2025-03-30 10:06:00,CRM,false
APP-202959,CL-442493,Кредит наличными,Мобильное приложение,Центральный,150000,2025-02-20 13:41:00,CRM,false
APP-202407,CL-410147,Кредит наличными,Отделение,Центральный,5000000,2025-01-23 19:00:00,АБС,false
APP-203591,CL-446097,Кредит наличными,Отделение,Северо-Западный,2500000,2025-06-11 09:04:00,АБС,false
APP-201138,CL-415738,Кредит наличными,Корпоративный менеджер,Приволжский,800000,2025-02-15 08:35:00,АБС,false
APP-201738,CL-434380,Кредит для бизнеса,Отделение,Приволжский,150000,2025-03-28 17:11:00,АБС,false
APP-202024,CL-459620,Кредит наличными,Партнёрская сеть,Центральный,5000000,2025-08-02 16:32:00,АБС,false
APP-200312,CL-422392,Кредит наличными,Партнёрская сеть,Центральный,1200000,2025-03-08 09:22:00,CRM,false
APP-203518,CL-447001,Кредит для бизнеса,Мобильное приложение,Центральный,2500000,2025-06-30 08:13:00,АБС,false
APP-201832,CL-408192,Кредит наличными,Мобильное приложение,Центральный,2500000,2025-04-27 08:34:00,CRM,false
APP-200413,CL-425765,Автокредит,Отделение,Центральный,300000,2025-05-22 17:32:00,АБС,false
APP-202456,CL-400985,Кредит наличными,Отделение,Южный,300000,2025-03-27 12:59:00,CRM,false
APP-203429,CL-421409,Кредит наличными,Партнёрская сеть,Южный,800000,2025-02-28 16:56:00,АБС,false
APP-201085,CL-421124,Автокредит,Мобильное приложение,Приволжский,1200000,2025-02-14 10:08:00,АБС,false
APP-203445,CL-409843,Кредит наличными,Мобильное приложение,Северо-Западный,2500000,2025-04-16 10:46:00,CRM,false
APP-202539,CL-422642,Кредит наличными,Отделение,Сибирский,300000,2025-02-12 17:35:00,CRM,false
APP-201754,CL-449369,Кредитная карта,Мобильное приложение,Южный,5000000,2025-03-16 13:00:00,АБС,false
APP-201688,CL-432808,Кредит наличными,Партнёрская сеть,Центральный,2500000,2025-07-21 17:01:00,АБС,false
APP-201960,CL-446127,Кредит наличными,Партнёрская сеть,Приволжский,150000,2025-01-29 19:56:00,CRM,false
APP-201781,CL-414737,Кредит наличными,Отделение,Сибирский,2500000,2025-04-24 16:04:00,CRM,false
APP-202737,CL-446826,Автокредит,Отделение,Центральный,800000,2025-04-03 18:02:00,АБС,false
APP-202201,CL-439541,Автокредит,Корпоративный менеджер,Приволжский,500000,2025-04-04 09:21:00,АБС,false
APP-202461,CL-414097,Автокредит,Отделение,Южный,2500000,2025-01-12 08:52:00,АБС,false
APP-202513,CL-440090,Кредит для бизнеса,Партнёрская сеть,Центральный,500000,2025-01-20 14:43:00,АБС,false
APP-203538,CL-442087,Автокредит,Корпоративный менеджер,Приволжский,5000000,2025-04-10 11:25:00,АБС,false
APP-200439,CL-421148,Кредит наличными,Отделение,Сибирский,500000,2025-07-04 13:27:00,АБС,false
APP-201911,CL-409228,Автокредит,Корпоративный менеджер,Южный,500000,2025-07-05 17:45:00,АБС,false
APP-200477,CL-418405,Кредитная карта,Корпоративный менеджер,Центральный,1200000,2025-05-10 12:21:00,CRM,false
APP-201163,CL-437733,Кредит для бизнеса,Корпоративный менеджер,Сибирский,300000,2025-01-17 18:53:00,АБС,false
APP-203112,CL-401999,Кредитная карта,Отделение,Северо-Западный,300000,2025-07-18 08:29:00,АБС,false
APP-203499,CL-404994,Кредит для бизнеса,Корпоративный менеджер,Приволжский,2500000,2025-02-18 09:59:00,АБС,false
APP-201009,CL-443170,Автокредит,Партнёрская сеть,Приволжский,500000,2025-06-22 15:36:00,АБС,false
APP-201728,CL-441058,Кредит наличными,Партнёрская сеть,Южный,800000,2025-06-25 12:40:00,АБС,false
APP-201982,CL-452883,Кредит наличными,Партнёрская сеть,Центральный,800000,2025-06-29 09:27:00,АБС,false
APP-200385,CL-422416,Кредит наличными,Мобильное приложение,Южный,500000,2025-02-15 10:15:00,АБС,false
APP-201423,CL-439343,Кредитная карта,Мобильное приложение,Северо-Западный,1200000,2025-02-25 12:21:00,АБС,false
APP-202330,CL-414564,Кредит наличными,Мобильное приложение,Сибирский,2500000,2025-07-16 14:27:00,АБС,false
APP-202657,CL-406470,Кредит наличными,Мобильное приложение,Северо-Западный,150000,2025-01-13 14:18:00,АБС,false
APP-202158,CL-427103,Кредит наличными,Отделение,Сибирский,5000000,2025-04-03 08:24:00,АБС,false
APP-200133,CL-419830,Кредитная карта,Корпоративный менеджер,Южный,2500000,2025-03-04 17:09:00,CRM,false
APP-201265,CL-417778,Кредитная карта,Отделение,Сибирский,5000000,2025-06-16 08:46:00,CRM,false
APP-201530,CL-446260,Кредитная карта,Отделение,Центральный,150000,2025-03-08 19:06:00,CRM,false
APP-203269,CL-421844,Автокредит,Партнёрская сеть,Центральный,2500000,2025-07-29 18:56:00,CRM,false
APP-201819,CL-449312,Кредитная карта,Отделение,Северо-Западный,300000,2025-07-04 09:26:00,АБС,false
APP-202164,CL-409129,Кредит наличными,Отделение,Центральный,5000000,2025-06-10 19:39:00,CRM,false
APP-203516,CL-432961,Автокредит,Отделение,Сибирский,800000,2025-07-15 16:03:00,АБС,false
APP-200014,CL-420892,Кредит для бизнеса,Партнёрская сеть,Южный,150000,2025-02-25 08:21:00,CRM,false
APP-201344,CL-441578,Кредит наличными,Мобильное приложение,Северо-Западный,1200000,2025-04-10 13:21:00,АБС,false
APP-202304,CL-452168,Кредитная карта,Отделение,Приволжский,800000,2025-05-09 11:26:00,CRM,false
APP-203013,CL-408505,Кредитная карта,Мобильное приложение,Северо-Западный,800000,2025-04-12 14:35:00,АБС,false
APP-202197,CL-421774,Кредитная карта,Отделение,Центральный,5000000,2025-06-22 08:12:00,АБС,false
APP-203274,CL-412739,Кредит наличными,Партнёрская сеть,Северо-Западный,2500000,2025-07-21 13:22:00,АБС,false
APP-201261,CL-458744,Кредит для бизнеса,Мобильное приложение,Приволжский,5000000,2025-05-19 18:46:00,CRM,false
APP-200812,CL-425858,Кредитная карта,Отделение,Северо-Западный,1200000,2025-07-18 11:35:00,CRM,false
APP-202950,CL-455180,Автокредит,Отделение,Центральный,1200000,2025-05-11 10:22:00,CRM,false
APP-203129,CL-427321,Кредит наличными,Мобильное приложение,Северо-Западный,800000,2025-07-07 11:18:00,АБС,false
APP-201227,CL-433446,Автокредит,Корпоративный менеджер,Северо-Западный,2500000,2025-06-02 09:14:00,АБС,false
APP-200863,CL-409508,Кредит для бизнеса,Мобильное приложение,Приволжский,1200000,2025-07-13 16:23:00,CRM,false
APP-201976,CL-459687,Кредит наличными,Партнёрская сеть,Сибирский,2500000,2025-07-11 09:19:00,АБС,false
APP-201932,CL-429956,Кредит наличными,Мобильное приложение,Центральный,1200000,2025-02-11 19:10:00,CRM,false
APP-203323,CL-452348,Кредит для бизнеса,Мобильное приложение,Южный,5000000,2025-05-18 10:21:00,АБС,false
APP-203556,CL-434073,Кредит наличными,Партнёрская сеть,Сибирский,800000,2025-07-15 11:37:00,АБС,false
APP-203551,CL-410726,Кредитная карта,Отделение,Центральный,300000,2025-02-11 17:42:00,CRM,false
APP-200046,CL-418976,Кредит наличными,Мобильное приложение,Южный,2500000,2025-02-03 15:04:00,CRM,false
APP-203319,CL-456862,Кредитная карта,Мобильное приложение,Приволжский,300000,2025-07-26 12:34:00,CRM,false
APP-200615,CL-412277,Кредит наличными,Партнёрская сеть,Южный,500000,2025-03-25 08:58:00,АБС,false
APP-202134,CL-410412,Кредитная карта,Отделение,Северо-Западный,1200000,2025-04-25 10:53:00,CRM,false
APP-200335,CL-410982,Кредитная карта,Партнёрская сеть,Центральный,2500000,2025-06-27 12:22:00,АБС,false
APP-202877,CL-403488,Автокредит,Партнёрская сеть,Приволжский,800000,2025-01-06 18:16:00,CRM,false
APP-201301,CL-407860,Автокредит,Отделение,Северо-Западный,5000000,2025-07-09 13:04:00,CRM,false
APP-202881,CL-414756,Кредит наличными,Отделение,Северо-Западный,150000,2025-06-29 10:36:00,CRM,false
APP-203252,CL-433506,Кредитная карта,Мобильное приложение,Сибирский,150000,2025-06-03 13:45:00,АБС,false
APP-200473,CL-416170,Кредит наличными,Мобильное приложение,Центральный,150000,2025-02-14 10:39:00,CRM,false
APP-201033,CL-459406,Кредит наличными,Мобильное приложение,Сибирский,500000,2025-02-19 18:07:00,АБС,false
APP-203328,CL-415799,Кредит наличными,Партнёрская сеть,Северо-Западный,1200000,2025-03-12 19:29:00,АБС,false
APP-202690,CL-444386,Автокредит,Мобильное приложение,Приволжский,500000,2025-04-23 11:45:00,АБС,false
APP-202765,CL-450113,Кредитная карта,Корпоративный менеджер,Южный,800000,2025-02-21 13:13:00,АБС,false
APP-201899,CL-430214,Кредитная карта,Мобильное приложение,Северо-Западный,150000,2025-07-22 14:02:00,АБС,false
APP-201298,CL-428477,Кредит для бизнеса,Партнёрская сеть,Северо-Западный,2500000,2025-05-16 12:03:00,CRM,false
APP-201864,CL-428087,Кредит наличными,Отделение,Северо-Западный,5000000,2025-01-18 16:47:00,АБС,false
APP-202075,CL-451232,Кредит наличными,Мобильное приложение,Центральный,150000,2025-03-15 08:13:00,CRM,false
APP-203163,CL-413735,Кредит для бизнеса,Отделение,Приволжский,1200000,2025-06-12 19:36:00,АБС,false
APP-203195,CL-449344,Кредитная карта,Отделение,Южный,2500000,2025-05-24 09:54:00,CRM,false
APP-202140,CL-446732,Кредит для бизнеса,Мобильное приложение,Центральный,1200000,2025-01-06 16:09:00,АБС,false
APP-201256,CL-419827,Кредит для бизнеса,Мобильное приложение,Северо-Западный,500000,2025-06-04 11:01:00,CRM,false
APP-201881,CL-455057,Кредитная карта,Корпоративный менеджер,Центральный,2500000,2025-04-02 19:46:00,АБС,false
APP-202408,CL-451530,Кредитная карта,Мобильное приложение,Южный,5000000,2025-07-21 16:39:00,CRM,false
APP-200082,CL-416118,Кредит наличными,Мобильное приложение,Северо-Западный,800000,2025-05-28 18:15:00,CRM,false
APP-201278,CL-443745,Кредит для бизнеса,Мобильное приложение,Приволжский,1200000,2025-05-25 18:05:00,CRM,false
APP-200368,CL-428639,Кредитная карта,Мобильное приложение,Южный,500000,2025-03-20 13:41:00,АБС,false
APP-203382,CL-450632,Кредитная карта,Отделение,Северо-Западный,150000,2025-07-25 14:53:00,АБС,false
APP-201746,CL-414914,Кредит для бизнеса,Мобильное приложение,Приволжский,5000000,2025-01-11 18:51:00,CRM,false
APP-203340,CL-421977,Кредит наличными,Отделение,Южный,2500000,2025-01-27 13:28:00,АБС,false
APP-203104,CL-435456,Кредитная карта,Партнёрская сеть,Сибирский,500000,2025-06-07 13:28:00,АБС,false
APP-203442,CL-438501,Кредит наличными,Корпоративный менеджер,Северо-Западный,500000,2025-06-09 08:05:00,АБС,false
APP-200351,CL-406895,Кредит для бизнеса,Мобильное приложение,Центральный,150000,2025-07-25 09:45:00,АБС,false
APP-201502,CL-456445,Автокредит,Партнёрская сеть,Сибирский,1200000,2025-03-24 12:13:00,АБС,false
APP-200043,CL-429978,Кредит наличными,Отделение,Северо-Западный,2500000,2025-01-14 11:37:00,АБС,false
APP-200216,CL-444642,Кредит наличными,Партнёрская сеть,Северо-Западный,1200000,2025-06-14 13:40:00,АБС,false
APP-203243,CL-412069,Кредит наличными,Партнёрская сеть,Центральный,1200000,2025-07-17 16:02:00,CRM,false
APP-202145,CL-409800,Кредитная карта,Партнёрская сеть,Сибирский,1200000,2025-05-13 18:29:00,АБС,false
APP-202283,CL-431547,Кредитная карта,Мобильное приложение,Центральный,1200000,2025-04-07 11:49:00,АБС,false
APP-200797,CL-420713,Кредит наличными,Корпоративный менеджер,Центральный,500000,2025-03-08 16:32:00,АБС,false
APP-201066,CL-409840,Кредитная карта,Мобильное приложение,Сибирский,150000,2025-01-11 14:36:00,АБС,false
APP-203133,CL-458774,Кредит для бизнеса,Корпоративный менеджер,Южный,1200000,2025-03-03 10:31:00,CRM,false
APP-201885,CL-438158,Кредитная карта,Партнёрская сеть,Центральный,2500000,2025-02-16 15:07:00,CRM,false
APP-202111,CL-433693,Кредит для бизнеса,Партнёрская сеть,Центральный,150000,2025-02-20 14:44:00,CRM,false
APP-202504,CL-437295,Кредит наличными,Отделение,Приволжский,300000,2025-08-02 18:05:00,АБС,false
APP-200474,CL-451887,Кредитная карта,Отделение,Северо-Западный,2500000,2025-04-15 15:48:00,АБС,false
APP-202066,CL-424361,Автокредит,Партнёрская сеть,Южный,800000,2025-04-26 14:04:00,CRM,false
APP-202109,CL-406492,Кредит для бизнеса,Отделение,Северо-Западный,1200000,2025-01-11 14:55:00,АБС,false
APP-203579,CL-458090,Кредит наличными,Отделение,Приволжский,500000,2025-01-15 15:07:00,АБС,false
APP-200763,CL-423248,Кредитная карта,Мобильное приложение,Сибирский,150000,2025-06-02 09:29:00,АБС,false
APP-201470,CL-421656,Кредит наличными,Отделение,Сибирский,500000,2025-06-04 14:29:00,АБС,false
APP-202596,CL-400147,Кредитная карта,Мобильное приложение,Сибирский,500000,2025-03-01 16:10:00,АБС,false
APP-202162,CL-431469,Кредит для бизнеса,Партнёрская сеть,Северо-Западный,2500000,2025-04-12 10:53:00,АБС,false
APP-201672,CL-410947,Кредитная карта,Мобильное приложение,Центральный,500000,2025-01-10 16:38:00,CRM,false
APP-201626,CL-410633,Кредит для бизнеса,Отделение,Сибирский,5000000,2025-02-12 19:07:00,АБС,false
APP-201079,CL-402907,Кредитная карта,Партнёрская сеть,Сибирский,2500000,2025-03-29 09:17:00,АБС,false
APP-201531,CL-446520,Кредит для бизнеса,Мобильное приложение,Сибирский,150000,2025-01-12 15:43:00,АБС,false
APP-200227,CL-419838,Кредит наличными,Партнёрская сеть,Южный,300000,2025-02-06 15:13:00,АБС,false
APP-201891,CL-445103,Кредит наличными,Партнёрская сеть,Приволжский,2500000,2025-02-07 19:13:00,АБС,false
APP-201013,CL-420269,Кредит для бизнеса,Отделение,Центральный,300000,2025-07-20 10:35:00,АБС,false
APP-202485,CL-401603,Кредит наличными,Отделение,Южный,150000,2025-06-07 18:29:00,АБС,false
APP-201331,CL-439503,Кредит наличными,Отделение,Центральный,800000,2025-06-10 15:09:00,АБС,false
APP-200336,CL-418345,Кредит наличными,Мобильное приложение,Центральный,5000000,2025-02-14 09:55:00,CRM,false
APP-201834,CL-421588,Кредитная карта,Мобильное приложение,Приволжский,5000000,2025-04-14 16:04:00,CRM,false
APP-201017,CL-410725,Кредит для бизнеса,Отделение,Северо-Западный,2500000,2025-04-13 12:36:00,АБС,false
APP-202808,CL-424396,Автокредит,Партнёрская сеть,Южный,2500000,2025-01-06 13:06:00,АБС,false
APP-203399,CL-454062,Кредит для бизнеса,Мобильное приложение,Центральный,300000,2025-04-20 17:44:00,АБС,false
APP-201365,CL-404795,Кредит наличными,Корпоративный менеджер,Центральный,1200000,2025-01-06 18:42:00,CRM,false
APP-203054,CL-TEST,Кредитная карта,Мобильное приложение,Приволжский,2500000,2025-03-28 13:35:00,CRM,true
APP-200047,CL-414375,Автокредит,Партнёрская сеть,Сибирский,800000,2025-07-02 13:37:00,АБС,false
APP-202053,CL-448192,Автокредит,Корпоративный менеджер,Южный,1200000,2025-07-24 10:09:00,CRM,false
APP-202413,CL-435902,Кредит наличными,Партнёрская сеть,Северо-Западный,500000,2025-03-20 16:45:00,CRM,false
APP-201593,CL-412531,Кредит наличными,Партнёрская сеть,Южный,5000000,2025-07-25 08:18:00,АБС,false
APP-203563,CL-413029,Кредит наличными,Отделение,Северо-Западный,500000,2025-01-11 10:57:00,АБС,false
APP-202774,CL-459222,Кредит наличными,Корпоративный менеджер,Северо-Западный,1200000,2025-06-20 17:18:00,АБС,false
APP-203166,CL-417250,Кредит наличными,Отделение,Приволжский,1200000,2025-05-02 11:36:00,АБС,false
APP-202496,CL-452763,Кредитная карта,Партнёрская сеть,Северо-Западный,2500000,2025-01-13 13:29:00,CRM,false
APP-201617,CL-406840,Кредит наличными,Партнёрская сеть,Центральный,800000,2025-03-27 15:16:00,АБС,false
APP-202831,CL-421050,Кредит наличными,Отделение,Центральный,5000000,2025-04-14 19:55:00,CRM,false
APP-202353,CL-447246,Кредитная карта,Мобильное приложение,Северо-Западный,300000,2025-03-20 12:10:00,CRM,false
APP-201690,CL-417255,Кредит для бизнеса,Мобильное приложение,Центральный,2500000,2025-05-23 11:13:00,АБС,false
APP-201501,CL-420863,Кредит наличными,Мобильное приложение,Приволжский,500000,2025-05-16 17:16:00,CRM,false
APP-201912,CL-410887,Автокредит,Мобильное приложение,Северо-Западный,1200000,2025-07-18 15:52:00,АБС,false
APP-202475,CL-435794,Кредит для бизнеса,Отделение,Приволжский,500000,2025-07-06 11:05:00,CRM,false
APP-202061,CL-422631,Кредитная карта,Отделение,Северо-Западный,150000,2025-07-16 13:31:00,АБС,false
APP-200596,CL-405575,Кредитная карта,Корпоративный менеджер,Сибирский,500000,2025-06-26 18:50:00,АБС,false
APP-200361,CL-458595,Кредитная карта,Корпоративный менеджер,Сибирский,2500000,2025-02-03 19:44:00,АБС,false
APP-201980,CL-455996,Кредит наличными,Мобильное приложение,Южный,2500000,2025-06-27 18:31:00,CRM,false
APP-203409,CL-423593,Автокредит,Мобильное приложение,Центральный,500000,2025-07-29 10:31:00,CRM,false
APP-200832,CL-419743,Кредит наличными,Мобильное приложение,Центральный,500000,2025-01-07 19:23:00,CRM,false
APP-201457,CL-442184,Автокредит,Корпоративный менеджер,Сибирский,150000,2025-02-13 17:03:00,АБС,false
APP-203125,CL-441571,Кредит наличными,Мобильное приложение,Сибирский,500000,2025-06-04 19:47:00,АБС,false
APP-201280,CL-409939,Кредит наличными,Партнёрская сеть,Приволжский,150000,2025-01-27 09:14:00,АБС,false
APP-203511,CL-432865,Кредитная карта,Партнёрская сеть,Северо-Западный,500000,2025-06-04 19:26:00,CRM,false
APP-201072,CL-441542,Автокредит,Мобильное приложение,Приволжский,800000,2025-01-19 11:05:00,АБС,false
APP-201766,CL-413171,Кредит наличными,Партнёрская сеть,Центральный,500000,2025-02-07 11:24:00,АБС,false
APP-201166,CL-423944,Автокредит,Отделение,Северо-Западный,2500000,2025-05-02 12:18:00,АБС,false
APP-203386,CL-417551,Автокредит,Партнёрская сеть,Приволжский,500000,2025-01-21 15:30:00,АБС,false
APP-202954,CL-401852,Кредит наличными,Корпоративный менеджер,Центральный,800000,2025-03-02 19:43:00,АБС,false
APP-202065,CL-406820,Кредит наличными,Мобильное приложение,Приволжский,2500000,2025-01-07 17:15:00,CRM,false
APP-201269,CL-419359,Кредитная карта,Отделение,Центральный,500000,2025-01-31 09:45:00,CRM,false
APP-200585,CL-431073,Кредит наличными,Мобильное приложение,Центральный,800000,2025-02-22 11:09:00,АБС,false
APP-200764,CL-444857,Автокредит,Корпоративный менеджер,Южный,1200000,2025-04-06 19:28:00,АБС,false
APP-201427,CL-443458,Кредит наличными,Корпоративный менеджер,Южный,800000,2025-06-24 08:00:00,АБС,false
APP-200984,CL-459943,Кредит наличными,Мобильное приложение,Сибирский,150000,2025-04-14 12:03:00,CRM,false
APP-200338,CL-434242,Кредит наличными,Корпоративный менеджер,Северо-Западный,2500000,2025-03-04 10:18:00,CRM,false
APP-201339,CL-451504,Автокредит,Партнёрская сеть,Сибирский,800000,2025-05-12 19:10:00,АБС,false
APP-203332,CL-437586,Кредит наличными,Партнёрская сеть,Сибирский,300000,2025-04-11 10:51:00,АБС,false
APP-200776,CL-431044,Кредит для бизнеса,Мобильное приложение,Южный,2500000,2025-03-26 11:01:00,АБС,false
APP-200068,CL-405028,Кредит наличными,Партнёрская сеть,Приволжский,800000,2025-02-11 10:41:00,CRM,false
APP-202565,CL-415489,Кредитная карта,Корпоративный менеджер,Приволжский,2500000,2025-07-26 10:45:00,АБС,false
APP-203093,CL-427770,Кредит наличными,Отделение,Центральный,300000,2025-01-19 12:41:00,CRM,false
APP-201638,CL-449772,Кредит наличными,Мобильное приложение,Северо-Западный,5000000,2025-05-14 17:28:00,CRM,false
APP-200084,CL-424619,Кредитная карта,Корпоративный менеджер,Центральный,300000,2025-05-31 11:04:00,CRM,false
APP-202520,CL-433583,Кредит для бизнеса,Корпоративный менеджер,Приволжский,2500000,2025-05-07 15:08:00,АБС,false
APP-202033,CL-423088,Кредит наличными,Отделение,Центральный,5000000,2025-04-23 15:33:00,CRM,false
APP-201169,CL-417780,Кредит для бизнеса,Отделение,Приволжский,800000,2025-01-14 10:17:00,CRM,false
APP-200572,CL-423416,Кредит для бизнеса,Партнёрская сеть,Северо-Западный,5000000,2025-05-25 17:59:00,АБС,false
APP-200994,CL-402919,Кредит для бизнеса,Партнёрская сеть,Центральный,500000,2025-04-11 14:14:00,АБС,false
APP-201113,CL-422479,Кредитная карта,Мобильное приложение,Северо-Западный,500000,2025-02-03 11:01:00,CRM,false
APP-201136,CL-402675,Кредитная карта,Мобильное приложение,Приволжский,150000,2025-07-29 18:36:00,CRM,false
APP-202666,CL-405313,Кредит для бизнеса,Отделение,Северо-Западный,800000,2025-06-29 14:18:00,CRM,false
APP-203371,CL-427475,Кредит наличными,Отделение,Северо-Западный,800000,2025-01-25 15:01:00,АБС,false
APP-201482,CL-428701,Кредит наличными,Отделение,Северо-Западный,300000,2025-05-05 19:40:00,АБС,false
APP-200545,CL-411095,Кредит для бизнеса,Мобильное приложение,Северо-Западный,1200000,2025-07-30 19:25:00,CRM,false
APP-203262,CL-422412,Кредит наличными,Мобильное приложение,Приволжский,300000,2025-05-19 19:20:00,АБС,false
APP-201467,CL-429741,Кредит для бизнеса,Мобильное приложение,Приволжский,150000,2025-02-20 10:51:00,АБС,false
APP-201204,CL-409029,Кредит наличными,Партнёрская сеть,Центральный,1200000,2025-02-06 08:50:00,CRM,false
APP-203066,CL-426386,Кредит наличными,Мобильное приложение,Южный,5000000,2025-06-30 10:19:00,CRM,false
APP-203535,CL-428281,Кредитная карта,Отделение,Южный,2500000,2025-07-22 10:25:00,CRM,false
APP-200856,CL-441607,Кредит для бизнеса,Мобильное приложение,Южный,500000,2025-01-18 11:40:00,CRM,false
APP-201454,CL-400190,Кредитная карта,Отделение,Северо-Западный,500000,2025-04-28 19:41:00,АБС,false
APP-202766,CL-402347,Кредит наличными,Корпоративный менеджер,Приволжский,800000,2025-01-08 14:01:00,CRM,false
APP-202322,CL-448326,Кредит для бизнеса,Отделение,Сибирский,800000,2025-07-23 16:46:00,АБС,false
APP-200913,CL-414117,Кредит наличными,Отделение,Южный,500000,2025-07-25 10:23:00,CRM,false
APP-200341,CL-425187,Кредит наличными,Партнёрская сеть,Центральный,1200000,2025-06-04 18:46:00,АБС,false
APP-200570,CL-456529,Кредитная карта,Мобильное приложение,Центральный,5000000,2025-01-08 16:41:00,CRM,false
APP-201291,CL-411934,Кредит для бизнеса,Партнёрская сеть,Центральный,800000,2025-07-27 08:15:00,CRM,false
APP-201043,CL-448025,Кредитная карта,Мобильное приложение,Центральный,5000000,2025-01-29 17:24:00,АБС,false
APP-201425,CL-445717,Кредит для бизнеса,Корпоративный менеджер,Южный,500000,2025-05-20 08:31:00,CRM,false
APP-203375,CL-430894,Кредит наличными,Отделение,Северо-Западный,1200000,2025-05-11 10:35:00,CRM,false
APP-203038,CL-429923,Кредитная карта,Мобильное приложение,Приволжский,300000,2025-01-06 15:43:00,CRM,false
APP-203545,CL-410780,Кредит для бизнеса,Отделение,Северо-Западный,1200000,2025-05-13 19:15:00,CRM,false
APP-201005,CL-422399,Кредит наличными,Партнёрская сеть,Центральный,2500000,2025-02-14 08:40:00,АБС,false
APP-202229,CL-419960,Кредит наличными,Отделение,Центральный,5000000,2025-03-18 14:05:00,АБС,false
APP-201872,CL-445047,Автокредит,Отделение,Южный,800000,2025-05-07 09:15:00,АБС,false
APP-202014,CL-412193,Автокредит,Партнёрская сеть,Приволжский,300000,2025-07-30 16:19:00,АБС,false
APP-201714,CL-441529,Кредитная карта,Партнёрская сеть,Центральный,150000,2025-07-24 11:45:00,CRM,false
APP-201662,CL-408469,Кредит наличными,Мобильное приложение,Центральный,300000,2025-04-20 14:09:00,CRM,false
APP-202064,CL-440809,Кредит для бизнеса,Отделение,Сибирский,2500000,2025-07-25 10:16:00,CRM,false
APP-201070,CL-431760,Автокредит,Партнёрская сеть,Приволжский,2500000,2025-05-16 09:07:00,АБС,false
APP-202270,CL-456094,Кредит наличными,Партнёрская сеть,Приволжский,150000,2025-05-24 08:55:00,CRM,false
APP-202676,CL-444704,Кредит наличными,Партнёрская сеть,Южный,800000,2025-07-20 09:27:00,АБС,false
APP-200810,CL-443474,Кредит наличными,Мобильное приложение,Северо-Западный,150000,2025-06-29 08:02:00,АБС,false
APP-203166,CL-417250,Кредит наличными,Отделение,Приволжский,1200000,2025-05-02 11:36:00,АБС,false
APP-203266,CL-438372,Автокредит,Партнёрская сеть,Центральный,2500000,2025-06-23 18:13:00,АБС,false
APP-200600,CL-451922,Кредитная карта,Отделение,Центральный,300000,2025-03-30 10:50:00,CRM,false
APP-200205,CL-445294,Кредитная карта,Мобильное приложение,Сибирский,2500000,2025-06-10 12:47:00,АБС,false
APP-202329,CL-447548,Кредит наличными,Партнёрская сеть,Приволжский,300000,2025-02-27 11:58:00,АБС,false
APP-201607,CL-446192,Автокредит,Партнёрская сеть,Приволжский,800000,2025-06-01 12:51:00,CRM,false
APP-201357,CL-423411,Кредитная карта,Партнёрская сеть,Центральный,150000,2025-02-11 17:42:00,АБС,false
APP-203010,CL-454836,Кредит для бизнеса,Мобильное приложение,Центральный,5000000,2025-04-08 18:17:00,АБС,false
APP-201495,CL-428771,Кредитная карта,Отделение,Южный,150000,2025-06-07 17:04:00,АБС,false
APP-203288,CL-413826,Кредит наличными,Отделение,Центральный,800000,2025-08-01 16:06:00,АБС,false
APP-200102,CL-410248,Автокредит,Корпоративный менеджер,Приволжский,800000,2025-01-11 12:42:00,CRM,false
APP-201399,CL-449650,Кредит наличными,Отделение,Северо-Западный,1200000,2025-01-20 17:32:00,АБС,false
APP-203547,CL-442483,Кредитная карта,Мобильное приложение,Северо-Западный,300000,2025-02-24 14:04:00,АБС,false
APP-201305,CL-410341,Кредитная карта,Мобильное приложение,Северо-Западный,800000,2025-05-07 19:23:00,CRM,false
APP-200463,CL-410917,Кредит наличными,Отделение,Сибирский,800000,2025-04-16 09:08:00,АБС,false
APP-201214,CL-447194,Кредитная карта,Мобильное приложение,Сибирский,2500000,2025-05-24 09:10:00,CRM,false
APP-201599,CL-442311,Кредитная карта,Партнёрская сеть,Приволжский,800000,2025-05-02 14:55:00,АБС,false
APP-201727,CL-417195,Кредит для бизнеса,Корпоративный менеджер,Южный,500000,2025-05-12 15:10:00,АБС,false
APP-202629,CL-448334,Кредит для бизнеса,Отделение,Сибирский,800000,2025-04-16 14:52:00,АБС,false
APP-202729,CL-415493,Кредит наличными,Мобильное приложение,Приволжский,800000,2025-07-25 13:57:00,CRM,false
APP-203146,CL-421377,Кредитная карта,Мобильное приложение,Сибирский,300000,2025-05-26 09:13:00,АБС,false
APP-203464,CL-436599,Кредит для бизнеса,Партнёрская сеть,Центральный,500000,2025-07-21 15:12:00,АБС,false
APP-200422,CL-417643,Кредит для бизнеса,Отделение,Северо-Западный,800000,2025-01-24 15:25:00,CRM,false
APP-203350,CL-430658,Кредитная карта,Партнёрская сеть,Центральный,800000,2025-03-15 14:50:00,CRM,false
APP-202386,CL-418483,Кредит наличными,Отделение,Северо-Западный,2500000,2025-06-05 17:15:00,CRM,false
APP-201114,CL-445880,Кредит наличными,Мобильное приложение,Приволжский,1200000,2025-03-22 08:51:00,CRM,false
APP-202364,CL-403587,Кредит наличными,Корпоративный менеджер,Центральный,5000000,2025-02-05 12:45:00,АБС,false
APP-202654,CL-440433,Кредит наличными,Корпоративный менеджер,Северо-Западный,2500000,2025-06-16 13:02:00,АБС,false
APP-200780,CL-452218,Кредит наличными,Отделение,Центральный,300000,2025-02-15 08:26:00,CRM,false
APP-201804,CL-421658,Кредит наличными,Партнёрская сеть,Сибирский,800000,2025-03-10 10:11:00,АБС,false
APP-200419,CL-435391,Кредит наличными,Отделение,Приволжский,800000,2025-07-16 11:43:00,CRM,false
APP-200622,CL-420595,Кредит наличными,Отделение,Сибирский,300000,2025-04-05 12:54:00,CRM,false
APP-200386,CL-411964,Автокредит,Мобильное приложение,Северо-Западный,500000,2025-03-08 09:30:00,АБС,false
APP-200590,CL-440796,Кредит наличными,Отделение,Сибирский,5000000,2025-02-28 14:44:00,АБС,false
APP-202904,CL-431912,Кредит наличными,Корпоративный менеджер,Приволжский,2500000,2025-06-30 15:00:00,CRM,false
APP-201193,CL-420565,Кредит наличными,Отделение,Центральный,1200000,2025-06-02 13:00:00,АБС,false
APP-201954,CL-447163,Кредитная карта,Мобильное приложение,Приволжский,150000,2025-03-22 14:13:00,АБС,false
APP-202985,CL-426761,Кредит наличными,Партнёрская сеть,Приволжский,800000,2025-05-06 11:59:00,CRM,false
APP-201699,CL-457770,Автокредит,Партнёрская сеть,Центральный,2500000,2025-07-31 16:31:00,АБС,false
APP-201093,CL-431406,Кредит наличными,Мобильное приложение,Северо-Западный,5000000,2025-05-05 13:23:00,CRM,false
APP-202441,CL-424173,Автокредит,Мобильное приложение,Сибирский,150000,2025-01-23 15:39:00,CRM,false
APP-201202,CL-TEST,Кредит наличными,Партнёрская сеть,Центральный,800000,2025-03-27 14:41:00,АБС,true
APP-202611,CL-422695,Кредит наличными,Мобильное приложение,Северо-Западный,500000,2025-04-29 17:07:00,АБС,false
APP-201956,CL-413395,Автокредит,Партнёрская сеть,Сибирский,300000,2025-03-23 14:15:00,CRM,false
APP-202305,CL-433415,Кредитная карта,Отделение,Приволжский,500000,2025-03-26 17:48:00,АБС,false
APP-202646,CL-437434,Кредит наличными,Корпоративный менеджер,Приволжский,150000,2025-05-21 14:01:00,АБС,false
APP-201147,CL-427916,Кредит наличными,Мобильное приложение,Южный,800000,2025-05-13 16:22:00,CRM,false
APP-200066,CL-416527,Кредитная карта,Корпоративный менеджер,Южный,1200000,2025-07-09 17:27:00,АБС,false
APP-201692,CL-447582,Кредит наличными,Корпоративный менеджер,Центральный,500000,2025-04-25 13:42:00,CRM,false
APP-202531,CL-409944,Кредит наличными,Корпоративный менеджер,Приволжский,2500000,2025-02-25 18:39:00,АБС,false
APP-201978,CL-430824,Автокредит,Мобильное приложение,Сибирский,5000000,2025-06-30 13:58:00,АБС,false
APP-202505,CL-455691,Автокредит,Отделение,Приволжский,150000,2025-06-10 10:28:00,CRM,false
APP-200978,CL-407798,Кредит наличными,Партнёрская сеть,Северо-Западный,500000,2025-03-20 14:51:00,АБС,false
APP-201458,CL-452774,Кредит наличными,Партнёрская сеть,Северо-Западный,150000,2025-01-06 14:11:00,CRM,false
APP-202560,CL-416798,Кредит для бизнеса,Отделение,Центральный,5000000,2025-01-21 16:22:00,CRM,false
APP-200765,CL-429827,Кредитная карта,Мобильное приложение,Приволжский,800000,2025-05-16 13:01:00,АБС,false
APP-203258,CL-427019,Кредитная карта,Отделение,Северо-Западный,2500000,2025-01-31 17:20:00,CRM,false
APP-201970,CL-438247,Кредитная карта,Мобильное приложение,Сибирский,150000,2025-07-30 11:49:00,CRM,false
APP-203330,CL-444970,Кредитная карта,Отделение,Приволжский,150000,2025-07-02 08:15:00,АБС,false
APP-201050,CL-454665,Автокредит,Мобильное приложение,Приволжский,5000000,2025-03-30 12:43:00,АБС,false
APP-201000,CL-406103,Кредит наличными,Партнёрская сеть,Приволжский,150000,2025-03-17 09:06:00,АБС,false
APP-203201,CL-404049,Автокредит,Мобильное приложение,Центральный,5000000,2025-02-28 12:33:00,CRM,false
APP-202034,CL-437636,Кредит для бизнеса,Мобильное приложение,Центральный,5000000,2025-04-10 17:17:00,CRM,false
APP-202597,CL-459985,Кредит наличными,Корпоративный менеджер,Сибирский,2500000,2025-02-14 16:46:00,АБС,false
APP-201795,CL-453997,Кредитная карта,Отделение,Приволжский,2500000,2025-05-11 14:34:00,CRM,false
APP-201850,CL-414742,Автокредит,Партнёрская сеть,Северо-Западный,5000000,2025-02-12 11:34:00,CRM,false
APP-200333,CL-428179,Автокредит,Мобильное приложение,Приволжский,300000,2025-01-19 19:38:00,АБС,false
APP-200280,CL-442556,Автокредит,Партнёрская сеть,Приволжский,300000,2025-07-10 09:44:00,АБС,false
APP-203297,CL-455950,Кредит наличными,Отделение,Центральный,800000,2025-03-17 12:14:00,АБС,false
APP-200065,CL-459682,Автокредит,Мобильное приложение,Центральный,150000,2025-01-12 10:35:00,АБС,false
APP-202400,CL-411283,Кредит наличными,Мобильное приложение,Приволжский,300000,2025-01-22 19:58:00,АБС,false
APP-200446,CL-451168,Кредитная карта,Мобильное приложение,Центральный,800000,2025-05-08 08:18:00,АБС,false
APP-200314,CL-446928,Кредит наличными,Партнёрская сеть,Северо-Западный,150000,2025-06-19 16:24:00,АБС,false
APP-202649,CL-429239,Кредитная карта,Отделение,Южный,1200000,2025-08-01 19:57:00,АБС,false
APP-202017,CL-458175,Кредит для бизнеса,Мобильное приложение,Южный,150000,2025-07-05 11:53:00,АБС,false
APP-200432,CL-426272,Кредит наличными,Партнёрская сеть,Приволжский,2500000,2025-04-24 19:26:00,CRM,false
APP-201210,CL-437500,Кредит наличными,Корпоративный менеджер,Северо-Западный,5000000,2025-04-18 09:43:00,АБС,false
APP-201008,CL-454166,Кредит для бизнеса,Мобильное приложение,Сибирский,500000,2025-05-17 10:12:00,АБС,false
APP-201604,CL-459303,Автокредит,Отделение,Приволжский,5000000,2025-07-13 15:51:00,CRM,false
APP-203194,CL-422486,Кредит наличными,Партнёрская сеть,Южный,800000,2025-06-11 17:45:00,CRM,false
APP-202409,CL-426427,Кредит наличными,Корпоративный менеджер,Южный,300000,2025-03-05 16:35:00,CRM,false
APP-202384,CL-441788,Кредит наличными,Отделение,Южный,500000,2025-04-04 12:14:00,CRM,false
APP-203382,CL-450632,Кредитная карта,Отделение,Северо-Западный,150000,2025-07-25 14:53:00,АБС,false
APP-200882,CL-429941,Кредитная карта,Мобильное приложение,Приволжский,300000,2025-03-16 09:11:00,АБС,false
APP-203565,CL-404333,Кредит наличными,Отделение,Центральный,300000,2025-08-03 10:39:00,АБС,false
APP-203392,CL-405949,Кредитная карта,Партнёрская сеть,Центральный,150000,2025-01-20 19:45:00,АБС,false
APP-201729,CL-419812,Автокредит,Мобильное приложение,Центральный,800000,2025-04-18 14:25:00,АБС,false
APP-201030,CL-434012,Кредит наличными,Корпоративный менеджер,Приволжский,1200000,2025-02-21 16:26:00,CRM,false
APP-201785,CL-429451,Кредит наличными,Корпоративный менеджер,Северо-Западный,800000,2025-01-18 13:07:00,АБС,false
APP-202861,CL-416179,Кредит для бизнеса,Мобильное приложение,Центральный,1200000,2025-07-26 10:34:00,АБС,false
APP-201991,CL-403853,Кредитная карта,Корпоративный менеджер,Северо-Западный,5000000,2025-03-19 10:03:00,АБС,false
APP-200522,CL-401095,Кредит для бизнеса,Мобильное приложение,Центральный,2500000,2025-01-25 18:53:00,CRM,false
APP-201646,CL-457033,Кредитная карта,Отделение,Сибирский,1200000,2025-04-24 08:45:00,АБС,false
APP-202604,CL-415542,Кредит для бизнеса,Мобильное приложение,Южный,2500000,2025-06-12 17:10:00,АБС,false
APP-202972,CL-404921,Кредит наличными,Корпоративный менеджер,Центральный,2500000,2025-04-03 18:43:00,АБС,false
APP-202911,CL-421659,Кредит наличными,Корпоративный менеджер,Южный,800000,2025-07-08 18:17:00,CRM,false
APP-203444,CL-442526,Кредит наличными,Мобильное приложение,Приволжский,2500000,2025-01-26 12:34:00,АБС,false
APP-200466,CL-454700,Кредит наличными,Мобильное приложение,Центральный,2500000,2025-03-22 13:38:00,CRM,false
APP-200884,CL-423220,Кредит наличными,Партнёрская сеть,Южный,5000000,2025-07-09 14:24:00,АБС,false
APP-203046,CL-411130,Кредитная карта,Мобильное приложение,Сибирский,300000,2025-02-06 16:17:00,АБС,false
APP-201120,CL-423811,Кредит для бизнеса,Партнёрская сеть,Сибирский,1200000,2025-04-22 14:10:00,АБС,false
APP-200998,CL-418267,Кредитная карта,Отделение,Центральный,800000,2025-04-27 15:04:00,АБС,false
APP-201762,CL-427380,Кредит наличными,Отделение,Приволжский,5000000,2025-06-22 12:44:00,АБС,false
APP-201105,CL-437160,Кредитная карта,Мобильное приложение,Приволжский,800000,2025-04-15 08:43:00,АБС,false
APP-202929,CL-404459,Кредит для бизнеса,Корпоративный менеджер,Сибирский,300000,2025-03-23 14:38:00,АБС,false
APP-201615,CL-403455,Кредит для бизнеса,Отделение,Северо-Западный,800000,2025-04-16 17:39:00,АБС,false
APP-202303,CL-406561,Кредит для бизнеса,Мобильное приложение,Сибирский,5000000,2025-01-17 10:35:00,АБС,false
APP-202227,CL-405025,Кредит для бизнеса,Отделение,Южный,1200000,2025-07-13 17:18:00,CRM,false
APP-202801,CL-457956,Кредит наличными,Отделение,Центральный,1200000,2025-07-01 13:06:00,АБС,false
APP-203115,CL-401263,Кредит для бизнеса,Отделение,Центральный,5000000,2025-04-16 15:46:00,АБС,false
APP-202623,CL-423173,Кредит наличными,Отделение,Сибирский,800000,2025-06-05 09:25:00,АБС,false
APP-202040,CL-438580,Кредит наличными,Партнёрская сеть,Сибирский,500000,2025-04-05 16:31:00,CRM,false
APP-203578,CL-431516,Автокредит,Мобильное приложение,Северо-Западный,5000000,2025-04-13 18:15:00,CRM,false
APP-202154,CL-417951,Автокредит,Мобильное приложение,Южный,800000,2025-06-21 11:01:00,АБС,false
APP-202390,CL-439357,Кредитная карта,Мобильное приложение,Центральный,800000,2025-04-01 09:41:00,CRM,false
APP-203407,CL-441595,Кредитная карта,Мобильное приложение,Северо-Западный,5000000,2025-07-20 16:00:00,АБС,false
APP-203598,CL-412290,Кредит для бизнеса,Отделение,Южный,300000,2025-06-09 08:44:00,АБС,false
APP-203550,CL-453885,Автокредит,Партнёрская сеть,Северо-Западный,2500000,2025-02-02 16:57:00,АБС,false
APP-202822,CL-447517,Кредит для бизнеса,Партнёрская сеть,Приволжский,300000,2025-05-17 09:17:00,CRM,false
APP-200123,CL-413950,Кредит наличными,Мобильное приложение,Южный,2500000,2025-03-09 18:27:00,CRM,false
APP-202542,CL-427810,Кредит для бизнеса,Корпоративный менеджер,Северо-Западный,5000000,2025-03-05 10:02:00,АБС,false
APP-201542,CL-435038,Кредит наличными,Отделение,Приволжский,500000,2025-04-18 15:07:00,АБС,false
APP-200705,CL-448528,Кредит наличными,Партнёрская сеть,Южный,150000,2025-04-16 14:27:00,АБС,false
APP-202993,CL-423734,Кредитная карта,Отделение,Сибирский,5000000,2025-07-05 15:46:00,АБС,false
APP-200676,CL-435018,Кредит наличными,Корпоративный менеджер,Приволжский,800000,2025-05-21 15:20:00,CRM,false
APP-200775,CL-449855,Кредитная карта,Корпоративный менеджер,Южный,5000000,2025-07-23 16:47:00,АБС,false
APP-202369,CL-443838,Автокредит,Мобильное приложение,Северо-Западный,1200000,2025-02-24 12:00:00,CRM,false
APP-202083,CL-435144,Автокредит,Мобильное приложение,Северо-Западный,5000000,2025-06-25 08:16:00,CRM,false
APP-200633,CL-403259,Кредит наличными,Корпоративный менеджер,Северо-Западный,5000000,2025-04-01 11:20:00,CRM,false
APP-202245,CL-410358,Кредитная карта,Корпоративный менеджер,Центральный,300000,2025-06-17 17:59:00,АБС,false
APP-202659,CL-400300,Кредитная карта,Отделение,Северо-Западный,5000000,2025-01-13 08:47:00,АБС,false
APP-203586,CL-455710,Кредит для бизнеса,Отделение,Центральный,5000000,2025-05-19 09:35:00,АБС,false
APP-201817,CL-440649,Кредит наличными,Корпоративный менеджер,Центральный,500000,2025-03-21 14:50:00,CRM,false
APP-202668,CL-458108,Кредит для бизнеса,Мобильное приложение,Южный,300000,2025-07-26 15:54:00,АБС,false
APP-200151,CL-449240,Кредитная карта,Корпоративный менеджер,Приволжский,500000,2025-07-02 09:04:00,АБС,false
APP-203121,CL-410093,Кредитная карта,Мобильное приложение,Южный,1200000,2025-01-06 08:55:00,CRM,false
APP-202664,CL-450899,Кредит наличными,Мобильное приложение,Центральный,500000,2025-05-22 12:15:00,АБС,false
APP-201876,CL-400253,Кредитная карта,Мобильное приложение,Центральный,150000,2025-05-03 13:16:00,АБС,false
APP-201725,CL-411260,Кредитная карта,Партнёрская сеть,Южный,5000000,2025-06-25 11:52:00,CRM,false
APP-202038,CL-435440,Кредит для бизнеса,Мобильное приложение,Центральный,500000,2025-03-13 13:10:00,CRM,false
APP-201250,CL-406844,Кредит для бизнеса,Мобильное приложение,Центральный,800000,2025-03-18 19:02:00,АБС,false
APP-201548,CL-414600,Кредитная карта,Мобильное приложение,Северо-Западный,2500000,2025-05-25 16:06:00,АБС,false
APP-201750,CL-421016,Автокредит,Отделение,Приволжский,150000,2025-01-07 08:05:00,CRM,false
APP-200793,CL-445347,Кредит наличными,Мобильное приложение,Приволжский,5000000,2025-01-16 18:38:00,АБС,false
APP-202793,CL-440046,Кредитная карта,Отделение,Северо-Западный,1200000,2025-07-16 09:52:00,АБС,false
APP-201206,CL-456322,Кредитная карта,Отделение,Центральный,300000,2025-05-09 16:21:00,АБС,false
APP-202711,CL-416921,Кредит наличными,Мобильное приложение,Сибирский,2500000,2025-06-08 09:32:00,CRM,false
APP-201039,CL-440781,Кредит для бизнеса,Мобильное приложение,Приволжский,800000,2025-06-12 19:45:00,АБС,false
APP-202512,CL-450337,Кредитная карта,Партнёрская сеть,Сибирский,2500000,2025-08-01 19:48:00,CRM,false
APP-201064,CL-454536,Кредит наличными,Мобильное приложение,Центральный,300000,2025-02-05 18:36:00,CRM,false
APP-200839,CL-448920,Кредитная карта,Отделение,Южный,150000,2025-04-24 11:54:00,CRM,false
APP-200111,CL-411996,Кредитная карта,Партнёрская сеть,Приволжский,2500000,2025-05-05 12:15:00,CRM,false
APP-202184,CL-454729,Кредитная карта,Мобильное приложение,Южный,1200000,2025-03-10 09:34:00,АБС,false
APP-203084,CL-431901,Кредитная карта,Мобильное приложение,Приволжский,800000,2025-05-19 18:08:00,CRM,false
APP-200713,CL-406500,Автокредит,Корпоративный менеджер,Приволжский,300000,2025-03-29 19:59:00,CRM,false
APP-202079,CL-450114,Кредит наличными,Отделение,Центральный,500000,2025-07-01 09:10:00,CRM,false
APP-201383,CL-414598,Кредит наличными,Корпоративный менеджер,Сибирский,300000,2025-06-01 16:48:00,АБС,false
APP-202025,CL-428468,Кредитная карта,Мобильное приложение,Приволжский,5000000,2025-03-18 11:36:00,АБС,false
APP-202830,CL-400916,Кредит для бизнеса,Отделение,Приволжский,300000,2025-03-31 18:31:00,CRM,false
APP-201689,CL-446904,Кредит для бизнеса,Партнёрская сеть,Южный,300000,2025-02-12 15:29:00,АБС,false
APP-200234,CL-445234,Автокредит,Отделение,Приволжский,2500000,2025-04-02 19:49:00,CRM,false
APP-203496,CL-451365,Кредитная карта,Отделение,Центральный,300000,2025-06-11 10:51:00,АБС,false
APP-200297,CL-454625,Кредитная карта,Партнёрская сеть,Южный,800000,2025-02-21 11:26:00,АБС,false
APP-203298,CL-424850,Кредит наличными,Отделение,Южный,500000,2025-04-16 13:35:00,АБС,false
APP-203178,CL-430410,Кредит для бизнеса,Корпоративный менеджер,Приволжский,300000,2025-02-27 08:57:00,CRM,false
APP-201920,CL-440252,Кредитная карта,Отделение,Северо-Западный,1200000,2025-06-30 15:06:00,CRM,false
APP-200062,CL-449557,Кредитная карта,Мобильное приложение,Приволжский,5000000,2025-03-10 08:42:00,CRM,false
APP-201847,CL-TEST,Кредитная карта,Партнёрская сеть,Сибирский,1200000,2025-02-19 11:54:00,CRM,true
APP-203426,CL-412316,Кредит для бизнеса,Отделение,Южный,2500000,2025-05-31 18:58:00,CRM,false
APP-200228,CL-442784,Кредит для бизнеса,Партнёрская сеть,Приволжский,2500000,2025-01-16 16:37:00,АБС,false
APP-201086,CL-446129,Кредит для бизнеса,Мобильное приложение,Центральный,1200000,2025-01-14 11:47:00,CRM,false
APP-202740,CL-439246,Кредит для бизнеса,Корпоративный менеджер,Северо-Западный,5000000,2025-06-10 14:22:00,CRM,false
APP-200964,CL-404549,Кредитная карта,Мобильное приложение,Северо-Западный,800000,2025-04-12 13:15:00,АБС,false
APP-202561,CL-416319,Кредит наличными,Отделение,Приволжский,150000,2025-05-23 15:44:00,АБС,false
APP-201231,CL-452639,Кредит наличными,Партнёрская сеть,Приволжский,1200000,2025-03-17 17:02:00,АБС,false
APP-202675,CL-437488,Кредитная карта,Партнёрская сеть,Северо-Западный,800000,2025-01-17 14:53:00,АБС,false
APP-203088,CL-402658,Кредитная карта,Корпоративный менеджер,Сибирский,800000,2025-05-06 15:00:00,CRM,false
APP-202343,CL-401098,Кредит наличными,Мобильное приложение,Центральный,5000000,2025-04-11 14:56:00,АБС,false
APP-203422,CL-406670,Кредит наличными,Мобильное приложение,Северо-Западный,800000,2025-07-13 16:05:00,CRM,false
APP-200181,CL-444701,Кредит наличными,Партнёрская сеть,Центральный,300000,2025-06-24 19:58:00,АБС,false
APP-201037,CL-435098,Автокредит,Мобильное приложение,Приволжский,1200000,2025-02-07 10:34:00,АБС,false
APP-200380,CL-449895,Кредит для бизнеса,Мобильное приложение,Южный,800000,2025-06-28 09:21:00,CRM,false
APP-203119,CL-454292,Кредит наличными,Корпоративный менеджер,Центральный,500000,2025-02-27 13:02:00,CRM,false
APP-202938,CL-402706,Кредит наличными,Партнёрская сеть,Центральный,2500000,2025-03-20 12:38:00,АБС,false
APP-201659,CL-454283,Кредит наличными,Отделение,Центральный,150000,2025-05-22 08:17:00,CRM,false
APP-203449,CL-420581,Автокредит,Корпоративный менеджер,Центральный,800000,2025-01-27 10:47:00,CRM,false
APP-200970,CL-427607,Кредитная карта,Отделение,Северо-Западный,5000000,2025-06-05 12:07:00,CRM,false
APP-202620,CL-413223,Кредитная карта,Корпоративный менеджер,Южный,300000,2025-05-29 10:40:00,АБС,false
APP-203461,CL-447178,Кредит для бизнеса,Партнёрская сеть,Южный,500000,2025-04-23 10:05:00,CRM,false
APP-201421,CL-439176,Автокредит,Мобильное приложение,Приволжский,150000,2025-03-20 13:20:00,CRM,false
APP-203594,CL-453194,Кредит наличными,Партнёрская сеть,Центральный,1200000,2025-02-06 18:54:00,CRM,false
APP-201415,CL-438840,Кредит для бизнеса,Мобильное приложение,Центральный,500000,2025-05-27 09:01:00,АБС,false
APP-203287,CL-438859,Кредит наличными,Корпоративный менеджер,Приволжский,300000,2025-07-14 18:35:00,АБС,false
APP-200184,CL-440274,Кредит для бизнеса,Мобильное приложение,Приволжский,5000000,2025-05-06 16:37:00,АБС,false
APP-202454,CL-436971,Кредитная карта,Отделение,Северо-Западный,800000,2025-01-09 13:37:00,CRM,false
APP-200471,CL-431371,Кредит для бизнеса,Партнёрская сеть,Южный,5000000,2025-04-09 16:03:00,CRM,false
APP-201369,CL-436284,Кредит для бизнеса,Отделение,Сибирский,500000,2025-03-12 14:54:00,CRM,false
APP-201582,CL-411768,Кредит для бизнеса,Мобильное приложение,Приволжский,800000,2025-03-04 10:44:00,CRM,false
APP-203006,CL-404431,Кредит наличными,Партнёрская сеть,Южный,1200000,2025-07-16 08:24:00,CRM,false
APP-200945,CL-407288,Кредит наличными,Мобильное приложение,Южный,300000,2025-05-05 12:09:00,CRM,false
APP-201711,CL-454191,Автокредит,Мобильное приложение,Приволжский,5000000,2025-07-13 08:57:00,АБС,false
APP-203161,CL-456638,Кредит наличными,Корпоративный менеджер,Приволжский,2500000,2025-05-07 11:39:00,АБС,false
APP-202269,CL-442422,Кредитная карта,Отделение,Северо-Западный,800000,2025-06-09 16:35:00,АБС,false
APP-200969,CL-450538,Кредитная карта,Отделение,Сибирский,2500000,2025-07-31 14:03:00,АБС,false
APP-201178,CL-412188,Автокредит,Партнёрская сеть,Центральный,5000000,2025-04-08 15:16:00,АБС,false
APP-202984,CL-451208,Кредит наличными,Партнёрская сеть,Южный,150000,2025-05-31 19:17:00,CRM,false
APP-200623,CL-443527,Кредитная карта,Партнёрская сеть,Южный,800000,2025-07-14 14:21:00,CRM,false
APP-202582,CL-450085,Кредитная карта,Мобильное приложение,Приволжский,1200000,2025-05-26 19:36:00,АБС,false
APP-203220,CL-428878,Кредит наличными,Корпоративный менеджер,Южный,800000,2025-07-26 19:48:00,АБС,false
APP-200266,CL-407169,Кредит наличными,Мобильное приложение,Приволжский,150000,2025-02-16 14:14:00,АБС,false
APP-201892,CL-417406,Кредит для бизнеса,Мобильное приложение,Центральный,2500000,2025-06-15 19:43:00,CRM,false
APP-201546,CL-411451,Кредит наличными,Мобильное приложение,Приволжский,5000000,2025-03-09 10:18:00,CRM,false
APP-201437,CL-451005,Кредит наличными,Отделение,Центральный,800000,2025-02-11 18:21:00,CRM,false
APP-202671,CL-419465,Кредитная карта,Мобильное приложение,Северо-Западный,300000,2025-03-12 17:53:00,АБС,false
APP-200564,CL-406064,Кредит наличными,Партнёрская сеть,Центральный,500000,2025-01-07 16:43:00,CRM,false
APP-202795,CL-401896,Кредит наличными,Отделение,Центральный,800000,2025-02-08 19:22:00,CRM,false
APP-201515,CL-419433,Кредит наличными,Отделение,Сибирский,1200000,2025-06-07 09:51:00,CRM,false
APP-203202,CL-425983,Кредит для бизнеса,Мобильное приложение,Сибирский,2500000,2025-05-08 17:56:00,АБС,false
APP-201771,CL-444012,Кредит наличными,Партнёрская сеть,Южный,150000,2025-02-20 16:23:00,АБС,false
APP-202021,CL-450253,Кредитная карта,Мобильное приложение,Северо-Западный,800000,2025-01-11 17:02:00,CRM,false
APP-202721,CL-425882,Кредит для бизнеса,Отделение,Центральный,1200000,2025-05-09 19:04:00,CRM,false
APP-202635,CL-409551,Автокредит,Корпоративный менеджер,Южный,500000,2025-03-02 19:59:00,АБС,false
APP-203388,CL-415472,Кредит наличными,Отделение,Северо-Западный,800000,2025-04-22 18:53:00,CRM,false
APP-202451,CL-442846,Кредит наличными,Мобильное приложение,Северо-Западный,1200000,2025-07-28 17:36:00,CRM,false
APP-201541,CL-420793,Кредит наличными,Мобильное приложение,Сибирский,300000,2025-03-22 15:32:00,АБС,false
APP-201335,CL-436327,Кредит наличными,Мобильное приложение,Южный,1200000,2025-05-20 19:59:00,CRM,false
APP-200253,CL-416567,Кредит для бизнеса,Мобильное приложение,Сибирский,2500000,2025-07-22 16:09:00,АБС,false
APP-200106,CL-414777,Кредитная карта,Партнёрская сеть,Северо-Западный,1200000,2025-04-02 08:46:00,АБС,false
APP-200098,CL-411044,Кредитная карта,Отделение,Приволжский,2500000,2025-01-07 13:39:00,АБС,false
APP-200770,CL-429569,Автокредит,Мобильное приложение,Южный,150000,2025-04-12 15:34:00,CRM,false
APP-202544,CL-437631,Кредит наличными,Партнёрская сеть,Южный,150000,2025-01-12 13:08:00,CRM,false
APP-200803,CL-433142,Кредит наличными,Мобильное приложение,Приволжский,2500000,2025-06-17 10:26:00,CRM,false
APP-201740,CL-TEST,Кредит для бизнеса,Отделение,Сибирский,800000,2025-01-25 18:36:00,CRM,true
APP-203320,CL-422638,Кредит для бизнеса,Мобильное приложение,Южный,1200000,2025-02-01 16:32:00,АБС,false
APP-203376,CL-418668,Кредит наличными,Корпоративный менеджер,Южный,150000,2025-06-13 14:41:00,CRM,false
APP-201606,CL-458438,Кредит наличными,Корпоративный менеджер,Южный,300000,2025-06-02 11:03:00,АБС,false
APP-202936,CL-429490,Кредит наличными,Корпоративный менеджер,Сибирский,500000,2025-06-26 16:44:00,CRM,false
APP-202116,CL-440898,Кредит для бизнеса,Отделение,Центральный,500000,2025-04-30 08:39:00,CRM,false
APP-203034,CL-425469,Автокредит,Корпоративный менеджер,Южный,500000,2025-05-31 10:39:00,CRM,false
APP-202889,CL-400128,Кредит наличными,Партнёрская сеть,Центральный,150000,2025-03-20 08:23:00,АБС,false
APP-201973,CL-TEST,Кредит наличными,Отделение,Сибирский,1200000,2025-01-27 10:21:00,CRM,true
APP-200041,CL-426677,Кредит наличными,Мобильное приложение,Южный,1200000,2025-07-13 12:20:00,CRM,false
APP-201649,CL-443154,Кредитная карта,Партнёрская сеть,Центральный,500000,2025-02-07 10:14:00,CRM,false
APP-201585,CL-445194,Автокредит,Корпоративный менеджер,Центральный,500000,2025-01-26 12:42:00,CRM,false
APP-202293,CL-439164,Кредит наличными,Отделение,Приволжский,150000,2025-04-22 15:38:00,CRM,false
APP-202256,CL-441394,Кредитная карта,Мобильное приложение,Приволжский,1200000,2025-05-28 14:32:00,CRM,false
APP-200827,CL-448132,Кредитная карта,Отделение,Северо-Западный,800000,2025-05-01 18:17:00,АБС,false
APP-203527,CL-439195,Кредит наличными,Отделение,Южный,1200000,2025-05-17 17:21:00,CRM,false
APP-201170,CL-405861,Кредитная карта,Мобильное приложение,Центральный,500000,2025-04-26 13:35:00,АБС,false
APP-201952,CL-455871,Кредитная карта,Партнёрская сеть,Приволжский,150000,2025-01-20 10:41:00,АБС,false
APP-202645,CL-409418,Кредитная карта,Мобильное приложение,Южный,5000000,2025-03-12 18:53:00,АБС,false
APP-202046,CL-TEST,Кредитная карта,Корпоративный менеджер,Южный,300000,2025-02-13 15:48:00,CRM,true
APP-201465,CL-430308,Кредитная карта,Корпоративный менеджер,Центральный,800000,2025-01-09 11:52:00,АБС,false
APP-203238,CL-417028,Кредит наличными,Мобильное приложение,Центральный,2500000,2025-05-05 08:40:00,CRM,false
APP-200833,CL-449580,Кредитная карта,Мобильное приложение,Северо-Западный,300000,2025-04-01 13:44:00,CRM,false
APP-202540,CL-431756,Автокредит,Отделение,Приволжский,2500000,2025-02-10 15:00:00,АБС,false
APP-202669,CL-458534,Кредитная карта,Корпоративный менеджер,Центральный,1200000,2025-07-29 11:24:00,АБС,false
APP-201895,CL-443670,Кредитная карта,Отделение,Центральный,500000,2025-04-21 19:58:00,CRM,false
APP-203130,CL-420051,Автокредит,Мобильное приложение,Южный,5000000,2025-07-03 14:58:00,АБС,false
APP-201174,CL-435182,Кредит наличными,Корпоративный менеджер,Южный,300000,2025-07-01 17:14:00,АБС,false
APP-201990,CL-440911,Автокредит,Отделение,Центральный,300000,2025-04-21 14:25:00,АБС,false
APP-201232,CL-403405,Автокредит,Отделение,Северо-Западный,500000,2025-01-24 12:42:00,АБС,false
APP-202050,CL-428360,Кредитная карта,Отделение,Сибирский,300000,2025-05-20 13:19:00,АБС,false
APP-200103,CL-449532,Кредит наличными,Мобильное приложение,Центральный,2500000,2025-04-13 09:34:00,АБС,false
APP-202132,CL-429531,Кредитная карта,Мобильное приложение,Центральный,5000000,2025-04-18 19:26:00,АБС,false
APP-203434,CL-417475,Кредит для бизнеса,Корпоративный менеджер,Центральный,800000,2025-02-23 14:23:00,CRM,false
APP-202354,CL-445670,Кредит наличными,Корпоративный менеджер,Южный,800000,2025-03-29 11:36:00,CRM,false
APP-200124,CL-429309,Кредит для бизнеса,Отделение,Центральный,800000,2025-07-14 14:45:00,CRM,false
APP-202693,CL-441345,Кредит наличными,Отделение,Южный,300000,2025-06-04 16:35:00,АБС,false
APP-202122,CL-433672,Автокредит,Корпоративный менеджер,Сибирский,300000,2025-06-20 11:51:00,АБС,false
APP-202777,CL-445528,Кредит для бизнеса,Отделение,Северо-Западный,150000,2025-03-23 18:08:00,CRM,false
APP-201313,CL-436689,Кредитная карта,Мобильное приложение,Сибирский,2500000,2025-02-28 17:28:00,CRM,false
APP-200412,CL-412451,Кредитная карта,Мобильное приложение,Северо-Западный,2500000,2025-06-24 16:46:00,АБС,false
APP-201228,CL-421545,Автокредит,Партнёрская сеть,Северо-Западный,800000,2025-07-01 13:48:00,CRM,false
APP-202988,CL-408704,Кредит наличными,Партнёрская сеть,Центральный,2500000,2025-06-07 17:14:00,CRM,false
APP-201015,CL-429354,Автокредит,Мобильное приложение,Приволжский,800000,2025-01-16 09:49:00,CRM,false
APP-201433,CL-448457,Кредит наличными,Партнёрская сеть,Приволжский,2500000,2025-05-06 11:12:00,АБС,false
APP-200631,CL-422239,Кредит наличными,Партнёрская сеть,Приволжский,1200000,2025-06-01 12:20:00,АБС,false
APP-201150,CL-423405,Кредит наличными,Мобильное приложение,Центральный,500000,2025-07-10 09:23:00,АБС,false
APP-201142,CL-458482,Кредит для бизнеса,Партнёрская сеть,Сибирский,150000,2025-03-16 10:23:00,АБС,false
APP-200568,CL-434046,Кредит наличными,Отделение,Приволжский,150000,2025-02-20 12:33:00,CRM,false
APP-201137,CL-432648,Кредит наличными,Партнёрская сеть,Центральный,2500000,2025-02-23 12:23:00,АБС,false
APP-203055,CL-409417,Кредит наличными,Отделение,Южный,800000,2025-01-24 08:03:00,АБС,false
APP-200836,CL-440263,Кредит наличными,Мобильное приложение,Приволжский,800000,2025-07-13 18:43:00,АБС,false
APP-201038,CL-418322,Кредит для бизнеса,Отделение,Северо-Западный,150000,2025-03-02 15:58:00,CRM,false
APP-200381,CL-432015,Кредитная карта,Партнёрская сеть,Сибирский,1200000,2025-03-18 08:36:00,АБС,false
APP-200815,CL-416477,Кредитная карта,Мобильное приложение,Южный,5000000,2025-05-29 19:07:00,CRM,false
APP-200120,CL-410775,Кредит наличными,Отделение,Приволжский,5000000,2025-03-25 09:51:00,АБС,false
APP-200696,CL-431567,Кредитная карта,Корпоративный менеджер,Северо-Западный,800000,2025-03-20 09:16:00,CRM,false
APP-201696,CL-431740,Кредитная карта,Мобильное приложение,Южный,300000,2025-04-20 17:15:00,АБС,false
APP-202299,CL-TEST,Кредит наличными,Мобильное приложение,Сибирский,150000,2025-01-27 10:42:00,АБС,true
APP-201476,CL-439164,Автокредит,Отделение,Южный,500000,2025-06-20 13:00:00,CRM,false
APP-201965,CL-418420,Кредитная карта,Мобильное приложение,Сибирский,1200000,2025-06-03 15:52:00,АБС,false
APP-200785,CL-406055,Автокредит,Мобильное приложение,Приволжский,150000,2025-05-24 16:06:00,АБС,false
APP-200637,CL-457958,Кредитная карта,Корпоративный менеджер,Северо-Западный,300000,2025-02-24 14:10:00,АБС,false
APP-201510,CL-403458,Кредит наличными,Корпоративный менеджер,Южный,500000,2025-05-02 10:29:00,АБС,false
APP-203019,CL-454670,Кредит для бизнеса,Мобильное приложение,Центральный,300000,2025-03-14 15:36:00,CRM,false
APP-201936,CL-452651,Кредит наличными,Мобильное приложение,Сибирский,500000,2025-07-09 13:54:00,АБС,false
APP-202956,CL-436447,Кредит для бизнеса,Партнёрская сеть,Северо-Западный,500000,2025-07-21 12:17:00,CRM,false
APP-200142,CL-427367,Кредитная карта,Мобильное приложение,Центральный,5000000,2025-03-08 10:13:00,CRM,false
APP-202402,CL-422353,Кредитная карта,Мобильное приложение,Сибирский,300000,2025-04-28 17:35:00,АБС,false
APP-202705,CL-423432,Кредит наличными,Отделение,Центральный,1200000,2025-04-20 09:55:00,АБС,false
APP-201597,CL-418010,Кредитная карта,Мобильное приложение,Приволжский,300000,2025-06-07 15:40:00,CRM,false
APP-202285,CL-428342,Кредит для бизнеса,Отделение,Северо-Западный,500000,2025-05-21 10:29:00,CRM,false
APP-201949,CL-444782,Кредит для бизнеса,Отделение,Центральный,150000,2025-06-26 12:26:00,АБС,false
APP-203424,CL-430316,Кредит наличными,Корпоративный менеджер,Сибирский,150000,2025-04-19 13:41:00,АБС,false
APP-200562,CL-433242,Кредит для бизнеса,Мобильное приложение,Приволжский,300000,2025-01-15 18:36:00,CRM,false
APP-200892,CL-445727,Кредит наличными,Мобильное приложение,Приволжский,800000,2025-07-24 08:18:00,АБС,false
APP-202460,CL-TEST,Кредит для бизнеса,Отделение,Южный,5000000,2025-05-24 12:15:00,АБС,true
APP-201220,CL-429005,Кредит для бизнеса,Мобильное приложение,Центральный,800000,2025-07-24 09:42:00,CRM,false
APP-203385,CL-453833,Кредит наличными,Отделение,Южный,300000,2025-03-07 13:40:00,АБС,false
APP-200097,CL-425395,Кредит наличными,Отделение,Северо-Западный,500000,2025-04-10 12:03:00,АБС,false
APP-200313,CL-425799,Кредитная карта,Корпоративный менеджер,Южный,5000000,2025-06-29 15:13:00,АБС,false
APP-200292,CL-425560,Кредитная карта,Мобильное приложение,Приволжский,1200000,2025-02-07 16:09:00,АБС,false
APP-200576,CL-457178,Кредит для бизнеса,Мобильное приложение,Сибирский,800000,2025-03-03 14:43:00,CRM,false
APP-202832,CL-453479,Кредит наличными,Мобильное приложение,Центральный,500000,2025-04-01 09:04:00,CRM,false
APP-200418,CL-459025,Кредит для бизнеса,Корпоративный менеджер,Центральный,300000,2025-02-24 19:58:00,АБС,false
APP-202764,CL-458013,Кредит наличными,Партнёрская сеть,Северо-Западный,1200000,2025-07-13 18:55:00,АБС,false
APP-201168,CL-421407,Кредитная карта,Мобильное приложение,Центральный,800000,2025-05-02 08:10:00,CRM,false
APP-202301,CL-451611,Кредит наличными,Мобильное приложение,Северо-Западный,300000,2025-05-02 11:52:00,АБС,false
APP-202626,CL-433966,Кредит наличными,Партнёрская сеть,Приволжский,500000,2025-05-13 14:34:00,АБС,false
APP-200593,CL-TEST,Кредит наличными,Отделение,Приволжский,500000,2025-01-26 10:30:00,CRM,true
APP-203585,CL-432888,Кредитная карта,Мобильное приложение,Приволжский,2500000,2025-06-08 18:07:00,CRM,false
APP-202481,CL-443871,Кредитная карта,Корпоративный менеджер,Северо-Западный,500000,2025-05-15 15:30:00,CRM,false
APP-202650,CL-452543,Кредитная карта,Партнёрская сеть,Центральный,5000000,2025-01-28 17:58:00,АБС,false
APP-200193,CL-423193,Кредит для бизнеса,Партнёрская сеть,Южный,150000,2025-05-12 09:14:00,CRM,false
APP-203198,CL-454164,Кредит для бизнеса,Партнёрская сеть,Центральный,5000000,2025-07-28 12:35:00,АБС,false
APP-202750,CL-427721,Автокредит,Партнёрская сеть,Северо-Западный,800000,2025-01-10 15:00:00,АБС,false
APP-201217,CL-412982,Кредитная карта,Мобильное приложение,Южный,5000000,2025-06-02 19:06:00,АБС,false
APP-201390,CL-405843,Кредитная карта,Корпоративный менеджер,Приволжский,500000,2025-06-04 16:59:00,АБС,false
APP-203029,CL-428675,Кредитная карта,Партнёрская сеть,Приволжский,1200000,2025-01-12 12:45:00,CRM,false
APP-202469,CL-450244,Кредит наличными,Мобильное приложение,Северо-Западный,800000,2025-04-20 17:46:00,АБС,false
APP-200672,CL-421678,Кредитная карта,Партнёрская сеть,Северо-Западный,500000,2025-01-14 14:01:00,CRM,false
APP-201667,CL-443511,Кредит наличными,Корпоративный менеджер,Центральный,5000000,2025-05-20 13:26:00,АБС,false
APP-202752,CL-414602,Кредит наличными,Мобильное приложение,Центральный,2500000,2025-01-29 19:35:00,CRM,false
APP-203486,CL-425352,Кредитная карта,Отделение,Центральный,800000,2025-03-16 13:47:00,АБС,false
APP-201721,CL-444155,Кредит для бизнеса,Мобильное приложение,Центральный,1200000,2025-07-04 19:21:00,CRM,false
APP-203309,CL-402752,Автокредит,Отделение,Центральный,5000000,2025-07-31 10:56:00,АБС,false
APP-202462,CL-437150,Автокредит,Корпоративный менеджер,Северо-Западный,5000000,2025-03-29 08:50:00,АБС,false
APP-203173,CL-409915,Кредит наличными,Корпоративный менеджер,Северо-Западный,150000,2025-03-06 18:03:00,АБС,false
APP-201528,CL-442757,Кредит наличными,Партнёрская сеть,Сибирский,150000,2025-06-02 10:50:00,CRM,false
APP-200801,CL-458087,Кредит наличными,Партнёрская сеть,Приволжский,1200000,2025-06-08 18:01:00,АБС,false
APP-202694,CL-420564,Кредит наличными,Отделение,Центральный,5000000,2025-07-03 11:27:00,CRM,false
APP-200632,CL-434741,Кредит наличными,Мобильное приложение,Приволжский,5000000,2025-01-25 10:35:00,CRM,false
APP-201763,CL-400764,Автокредит,Мобильное приложение,Северо-Западный,2500000,2025-03-16 14:38:00,АБС,false
APP-200310,CL-410252,Кредит для бизнеса,Партнёрская сеть,Северо-Западный,150000,2025-04-09 19:32:00,CRM,false
APP-200113,CL-437193,Кредит наличными,Корпоративный менеджер,Центральный,300000,2025-05-18 11:26:00,АБС,false
APP-201141,CL-405054,Кредит для бизнеса,Мобильное приложение,Северо-Западный,2500000,2025-03-09 10:27:00,CRM,false
APP-203254,CL-416620,Кредит для бизнеса,Мобильное приложение,Центральный,150000,2025-06-01 14:02:00,АБС,false
APP-203048,CL-446902,Кредит для бизнеса,Мобильное приложение,Приволжский,800000,2025-01-13 08:04:00,АБС,false
APP-201148,CL-419867,Кредит для бизнеса,Отделение,Приволжский,5000000,2025-07-31 15:56:00,CRM,false
APP-200918,CL-459434,Кредит наличными,Отделение,Приволжский,5000000,2025-04-30 18:41:00,АБС,false
APP-200732,CL-423549,Автокредит,Партнёрская сеть,Южный,300000,2025-03-05 14:14:00,АБС,false
APP-200750,CL-459709,Автокредит,Отделение,Центральный,800000,2025-02-16 13:46:00,АБС,false
APP-201915,CL-440258,Кредит наличными,Отделение,Южный,1200000,2025-06-30 11:17:00,АБС,false
APP-202601,CL-416607,Автокредит,Партнёрская сеть,Центральный,5000000,2025-06-03 19:26:00,CRM,false
APP-203492,CL-427815,Кредит наличными,Отделение,Сибирский,500000,2025-02-23 12:26:00,CRM,false
APP-201840,CL-437414,Кредит для бизнеса,Партнёрская сеть,Центральный,800000,2025-02-10 11:34:00,CRM,false
APP-201488,CL-421448,Кредит наличными,Корпоративный менеджер,Приволжский,500000,2025-02-08 15:30:00,АБС,false
APP-202574,CL-413277,Автокредит,Партнёрская сеть,Южный,800000,2025-07-17 14:50:00,CRM,false
APP-201791,CL-424709,Кредитная карта,Корпоративный менеджер,Приволжский,150000,2025-02-19 15:36:00,CRM,false
APP-200509,CL-437380,Кредитная карта,Партнёрская сеть,Центральный,5000000,2025-06-01 10:31:00,АБС,false
APP-203035,CL-401916,Кредитная карта,Мобильное приложение,Южный,300000,2025-02-03 19:24:00,CRM,false
APP-200985,CL-423809,Кредит наличными,Отделение,Приволжский,2500000,2025-06-15 19:20:00,CRM,false
APP-201563,CL-401024,Кредит наличными,Отделение,Центральный,150000,2025-03-13 10:44:00,АБС,false
APP-202168,CL-413543,Автокредит,Отделение,Центральный,150000,2025-01-29 13:00:00,CRM,false
APP-200155,CL-409922,Автокредит,Партнёрская сеть,Северо-Западный,300000,2025-07-04 08:06:00,CRM,false
APP-200857,CL-435955,Кредит для бизнеса,Партнёрская сеть,Южный,150000,2025-05-26 08:16:00,CRM,false
APP-203541,CL-403245,Кредит для бизнеса,Корпоративный менеджер,Северо-Западный,500000,2025-06-08 12:35:00,CRM,false
APP-201051,CL-443750,Кредит для бизнеса,Отделение,Северо-Западный,800000,2025-03-25 14:02:00,АБС,false
APP-202324,CL-402611,Кредитная карта,Отделение,Приволжский,5000000,2025-03-26 19:44:00,АБС,false
APP-201145,CL-418937,Кредит наличными,Корпоративный менеджер,Центральный,5000000,2025-01-10 14:23:00,АБС,false
APP-201631,CL-451183,Кредит наличными,Партнёрская сеть,Сибирский,1200000,2025-05-16 14:51:00,АБС,false
APP-202935,CL-416786,Кредитная карта,Партнёрская сеть,Приволжский,300000,2025-01-25 13:15:00,АБС,false
APP-200762,CL-439395,Кредит для бизнеса,Отделение,Центральный,2500000,2025-04-12 12:06:00,АБС,false
APP-202425,CL-421711,Кредит наличными,Партнёрская сеть,Сибирский,800000,2025-07-18 19:41:00,CRM,false
APP-202642,CL-446686,Кредит наличными,Партнёрская сеть,Северо-Западный,800000,2025-03-11 17:11:00,CRM,false
APP-202198,CL-430249,Кредитная карта,Корпоративный менеджер,Приволжский,500000,2025-07-18 17:25:00,CRM,false
APP-201151,CL-422081,Кредит наличными,Отделение,Сибирский,2500000,2025-04-29 09:37:00,CRM,false
APP-201322,CL-400131,Кредит для бизнеса,Отделение,Центральный,1200000,2025-03-21 16:06:00,АБС,false
APP-200311,CL-428177,Автокредит,Корпоративный менеджер,Центральный,500000,2025-05-13 19:05:00,АБС,false
APP-200195,CL-444818,Кредит наличными,Партнёрская сеть,Центральный,800000,2025-05-28 15:20:00,АБС,false
APP-200955,CL-428200,Кредит для бизнеса,Отделение,Центральный,1200000,2025-05-18 09:21:00,АБС,false
APP-202943,CL-457065,Кредит наличными,Отделение,Центральный,1200000,2025-05-15 12:37:00,АБС,false
APP-200531,CL-400836,Кредит для бизнеса,Мобильное приложение,Центральный,5000000,2025-02-23 08:08:00,АБС,false
APP-203454,CL-433128,Кредит для бизнеса,Отделение,Южный,150000,2025-06-20 13:56:00,АБС,false
APP-201926,CL-458323,Кредитная карта,Партнёрская сеть,Центральный,500000,2025-02-23 17:10:00,АБС,false
APP-203122,CL-419620,Кредит для бизнеса,Отделение,Приволжский,150000,2025-04-25 12:00:00,АБС,false
APP-200930,CL-430505,Автокредит,Корпоративный менеджер,Центральный,800000,2025-06-21 10:27:00,АБС,false
APP-203530,CL-457650,Автокредит,Корпоративный менеджер,Сибирский,300000,2025-04-21 10:42:00,АБС,false
APP-202444,CL-439117,Кредитная карта,Мобильное приложение,Приволжский,1200000,2025-02-23 09:46:00,АБС,false
APP-202980,CL-423335,Кредитная карта,Корпоративный менеджер,Центральный,5000000,2025-05-28 14:14:00,CRM,false
APP-201683,CL-454350,Кредит для бизнеса,Партнёрская сеть,Сибирский,1200000,2025-01-29 10:33:00,АБС,false
APP-202341,CL-430259,Кредит наличными,Отделение,Сибирский,500000,2025-07-27 08:33:00,АБС,false
APP-200792,CL-445482,Автокредит,Отделение,Северо-Западный,500000,2025-03-28 16:41:00,CRM,false
APP-202241,CL-433799,Кредит наличными,Мобильное приложение,Центральный,500000,2025-05-27 16:06:00,CRM,false
APP-203349,CL-419546,Кредитная карта,Отделение,Сибирский,800000,2025-04-06 17:43:00,CRM,false
APP-202249,CL-410755,Кредит наличными,Отделение,Южный,5000000,2025-03-29 14:48:00,АБС,false
APP-201025,CL-432032,Кредит наличными,Партнёрская сеть,Северо-Западный,1200000,2025-04-26 18:05:00,АБС,false
APP-203162,CL-459064,Кредитная карта,Отделение,Южный,800000,2025-05-29 17:23:00,АБС,false
APP-203145,CL-436190,Кредит наличными,Отделение,Центральный,800000,2025-06-01 19:26:00,CRM,false
APP-200668,CL-407311,Кредит наличными,Партнёрская сеть,Центральный,5000000,2025-04-10 15:39:00,CRM,false
APP-201674,CL-423444,Кредит для бизнеса,Партнёрская сеть,Южный,2500000,2025-03-06 13:42:00,CRM,false
APP-202117,CL-410037,Кредит наличными,Отделение,Центральный,2500000,2025-06-07 19:36:00,CRM,false
APP-201680,CL-409987,Кредит наличными,Отделение,Приволжский,5000000,2025-03-05 18:01:00,АБС,false
APP-200942,CL-408989,Кредитная карта,Отделение,Сибирский,2500000,2025-04-23 13:14:00,CRM,false
APP-202647,CL-401592,Кредит наличными,Партнёрская сеть,Центральный,500000,2025-01-18 17:49:00,АБС,false
APP-203595,CL-443027,Кредит для бизнеса,Отделение,Центральный,5000000,2025-07-19 13:03:00,АБС,false
APP-200954,CL-407844,Автокредит,Отделение,Сибирский,300000,2025-04-10 17:20:00,АБС,false
APP-200244,CL-419435,Кредит для бизнеса,Отделение,Сибирский,800000,2025-06-12 14:47:00,CRM,false
APP-201684,CL-416316,Кредит для бизнеса,Корпоративный менеджер,Южный,2500000,2025-03-01 09:32:00,АБС,false
APP-200607,CL-412015,Кредит для бизнеса,Корпоративный менеджер,Центральный,2500000,2025-04-10 15:03:00,CRM,false
APP-201453,CL-419123,Кредит наличными,Отделение,Южный,5000000,2025-04-14 19:11:00,АБС,false
APP-202684,CL-406724,Автокредит,Мобильное приложение,Центральный,150000,2025-01-16 13:50:00,АБС,false
APP-201630,CL-442359,Кредит наличными,Мобильное приложение,Центральный,1200000,2025-05-17 16:54:00,АБС,false
APP-200907,CL-405424,Кредитная карта,Отделение,Сибирский,5000000,2025-06-13 18:04:00,АБС,false
APP-202147,CL-420187,Кредитная карта,Мобильное приложение,Южный,2500000,2025-04-22 13:55:00,АБС,false
APP-202679,CL-424785,Автокредит,Мобильное приложение,Северо-Западный,1200000,2025-05-07 11:00:00,CRM,false
APP-200552,CL-430593,Кредит наличными,Отделение,Центральный,5000000,2025-04-07 15:07:00,CRM,false
APP-200965,CL-448203,Кредит наличными,Отделение,Центральный,1200000,2025-08-03 19:47:00,АБС,false
APP-202621,CL-427809,Кредитная карта,Партнёрская сеть,Центральный,1200000,2025-07-11 17:42:00,АБС,false
APP-201561,CL-410765,Кредит наличными,Отделение,Сибирский,5000000,2025-05-20 10:54:00,АБС,false
APP-201884,CL-428630,Автокредит,Корпоративный менеджер,Сибирский,300000,2025-05-30 12:01:00,АБС,false
APP-203109,CL-417618,Кредит наличными,Мобильное приложение,Южный,1200000,2025-02-14 19:39:00,АБС,false
APP-201527,CL-425572,Кредит для бизнеса,Мобильное приложение,Южный,300000,2025-06-14 17:19:00,АБС,false
APP-200940,CL-414642,Кредит наличными,Партнёрская сеть,Южный,5000000,2025-05-26 11:48:00,АБС,false
APP-200243,CL-437455,Кредит наличными,Корпоративный менеджер,Приволжский,800000,2025-05-11 14:34:00,CRM,false
APP-200739,CL-417464,Кредит наличными,Партнёрская сеть,Центральный,800000,2025-06-03 08:36:00,CRM,false
APP-202600,CL-411542,Кредитная карта,Отделение,Приволжский,5000000,2025-03-01 11:20:00,АБС,false
APP-200056,CL-441827,Автокредит,Отделение,Южный,800000,2025-04-06 19:52:00,CRM,false
APP-203589,CL-425398,Кредит наличными,Мобильное приложение,Центральный,1200000,2025-07-18 17:57:00,CRM,false
APP-201959,CL-428832,Кредитная карта,Партнёрская сеть,Приволжский,2500000,2025-05-20 11:54:00,CRM,false
APP-202334,CL-450595,Кредит наличными,Партнёрская сеть,Центральный,300000,2025-06-18 19:33:00,АБС,false
APP-201812,CL-454527,Автокредит,Мобильное приложение,Центральный,1200000,2025-02-11 12:38:00,CRM,false
APP-200321,CL-447818,Кредит наличными,Отделение,Приволжский,2500000,2025-05-19 15:23:00,АБС,false
APP-202755,CL-459279,Кредит для бизнеса,Отделение,Центральный,800000,2025-07-19 10:21:00,АБС,false
APP-201677,CL-452348,Кредит для бизнеса,Мобильное приложение,Северо-Западный,300000,2025-07-02 10:58:00,АБС,false
APP-203446,CL-423427,Автокредит,Партнёрская сеть,Центральный,800000,2025-07-25 11:12:00,АБС,false
APP-200241,CL-439671,Кредит наличными,Отделение,Приволжский,2500000,2025-05-22 10:12:00,АБС,false
APP-202976,CL-436050,Кредит наличными,Мобильное приложение,Южный,1200000,2025-06-21 18:44:00,АБС,false
APP-201260,CL-425694,Кредит для бизнеса,Мобильное приложение,Сибирский,150000,2025-08-01 11:54:00,АБС,false
APP-203214,CL-424908,Кредит для бизнеса,Корпоративный менеджер,Центральный,5000000,2025-06-17 08:59:00,АБС,false
APP-202470,CL-436252,Кредит для бизнеса,Отделение,Приволжский,1200000,2025-06-15 10:34:00,CRM,false
APP-202216,CL-421746,Автокредит,Партнёрская сеть,Приволжский,800000,2025-05-20 13:19:00,АБС,false
APP-200288,CL-404538,Кредит для бизнеса,Отделение,Центральный,800000,2025-06-06 11:02:00,АБС,false
APP-200139,CL-410953,Кредит наличными,Мобильное приложение,Приволжский,800000,2025-05-31 15:03:00,АБС,false
APP-202981,CL-438031,Кредит наличными,Отделение,Сибирский,300000,2025-03-25 09:18:00,АБС,false
APP-201556,CL-417883,Автокредит,Мобильное приложение,Приволжский,2500000,2025-05-20 10:53:00,АБС,false
APP-200691,CL-426501,Кредит наличными,Отделение,Северо-Западный,800000,2025-03-03 16:48:00,CRM,false
APP-203471,CL-457739,Кредитная карта,Отделение,Приволжский,300000,2025-03-27 12:47:00,АБС,false
APP-202593,CL-441062,Кредит для бизнеса,Корпоративный менеджер,Приволжский,1200000,2025-04-12 10:13:00,АБС,false
APP-201326,CL-427193,Кредит наличными,Партнёрская сеть,Приволжский,800000,2025-05-16 16:08:00,CRM,false
APP-200483,CL-417632,Кредит наличными,Корпоративный менеджер,Центральный,5000000,2025-07-08 19:54:00,АБС,false
APP-200503,CL-451762,Кредит наличными,Мобильное приложение,Северо-Западный,800000,2025-05-07 11:10:00,CRM,false
APP-200496,CL-427129,Кредит для бизнеса,Партнёрская сеть,Сибирский,150000,2025-01-06 08:58:00,АБС,false
APP-200255,CL-459394,Автокредит,Отделение,Южный,2500000,2025-07-26 10:30:00,CRM,false
APP-200497,CL-456172,Кредит наличными,Мобильное приложение,Центральный,300000,2025-07-27 17:31:00,CRM,false
APP-200179,CL-403836,Кредит наличными,Отделение,Центральный,500000,2025-04-03 09:03:00,CRM,false
APP-202791,CL-414721,Кредит наличными,Отделение,Южный,150000,2025-07-08 10:02:00,АБС,false
APP-201401,CL-433593,Кредитная карта,Мобильное приложение,Приволжский,5000000,2025-07-01 09:13:00,CRM,false
APP-200218,CL-445427,Автокредит,Мобильное приложение,Северо-Западный,2500000,2025-02-12 14:39:00,АБС,false
APP-201116,CL-442802,Кредитная карта,Отделение,Центральный,150000,2025-06-12 14:02:00,АБС,false
APP-202952,CL-442086,Кредитная карта,Партнёрская сеть,Центральный,5000000,2025-03-08 17:45:00,АБС,false
APP-201133,CL-432615,Кредит наличными,Партнёрская сеть,Южный,500000,2025-01-15 09:12:00,АБС,false
APP-202564,CL-438299,Кредит для бизнеса,Партнёрская сеть,Южный,800000,2025-06-07 14:51:00,CRM,false
APP-200302,CL-411808,Кредит наличными,Отделение,Приволжский,150000,2025-03-15 11:54:00,АБС,false
APP-201507,CL-419261,Кредит наличными,Партнёрская сеть,Центральный,150000,2025-07-30 15:28:00,АБС,false
APP-200693,CL-406796,Кредитная карта,Мобильное приложение,Центральный,150000,2025-04-19 10:14:00,АБС,false
APP-203032,CL-452798,Кредитная карта,Мобильное приложение,Центральный,1200000,2025-07-05 15:25:00,CRM,false
APP-202295,CL-439257,Кредит наличными,Мобильное приложение,Центральный,500000,2025-03-23 19:53:00,CRM,false
APP-202624,CL-433554,Кредит для бизнеса,Корпоративный менеджер,Южный,1200000,2025-03-03 17:36:00,АБС,false
APP-200251,CL-454859,Кредит для бизнеса,Мобильное приложение,Центральный,5000000,2025-02-18 10:23:00,АБС,false
APP-202100,CL-455582,Автокредит,Мобильное приложение,Северо-Западный,1200000,2025-06-04 17:33:00,CRM,false
APP-201184,CL-403405,Кредит наличными,Корпоративный менеджер,Южный,500000,2025-02-03 18:54:00,CRM,false
APP-200250,CL-456668,Автокредит,Партнёрская сеть,Приволжский,1200000,2025-01-24 09:52:00,CRM,false
APP-200649,CL-427038,Кредит для бизнеса,Мобильное приложение,Сибирский,5000000,2025-04-16 16:43:00,АБС,false
APP-202537,CL-438031,Кредит наличными,Отделение,Сибирский,2500000,2025-07-22 10:57:00,АБС,false
APP-203519,CL-434702,Кредит для бизнеса,Партнёрская сеть,Сибирский,5000000,2025-02-24 18:17:00,АБС,false
APP-202246,CL-452305,Автокредит,Партнёрская сеть,Приволжский,2500000,2025-02-28 17:13:00,CRM,false
APP-200851,CL-TEST,Автокредит,Отделение,Южный,800000,2025-01-25 19:53:00,АБС,true
APP-200334,CL-432070,Кредитная карта,Отделение,Приволжский,150000,2025-07-22 12:13:00,CRM,false
APP-200192,CL-451648,Кредитная карта,Мобильное приложение,Центральный,1200000,2025-07-08 12:39:00,АБС,false
APP-200870,CL-416802,Кредит наличными,Корпоративный менеджер,Приволжский,800000,2025-04-28 13:08:00,CRM,false
APP-202748,CL-459375,Кредит наличными,Мобильное приложение,Северо-Западный,1200000,2025-03-08 09:45:00,CRM,false
APP-200459,CL-404017,Кредит для бизнеса,Отделение,Центральный,1200000,2025-02-22 10:25:00,АБС,false
APP-201579,CL-453468,Кредитная карта,Мобильное приложение,Приволжский,500000,2025-05-02 10:16:00,АБС,false
APP-202208,CL-446320,Автокредит,Мобильное приложение,Южный,150000,2025-03-07 18:09:00,АБС,false
APP-203113,CL-403165,Кредит для бизнеса,Партнёрская сеть,Северо-Западный,800000,2025-07-16 13:11:00,АБС,false
APP-202482,CL-454772,Кредитная карта,Отделение,Сибирский,800000,2025-04-26 12:07:00,АБС,false
APP-200512,CL-450006,Кредитная карта,Мобильное приложение,Центральный,150000,2025-07-10 08:15:00,АБС,false
APP-201010,CL-450232,Кредит наличными,Корпоративный менеджер,Центральный,1200000,2025-03-04 14:12:00,АБС,false
APP-202848,CL-431302,Кредитная карта,Отделение,Северо-Западный,2500000,2025-02-06 09:15:00,АБС,false
APP-203327,CL-438297,Кредит наличными,Корпоративный менеджер,Центральный,150000,2025-05-27 13:07:00,АБС,false
APP-200823,CL-423985,Кредит наличными,Мобильное приложение,Приволжский,1200000,2025-02-07 14:31:00,CRM,false
APP-202296,CL-426347,Кредит для бизнеса,Партнёрская сеть,Сибирский,300000,2025-06-27 12:33:00,АБС,false
APP-202860,CL-410533,Кредит для бизнеса,Отделение,Центральный,1200000,2025-07-31 19:23:00,АБС,false
APP-200782,CL-438960,Кредит для бизнеса,Мобильное приложение,Южный,150000,2025-07-16 08:12:00,АБС,false
APP-203175,CL-454578,Кредитная карта,Корпоративный менеджер,Центральный,150000,2025-02-08 16:47:00,АБС,false
APP-202953,CL-407871,Кредит для бизнеса,Отделение,Сибирский,1200000,2025-02-19 10:47:00,АБС,false
APP-203406,CL-440953,Кредитная карта,Партнёрская сеть,Центральный,1200000,2025-06-29 08:07:00,АБС,false
APP-201564,CL-444646,Кредит наличными,Корпоративный менеджер,Южный,2500000,2025-02-27 18:48:00,CRM,false
APP-202376,CL-406011,Кредит наличными,Партнёрская сеть,Центральный,150000,2025-05-20 10:59:00,CRM,false
APP-200749,CL-448993,Кредит для бизнеса,Мобильное приложение,Приволжский,500000,2025-06-30 09:49:00,АБС,false
APP-200300,CL-430596,Автокредит,Корпоративный менеджер,Центральный,5000000,2025-01-28 15:23:00,CRM,false
APP-202665,CL-453985,Автокредит,Отделение,Приволжский,1200000,2025-01-19 08:40:00,АБС,false
APP-202730,CL-428163,Автокредит,Партнёрская сеть,Северо-Западный,1200000,2025-04-30 09:09:00,АБС,false
APP-202179,CL-416560,Кредит наличными,Партнёрская сеть,Центральный,500000,2025-08-02 15:08:00,CRM,false
APP-202012,CL-441162,Кредитная карта,Партнёрская сеть,Центральный,150000,2025-03-03 08:05:00,АБС,false
APP-201898,CL-431509,Кредит наличными,Корпоративный менеджер,Северо-Западный,800000,2025-05-12 19:16:00,CRM,false
APP-202196,CL-453635,Кредит для бизнеса,Мобильное приложение,Центральный,300000,2025-03-22 10:45:00,АБС,false
APP-200966,CL-446203,Автокредит,Партнёрская сеть,Северо-Западный,800000,2025-03-21 13:35:00,АБС,false
APP-201463,CL-441752,Кредитная карта,Отделение,Центральный,2500000,2025-06-08 10:54:00,АБС,false
APP-200826,CL-TEST,Кредит наличными,Отделение,Центральный,150000,2025-07-08 19:09:00,АБС,true
APP-200899,CL-408165,Кредитная карта,Отделение,Северо-Западный,5000000,2025-03-28 12:06:00,АБС,false
APP-201111,CL-435751,Кредит для бизнеса,Партнёрская сеть,Южный,300000,2025-06-14 17:51:00,АБС,false
APP-203308,CL-433109,Кредитная карта,Отделение,Южный,300000,2025-02-09 10:12:00,АБС,false
APP-200342,CL-401582,Кредит для бизнеса,Отделение,Северо-Западный,300000,2025-07-28 18:15:00,АБС,false
APP-200271,CL-416248,Кредит наличными,Отделение,Приволжский,2500000,2025-03-21 16:02:00,CRM,false
APP-200628,CL-433920,Кредитная карта,Отделение,Северо-Западный,150000,2025-05-30 17:01:00,CRM,false
APP-202419,CL-416891,Кредит наличными,Корпоративный менеджер,Центральный,500000,2025-05-11 10:38:00,CRM,false
APP-203192,CL-459127,Кредит наличными,Отделение,Южный,5000000,2025-04-08 14:13:00,CRM,false
APP-200293,CL-432924,Кредит наличными,Отделение,Центральный,2500000,2025-06-12 09:18:00,АБС,false
APP-202274,CL-404290,Кредит наличными,Отделение,Южный,1200000,2025-01-08 15:58:00,АБС,false
APP-202617,CL-456008,Кредит наличными,Отделение,Сибирский,300000,2025-05-25 08:13:00,CRM,false
APP-200207,CL-411594,Кредитная карта,Мобильное приложение,Сибирский,300000,2025-01-21 12:10:00,АБС,false
APP-202450,CL-432330,Кредит для бизнеса,Партнёрская сеть,Сибирский,800000,2025-02-15 12:17:00,CRM,false
APP-200755,CL-431128,Кредит наличными,Корпоративный менеджер,Центральный,2500000,2025-03-06 13:37:00,CRM,false
APP-202190,CL-453926,Автокредит,Мобильное приложение,Северо-Западный,2500000,2025-04-26 13:11:00,CRM,false
APP-200491,CL-444851,Кредит наличными,Мобильное приложение,Южный,150000,2025-07-20 14:24:00,CRM,false
APP-201102,CL-439643,Кредит наличными,Партнёрская сеть,Центральный,800000,2025-02-08 09:41:00,CRM,false
APP-202497,CL-448497,Кредитная карта,Мобильное приложение,Центральный,1200000,2025-07-30 12:38:00,АБС,false
APP-202173,CL-449376,Автокредит,Партнёрская сеть,Центральный,500000,2025-04-06 09:55:00,АБС,false
APP-201577,CL-454991,Кредит наличными,Мобильное приложение,Южный,150000,2025-06-13 13:38:00,CRM,false
APP-201250,CL-406844,Кредит для бизнеса,Мобильное приложение,Центральный,800000,2025-03-18 19:02:00,АБС,false
APP-200078,CL-441231,Кредит наличными,Мобильное приложение,Сибирский,800000,2025-03-06 19:19:00,CRM,false
APP-201153,CL-408560,Кредит наличными,Отделение,Центральный,150000,2025-04-27 11:27:00,АБС,false
APP-201743,CL-400797,Кредит наличными,Мобильное приложение,Центральный,500000,2025-04-26 08:38:00,АБС,false
APP-200862,CL-442659,Кредит наличными,Партнёрская сеть,Приволжский,300000,2025-05-17 18:00:00,АБС,false
APP-202415,CL-430862,Кредит для бизнеса,Отделение,Центральный,150000,2025-01-11 11:48:00,АБС,false
APP-201686,CL-438333,Кредит наличными,Мобильное приложение,Центральный,800000,2025-01-14 14:55:00,АБС,false
APP-202732,CL-421001,Кредит наличными,Мобильное приложение,Сибирский,500000,2025-03-08 14:55:00,АБС,false
APP-201473,CL-413786,Кредит наличными,Отделение,Центральный,5000000,2025-04-20 13:54:00,CRM,false
APP-201199,CL-435855,Автокредит,Мобильное приложение,Северо-Западный,800000,2025-01-21 18:10:00,CRM,false
APP-201707,CL-435701,Кредитная карта,Партнёрская сеть,Центральный,300000,2025-07-08 12:38:00,АБС,false
APP-201408,CL-441010,Кредит наличными,Корпоративный менеджер,Приволжский,2500000,2025-07-10 14:13:00,АБС,false
APP-200767,CL-TEST,Кредит для бизнеса,Отделение,Приволжский,500000,2025-06-09 14:26:00,АБС,true
APP-203580,CL-452369,Автокредит,Мобильное приложение,Приволжский,300000,2025-06-29 18:32:00,CRM,false
APP-200846,CL-444864,Кредит наличными,Мобильное приложение,Центральный,300000,2025-07-07 08:55:00,АБС,false
APP-201288,CL-432300,Автокредит,Отделение,Сибирский,2500000,2025-07-27 10:22:00,CRM,false
APP-201608,CL-430210,Кредит для бизнеса,Партнёрская сеть,Сибирский,800000,2025-02-28 14:25:00,CRM,false
APP-201483,CL-406033,Кредит наличными,Корпоративный менеджер,Приволжский,150000,2025-04-25 12:14:00,АБС,false
APP-200268,CL-454853,Кредитная карта,Партнёрская сеть,Северо-Западный,5000000,2025-04-09 11:28:00,CRM,false
APP-201969,CL-457575,Кредит наличными,Корпоративный менеджер,Центральный,1200000,2025-04-10 15:03:00,АБС,false
APP-202127,CL-403753,Кредит наличными,Отделение,Южный,2500000,2025-06-01 14:08:00,АБС,false
APP-200961,CL-416753,Кредит наличными,Отделение,Приволжский,2500000,2025-06-25 13:40:00,АБС,false
APP-200200,CL-404040,Кредитная карта,Отделение,Центральный,150000,2025-07-09 19:48:00,CRM,false
APP-201759,CL-404210,Кредит наличными,Партнёрская сеть,Северо-Западный,2500000,2025-03-16 17:59:00,АБС,false
APP-200022,CL-421658,Кредит наличными,Мобильное приложение,Приволжский,2500000,2025-01-11 08:42:00,АБС,false
APP-202355,CL-411422,Автокредит,Мобильное приложение,Сибирский,5000000,2025-07-17 13:47:00,CRM,false
APP-203403,CL-408622,Кредит наличными,Партнёрская сеть,Центральный,2500000,2025-06-29 12:57:00,CRM,false
APP-202932,CL-454303,Кредитная карта,Мобильное приложение,Сибирский,1200000,2025-01-19 14:26:00,АБС,false
APP-200533,CL-450166,Кредит для бизнеса,Корпоративный менеджер,Южный,150000,2025-07-09 10:54:00,CRM,false
APP-202030,CL-420196,Кредит для бизнеса,Мобильное приложение,Приволжский,800000,2025-06-21 16:18:00,CRM,false
APP-202605,CL-449840,Кредитная карта,Корпоративный менеджер,Центральный,800000,2025-06-30 16:02:00,CRM,false
APP-200247,CL-421918,Кредитная карта,Мобильное приложение,Северо-Западный,5000000,2025-03-10 09:51:00,CRM,false
APP-202707,CL-TEST,Кредит для бизнеса,Мобильное приложение,Центральный,150000,2025-03-14 18:47:00,АБС,true
APP-203283,CL-436559,Кредит для бизнеса,Мобильное приложение,Приволжский,5000000,2025-01-14 09:00:00,CRM,false
APP-200986,CL-438449,Кредит для бизнеса,Корпоративный менеджер,Южный,800000,2025-03-06 19:32:00,CRM,false
APP-203188,CL-448879,Кредит наличными,Отделение,Приволжский,300000,2025-03-28 11:21:00,АБС,false
APP-200647,CL-423904,Кредит наличными,Корпоративный менеджер,Центральный,2500000,2025-02-14 11:59:00,АБС,false
APP-202909,CL-TEST,Кредит для бизнеса,Мобильное приложение,Центральный,500000,2025-08-02 17:51:00,CRM,true
APP-203185,CL-445357,Кредит для бизнеса,Отделение,Сибирский,800000,2025-05-20 18:13:00,АБС,false
APP-201445,CL-456966,Кредит для бизнеса,Мобильное приложение,Северо-Западный,5000000,2025-04-21 14:49:00,АБС,false
APP-203497,CL-452956,Кредитная карта,Отделение,Южный,150000,2025-05-13 17:15:00,АБС,false
APP-200246,CL-431916,Кредит наличными,Отделение,Северо-Западный,1200000,2025-03-01 09:46:00,CRM,false
APP-203582,CL-421914,Кредит для бизнеса,Мобильное приложение,Центральный,300000,2025-05-17 16:18:00,АБС,false
APP-201222,CL-458306,Кредит наличными,Отделение,Южный,2500000,2025-01-30 09:33:00,АБС,false
APP-201645,CL-458324,Кредитная карта,Партнёрская сеть,Центральный,5000000,2025-03-27 14:44:00,АБС,false
APP-200544,CL-409147,Кредитная карта,Мобильное приложение,Центральный,2500000,2025-01-24 11:56:00,CRM,false
APP-200626,CL-435236,Кредит для бизнеса,Отделение,Центральный,300000,2025-07-31 12:03:00,CRM,false
APP-201633,CL-404903,Автокредит,Мобильное приложение,Приволжский,1200000,2025-06-06 09:33:00,АБС,false
APP-202844,CL-437789,Кредит наличными,Отделение,Южный,5000000,2025-07-31 14:54:00,АБС,false
APP-202175,CL-438501,Кредит наличными,Отделение,Сибирский,150000,2025-04-11 16:59:00,АБС,false
APP-203363,CL-449168,Кредит наличными,Отделение,Южный,5000000,2025-05-02 15:54:00,CRM,false
APP-201509,CL-446016,Кредит наличными,Мобильное приложение,Приволжский,500000,2025-07-16 08:45:00,АБС,false
APP-202756,CL-401605,Кредит наличными,Мобильное приложение,Сибирский,5000000,2025-03-18 12:02:00,АБС,false
APP-203421,CL-408217,Кредитная карта,Мобильное приложение,Приволжский,2500000,2025-06-23 15:37:00,АБС,false
APP-203379,CL-437212,Кредит наличными,Мобильное приложение,Центральный,1200000,2025-02-01 16:38:00,CRM,false
APP-201342,CL-414120,Кредит наличными,Мобильное приложение,Приволжский,5000000,2025-01-06 11:23:00,АБС,false
APP-201088,CL-457428,Кредитная карта,Партнёрская сеть,Центральный,800000,2025-07-29 17:03:00,CRM,false
APP-200051,CL-407907,Кредитная карта,Партнёрская сеть,Центральный,300000,2025-07-31 14:44:00,АБС,false
APP-202661,CL-407931,Кредит наличными,Отделение,Центральный,150000,2025-06-01 09:13:00,АБС,false
APP-200131,CL-443695,Кредитная карта,Партнёрская сеть,Сибирский,1200000,2025-02-14 08:48:00,CRM,false
APP-200555,CL-445657,Кредит наличными,Корпоративный менеджер,Центральный,5000000,2025-06-29 14:52:00,CRM,false
APP-200735,CL-432979,Кредит для бизнеса,Корпоративный менеджер,Сибирский,500000,2025-06-01 09:36:00,CRM,false
APP-200677,CL-407985,Кредит для бизнеса,Мобильное приложение,Центральный,800000,2025-04-12 08:38:00,CRM,false
APP-202026,CL-449851,Кредит для бизнеса,Партнёрская сеть,Сибирский,5000000,2025-07-10 19:56:00,CRM,false
APP-203272,CL-423466,Кредит для бизнеса,Мобильное приложение,Центральный,1200000,2025-04-12 18:27:00,АБС,false
APP-202349,CL-414328,Кредитная карта,Корпоративный менеджер,Центральный,150000,2025-02-19 10:39:00,АБС,false
APP-202581,CL-428702,Кредит наличными,Отделение,Южный,2500000,2025-03-30 19:50:00,АБС,false
APP-201797,CL-427263,Кредит наличными,Отделение,Центральный,300000,2025-03-15 15:39:00,АБС,false
APP-200259,CL-401819,Кредит для бизнеса,Мобильное приложение,Южный,500000,2025-07-01 10:37:00,CRM,false
APP-200641,CL-417939,Кредит наличными,Партнёрская сеть,Центральный,500000,2025-03-12 19:01:00,АБС,false
APP-202733,CL-432091,Кредит наличными,Партнёрская сеть,Северо-Западный,500000,2025-06-30 16:01:00,CRM,false
APP-202394,CL-426489,Кредит наличными,Отделение,Приволжский,300000,2025-01-11 12:16:00,CRM,false
APP-200030,CL-423491,Автокредит,Корпоративный менеджер,Центральный,1200000,2025-06-27 15:17:00,CRM,false
APP-202602,CL-418816,Кредит наличными,Отделение,Северо-Западный,2500000,2025-06-29 11:30:00,CRM,false
APP-200725,CL-419001,Кредит наличными,Мобильное приложение,Южный,2500000,2025-04-29 13:52:00,АБС,false
APP-201524,CL-456980,Кредит наличными,Мобильное приложение,Северо-Западный,500000,2025-03-03 16:06:00,АБС,false
APP-201432,CL-408630,Кредит наличными,Корпоративный менеджер,Сибирский,1200000,2025-05-09 13:11:00,CRM,false
APP-202549,CL-448837,Кредит наличными,Корпоративный менеджер,Центральный,150000,2025-03-08 11:29:00,АБС,false
APP-202110,CL-407336,Кредит наличными,Партнёрская сеть,Южный,1200000,2025-02-28 19:36:00,CRM,false
APP-203322,CL-443389,Автокредит,Отделение,Центральный,5000000,2025-01-30 14:11:00,CRM,false
APP-200229,CL-445578,Кредит наличными,Отделение,Центральный,300000,2025-03-25 09:23:00,АБС,false
APP-202088,CL-405523,Кредит наличными,Мобильное приложение,Центральный,5000000,2025-06-09 14:05:00,АБС,false
APP-200613,CL-434018,Кредит для бизнеса,Отделение,Сибирский,5000000,2025-05-17 09:39:00,CRM,false
APP-201019,CL-429037,Кредит наличными,Отделение,Приволжский,300000,2025-04-07 16:42:00,CRM,false
APP-203139,CL-408708,Кредит наличными,Мобильное приложение,Южный,1200000,2025-01-15 08:57:00,CRM,false
APP-203374,CL-410667,Кредит наличными,Корпоративный менеджер,Центральный,300000,2025-03-21 08:48:00,АБС,false
APP-202622,CL-458225,Кредит для бизнеса,Мобильное приложение,Приволжский,300000,2025-06-12 09:16:00,АБС,false
APP-200178,CL-431572,Автокредит,Отделение,Центральный,150000,2025-03-11 18:41:00,АБС,false
APP-202167,CL-437210,Кредитная карта,Корпоративный менеджер,Центральный,150000,2025-07-06 13:50:00,CRM,false
APP-200991,CL-440623,Кредит наличными,Отделение,Приволжский,500000,2025-05-17 17:26:00,CRM,false
APP-203378,CL-405702,Кредитная карта,Мобильное приложение,Центральный,800000,2025-05-30 15:08:00,АБС,false
APP-201744,CL-443593,Автокредит,Мобильное приложение,Северо-Западный,2500000,2025-06-15 12:20:00,АБС,false
APP-200396,CL-448412,Автокредит,Мобильное приложение,Приволжский,1200000,2025-06-02 08:49:00,CRM,false
APP-200905,CL-426439,Кредитная карта,Партнёрская сеть,Центральный,300000,2025-04-17 08:41:00,АБС,false
APP-201814,CL-408744,Кредит наличными,Мобильное приложение,Сибирский,5000000,2025-01-29 17:05:00,АБС,false
APP-201575,CL-401511,Кредит для бизнеса,Корпоративный менеджер,Сибирский,150000,2025-01-25 12:52:00,АБС,false
APP-203017,CL-442748,Кредит наличными,Отделение,Южный,150000,2025-04-13 16:21:00,АБС,false
APP-203324,CL-449604,Автокредит,Корпоративный менеджер,Приволжский,150000,2025-02-10 15:13:00,CRM,false
APP-203480,CL-409489,Кредит для бизнеса,Отделение,Северо-Западный,2500000,2025-02-15 11:11:00,АБС,false
APP-202510,CL-450817,Кредитная карта,Отделение,Южный,2500000,2025-02-14 16:44:00,АБС,false
APP-201435,CL-433500,Кредитная карта,Партнёрская сеть,Северо-Западный,500000,2025-04-19 09:23:00,АБС,false
APP-202910,CL-437052,Кредит наличными,Отделение,Северо-Западный,800000,2025-02-01 10:22:00,CRM,false
APP-201737,CL-420653,Автокредит,Корпоративный менеджер,Приволжский,800000,2025-06-09 18:07:00,АБС,false
APP-200888,CL-437246,Кредит наличными,Отделение,Центральный,2500000,2025-01-06 17:33:00,АБС,false
APP-201540,CL-415562,Кредит наличными,Партнёрская сеть,Южный,1200000,2025-04-29 08:24:00,АБС,false
APP-200115,CL-425896,Кредит для бизнеса,Мобильное приложение,Центральный,500000,2025-06-13 15:03:00,CRM,false
APP-202406,CL-454229,Кредит наличными,Отделение,Центральный,300000,2025-08-02 14:59:00,CRM,false
APP-203276,CL-TEST,Кредит для бизнеса,Корпоративный менеджер,Центральный,500000,2025-03-06 13:03:00,АБС,true
APP-202321,CL-441572,Кредит наличными,Партнёрская сеть,Сибирский,300000,2025-02-16 19:30:00,АБС,false
APP-202863,CL-421641,Кредит для бизнеса,Мобильное приложение,Центральный,1200000,2025-01-20 17:59:00,CRM,false
APP-201825,CL-441736,Автокредит,Партнёрская сеть,Приволжский,1200000,2025-07-31 18:27:00,АБС,false
APP-200648,CL-443923,Автокредит,Корпоративный менеджер,Южный,150000,2025-03-21 11:04:00,АБС,false
APP-200290,CL-437038,Кредит для бизнеса,Партнёрская сеть,Сибирский,5000000,2025-01-27 08:59:00,CRM,false
APP-200499,CL-448996,Кредитная карта,Отделение,Сибирский,500000,2025-05-06 17:04:00,АБС,false
APP-200579,CL-444429,Кредит наличными,Партнёрская сеть,Центральный,300000,2025-06-13 09:21:00,CRM,false
APP-200298,CL-439191,Кредит для бизнеса,Мобильное приложение,Центральный,500000,2025-07-17 08:36:00,АБС,false
APP-200949,CL-441149,Кредит наличными,Корпоративный менеджер,Сибирский,5000000,2025-01-22 09:40:00,CRM,false
APP-202627,CL-407474,Кредитная карта,Мобильное приложение,Северо-Западный,2500000,2025-07-22 17:14:00,CRM,false
APP-203315,CL-414576,Кредитная карта,Отделение,Приволжский,300000,2025-05-15 10:22:00,АБС,false
APP-201681,CL-439645,Кредит для бизнеса,Мобильное приложение,Северо-Западный,2500000,2025-03-21 18:49:00,АБС,false
APP-203120,CL-420176,Кредит для бизнеса,Мобильное приложение,Приволжский,1200000,2025-03-12 17:39:00,АБС,false
APP-200005,CL-431309,Кредитная карта,Партнёрская сеть,Центральный,150000,2025-02-23 16:55:00,АБС,false
APP-200887,CL-445575,Кредит наличными,Корпоративный менеджер,Центральный,800000,2025-02-16 10:06:00,АБС,false
APP-202087,CL-405982,Кредит для бизнеса,Мобильное приложение,Центральный,300000,2025-06-13 09:38:00,АБС,false
APP-202396,CL-456175,Кредит наличными,Корпоративный менеджер,Южный,300000,2025-08-03 15:49:00,АБС,false
APP-201533,CL-420227,Кредит для бизнеса,Партнёрская сеть,Южный,150000,2025-04-28 08:45:00,АБС,false
APP-200586,CL-432345,Автокредит,Мобильное приложение,Южный,1200000,2025-04-11 18:23:00,CRM,false
APP-201694,CL-438489,Автокредит,Корпоративный менеджер,Северо-Западный,2500000,2025-04-23 11:36:00,АБС,false
APP-202751,CL-437551,Автокредит,Отделение,Приволжский,300000,2025-01-08 18:33:00,АБС,false
APP-202594,CL-419991,Кредитная карта,Отделение,Приволжский,300000,2025-01-31 14:42:00,АБС,false
APP-201907,CL-413955,Кредит для бизнеса,Мобильное приложение,Центральный,300000,2025-06-08 16:51:00,АБС,false
APP-203348,CL-423026,Кредитная карта,Отделение,Приволжский,500000,2025-04-21 18:28:00,АБС,false
APP-201803,CL-416194,Кредит для бизнеса,Отделение,Сибирский,500000,2025-06-18 08:17:00,АБС,false
APP-202866,CL-428197,Автокредит,Мобильное приложение,Южный,300000,2025-04-30 17:16:00,АБС,false
APP-201595,CL-429730,Кредит наличными,Мобильное приложение,Приволжский,300000,2025-01-31 08:33:00,АБС,false
APP-200518,CL-412478,Кредит наличными,Мобильное приложение,Южный,500000,2025-07-25 18:27:00,CRM,false
APP-201207,CL-447909,Кредит наличными,Отделение,Центральный,5000000,2025-05-28 16:08:00,АБС,false
APP-200369,CL-416063,Кредит наличными,Отделение,Приволжский,800000,2025-04-16 17:27:00,АБС,false
APP-203557,CL-409342,Кредит наличными,Корпоративный менеджер,Центральный,5000000,2025-03-28 12:11:00,CRM,false
APP-201571,CL-422510,Кредит для бизнеса,Мобильное приложение,Южный,300000,2025-01-29 08:12:00,CRM,false
APP-202763,CL-402083,Кредит для бизнеса,Корпоративный менеджер,Южный,1200000,2025-07-21 13:05:00,АБС,false
APP-202123,CL-TEST,Кредитная карта,Партнёрская сеть,Центральный,1200000,2025-03-10 11:56:00,АБС,true
APP-201717,CL-415556,Кредит для бизнеса,Отделение,Южный,5000000,2025-04-28 10:30:00,АБС,false
APP-203170,CL-421350,Кредитная карта,Мобильное приложение,Северо-Западный,300000,2025-05-03 14:14:00,АБС,false
APP-200317,CL-430358,Автокредит,Партнёрская сеть,Северо-Западный,500000,2025-03-26 10:57:00,АБС,false
APP-203073,CL-443035,Кредитная карта,Отделение,Приволжский,2500000,2025-03-15 08:25:00,АБС,false
APP-201879,CL-437203,Кредит наличными,Отделение,Центральный,1200000,2025-04-01 13:16:00,АБС,false
APP-202992,CL-430820,Кредитная карта,Партнёрская сеть,Центральный,800000,2025-01-17 15:37:00,АБС,false
APP-200393,CL-452280,Кредитная карта,Отделение,Сибирский,150000,2025-04-04 18:19:00,CRM,false
APP-202134,CL-410412,Кредитная карта,Отделение,Северо-Западный,1200000,2025-04-25 10:53:00,CRM,false
APP-201840,CL-437414,Кредит для бизнеса,Партнёрская сеть,Центральный,800000,2025-02-10 11:34:00,CRM,false
APP-201491,CL-443409,Кредит наличными,Мобильное приложение,Центральный,5000000,2025-05-07 16:08:00,АБС,false
APP-201566,CL-418511,Кредит для бизнеса,Отделение,Сибирский,300000,2025-01-28 16:12:00,CRM,false
APP-201568,CL-445111,Кредит наличными,Отделение,Приволжский,500000,2025-06-03 08:21:00,CRM,false
APP-203123,CL-420464,Кредитная карта,Мобильное приложение,Приволжский,1200000,2025-01-22 11:51:00,АБС,false
APP-201841,CL-446786,Автокредит,Корпоративный менеджер,Приволжский,500000,2025-05-20 19:36:00,АБС,false
APP-203351,CL-422406,Кредитная карта,Партнёрская сеть,Центральный,300000,2025-04-13 18:03:00,АБС,false
APP-203504,CL-428639,Автокредит,Корпоративный менеджер,Сибирский,5000000,2025-03-02 08:48:00,CRM,false
APP-201489,CL-406904,Автокредит,Партнёрская сеть,Центральный,5000000,2025-02-08 11:25:00,CRM,false
APP-201186,CL-421077,Кредит наличными,Партнёрская сеть,Центральный,800000,2025-02-21 18:05:00,АБС,false
APP-203077,CL-403211,Автокредит,Мобильное приложение,Сибирский,800000,2025-04-10 08:42:00,АБС,false
APP-200074,CL-458352,Кредит для бизнеса,Мобильное приложение,Сибирский,2500000,2025-02-23 16:33:00,АБС,false
APP-201752,CL-408685,Автокредит,Партнёрская сеть,Приволжский,300000,2025-02-27 14:59:00,АБС,false
APP-202204,CL-418932,Кредит для бизнеса,Отделение,Северо-Западный,2500000,2025-01-31 14:27:00,CRM,false
APP-200224,CL-449799,Кредит для бизнеса,Мобильное приложение,Северо-Западный,1200000,2025-01-19 14:23:00,АБС,false
APP-201553,CL-425110,Кредитная карта,Мобильное приложение,Центральный,5000000,2025-02-27 09:31:00,АБС,false
APP-201767,CL-448221,Кредит наличными,Корпоративный менеджер,Центральный,800000,2025-07-14 11:39:00,АБС,false
APP-200554,CL-459607,Кредит для бизнеса,Партнёрская сеть,Приволжский,5000000,2025-01-16 10:42:00,CRM,false
APP-203306,CL-436844,Кредит для бизнеса,Мобильное приложение,Южный,150000,2025-04-08 14:32:00,АБС,false
APP-201324,CL-429953,Кредит для бизнеса,Мобильное приложение,Центральный,150000,2025-02-22 19:20:00,АБС,false
APP-202003,CL-456605,Кредит наличными,Мобильное приложение,Южный,1200000,2025-06-01 14:31:00,АБС,false
APP-202248,CL-427944,Кредит для бизнеса,Корпоративный менеджер,Сибирский,500000,2025-03-07 08:47:00,CRM,false
APP-200023,CL-416450,Кредит наличными,Партнёрская сеть,Центральный,5000000,2025-07-18 13:08:00,АБС,false
APP-200395,CL-418523,Автокредит,Мобильное приложение,Приволжский,800000,2025-05-07 14:45:00,АБС,false
APP-201944,CL-451150,Кредит наличными,Отделение,Приволжский,800000,2025-04-12 15:04:00,АБС,false
APP-203544,CL-443391,Кредит для бизнеса,Отделение,Сибирский,800000,2025-03-19 13:43:00,АБС,false
APP-201306,CL-449765,Автокредит,Корпоративный менеджер,Северо-Западный,500000,2025-01-25 16:33:00,CRM,false
APP-203020,CL-456638,Кредит для бизнеса,Отделение,Северо-Западный,150000,2025-02-22 19:45:00,CRM,false
APP-200928,CL-455119,Автокредит,Корпоративный менеджер,Центральный,500000,2025-04-07 10:09:00,АБС,false
APP-202558,CL-458939,Автокредит,Партнёрская сеть,Северо-Западный,2500000,2025-04-18 15:22:00,АБС,false
APP-202144,CL-448459,Кредитная карта,Мобильное приложение,Приволжский,1200000,2025-04-16 19:51:00,АБС,false
APP-200738,CL-416610,Автокредит,Партнёрская сеть,Южный,150000,2025-05-26 14:08:00,АБС,false
APP-200196,CL-416600,Кредит наличными,Партнёрская сеть,Северо-Западный,5000000,2025-01-30 14:23:00,АБС,false
APP-202816,CL-459904,Автокредит,Отделение,Центральный,800000,2025-02-05 10:41:00,АБС,false
APP-203482,CL-402274,Кредит наличными,Мобильное приложение,Центральный,2500000,2025-03-31 10:26:00,АБС,false
APP-203157,CL-407814,Кредитная карта,Мобильное приложение,Центральный,500000,2025-04-25 19:54:00,АБС,false
APP-200433,CL-420006,Кредитная карта,Мобильное приложение,Сибирский,800000,2025-06-02 16:53:00,АБС,false
APP-202918,CL-446337,Автокредит,Партнёрская сеть,Южный,500000,2025-06-12 18:36:00,АБС,false
APP-201398,CL-458030,Кредитная карта,Мобильное приложение,Южный,1200000,2025-03-13 16:28:00,АБС,false
APP-201605,CL-456100,Кредит наличными,Корпоративный менеджер,Сибирский,800000,2025-01-23 16:50:00,CRM,false
APP-202804,CL-428971,Кредит наличными,Корпоративный менеджер,Южный,150000,2025-02-02 12:43:00,АБС,false
APP-200587,CL-446953,Кредит для бизнеса,Отделение,Центральный,150000,2025-03-28 09:21:00,АБС,false
APP-203251,CL-424697,Кредит для бизнеса,Мобильное приложение,Северо-Западный,300000,2025-01-23 15:51:00,CRM,false
APP-202078,CL-409961,Кредитная карта,Партнёрская сеть,Северо-Западный,5000000,2025-06-14 08:51:00,АБС,false
APP-201154,CL-431656,Автокредит,Отделение,Приволжский,300000,2025-05-24 08:52:00,CRM,false
APP-203485,CL-413466,Автокредит,Отделение,Сибирский,5000000,2025-03-16 15:19:00,CRM,false
APP-203187,CL-456473,Кредит наличными,Отделение,Северо-Западный,800000,2025-05-31 14:06:00,CRM,false
APP-203578,CL-431516,Автокредит,Мобильное приложение,Северо-Западный,5000000,2025-04-13 18:15:00,CRM,false
APP-203230,CL-440116,Кредит наличными,Отделение,Центральный,500000,2025-01-15 11:53:00,АБС,false
APP-202177,CL-406505,Автокредит,Отделение,Центральный,500000,2025-07-05 08:17:00,CRM,false
APP-201195,CL-437306,Кредит наличными,Корпоративный менеджер,Приволжский,1200000,2025-06-18 17:40:00,АБС,false
APP-200397,CL-433324,Кредит наличными,Отделение,Северо-Западный,1200000,2025-03-12 11:12:00,АБС,false
APP-202952,CL-442086,Кредитная карта,Партнёрская сеть,Центральный,5000000,2025-03-08 17:45:00,АБС,false
APP-200957,CL-428817,Кредит наличными,Партнёрская сеть,Сибирский,150000,2025-04-05 13:56:00,CRM,false
APP-200072,CL-452019,Кредит наличными,Мобильное приложение,Центральный,150000,2025-04-06 10:38:00,АБС,false
APP-202213,CL-425403,Кредит для бизнеса,Мобильное приложение,Центральный,150000,2025-03-26 19:56:00,CRM,false
APP-202050,CL-428360,Кредитная карта,Отделение,Сибирский,300000,2025-05-20 13:19:00,АБС,false
APP-202096,CL-451975,Кредит для бизнеса,Корпоративный менеджер,Центральный,500000,2025-05-28 14:30:00,АБС,false
APP-203509,CL-400683,Кредит наличными,Мобильное приложение,Центральный,500000,2025-02-26 11:02:00,АБС,false
APP-202205,CL-420027,Кредит наличными,Мобильное приложение,Южный,300000,2025-06-01 09:55:00,АБС,false
APP-200007,CL-426532,Кредит наличными,Мобильное приложение,Приволжский,500000,2025-01-24 12:41:00,АБС,false
APP-201416,CL-413374,Кредит наличными,Мобильное приложение,Центральный,2500000,2025-06-10 15:49:00,АБС,false
APP-202640,CL-430172,Кредит для бизнеса,Отделение,Центральный,1200000,2025-05-07 08:06:00,АБС,false
APP-200919,CL-446405,Кредит для бизнеса,Корпоративный менеджер,Южный,300000,2025-01-22 16:25:00,CRM,false
APP-202052,CL-442002,Кредит наличными,Отделение,Приволжский,2500000,2025-02-23 14:31:00,CRM,false
APP-200020,CL-426411,Кредит наличными,Отделение,Сибирский,800000,2025-02-03 11:46:00,АБС,false
APP-203271,CL-TEST,Автокредит,Мобильное приложение,Центральный,2500000,2025-03-13 16:41:00,АБС,true
APP-202156,CL-421551,Автокредит,Партнёрская сеть,Южный,150000,2025-06-12 15:21:00,АБС,false
APP-200284,CL-427674,Кредитная карта,Отделение,Сибирский,300000,2025-07-20 16:45:00,CRM,false
APP-201831,CL-417308,Кредит для бизнеса,Отделение,Приволжский,300000,2025-07-06 15:55:00,АБС,false
APP-200055,CL-414173,Кредит наличными,Мобильное приложение,Южный,2500000,2025-06-15 17:24:00,CRM,false
APP-201989,CL-433379,Кредит для бизнеса,Мобильное приложение,Центральный,800000,2025-06-16 18:48:00,АБС,false
APP-200582,CL-403259,Кредитная карта,Партнёрская сеть,Южный,300000,2025-05-26 09:15:00,АБС,false
APP-200874,CL-453524,Кредитная карта,Отделение,Приволжский,500000,2025-01-08 17:29:00,АБС,false
APP-200036,CL-440960,Кредит наличными,Отделение,Сибирский,150000,2025-07-20 15:09:00,АБС,false
APP-202607,CL-409083,Кредитная карта,Мобильное приложение,Южный,5000000,2025-02-25 18:19:00,АБС,false
APP-202347,CL-456282,Кредит для бизнеса,Партнёрская сеть,Центральный,300000,2025-05-10 13:23:00,CRM,false
APP-203387,CL-442298,Кредит наличными,Отделение,Северо-Западный,300000,2025-01-21 18:56:00,CRM,false
APP-201192,CL-448634,Кредит для бизнеса,Мобильное приложение,Приволжский,5000000,2025-05-05 11:49:00,АБС,false
APP-201321,CL-420683,Кредит наличными,Корпоративный менеджер,Сибирский,5000000,2025-04-17 13:37:00,CRM,false
APP-202933,CL-457917,Кредит наличными,Отделение,Приволжский,1200000,2025-05-17 12:23:00,CRM,false
APP-200858,CL-422062,Кредит наличными,Партнёрская сеть,Сибирский,800000,2025-03-01 12:44:00,CRM,false
APP-200527,CL-442561,Кредит наличными,Отделение,Северо-Западный,5000000,2025-01-08 08:27:00,АБС,false
APP-202548,CL-447715,Автокредит,Партнёрская сеть,Сибирский,2500000,2025-05-01 17:25:00,АБС,false
APP-203470,CL-451132,Автокредит,Отделение,Сибирский,150000,2025-06-04 09:34:00,CRM,false
APP-203278,CL-418632,Кредит для бизнеса,Мобильное приложение,Южный,800000,2025-05-04 14:21:00,CRM,false
APP-203011,CL-443361,Автокредит,Корпоративный менеджер,Центральный,1200000,2025-05-05 18:59:00,CRM,false
APP-202790,CL-441592,Кредитная карта,Корпоративный менеджер,Северо-Западный,150000,2025-07-10 14:47:00,CRM,false
APP-203367,CL-454004,Кредит наличными,Отделение,Сибирский,1200000,2025-06-01 16:30:00,АБС,false
APP-200159,CL-438536,Автокредит,Мобильное приложение,Центральный,800000,2025-02-04 17:44:00,АБС,false
APP-200868,CL-444893,Кредит наличными,Мобильное приложение,Сибирский,150000,2025-01-07 10:32:00,АБС,false
APP-202518,CL-431209,Кредит наличными,Мобильное приложение,Центральный,2500000,2025-01-11 10:07:00,АБС,false
APP-202678,CL-417368,Кредит для бизнеса,Корпоративный менеджер,Приволжский,300000,2025-02-05 08:37:00,АБС,false
APP-201471,CL-429005,Кредитная карта,Отделение,Северо-Западный,300000,2025-07-21 13:51:00,АБС,false
APP-202686,CL-451172,Кредит для бизнеса,Отделение,Центральный,300000,2025-06-09 18:59:00,CRM,false
APP-203576,CL-416962,Кредит наличными,Отделение,Центральный,800000,2025-06-24 15:03:00,АБС,false
APP-201922,CL-429649,Автокредит,Мобильное приложение,Центральный,300000,2025-02-25 12:02:00,АБС,false
APP-200435,CL-TEST,Кредит для бизнеса,Партнёрская сеть,Южный,2500000,2025-02-27 10:15:00,CRM,true
APP-202710,CL-406319,Кредит наличными,Отделение,Сибирский,1200000,2025-01-15 08:25:00,CRM,false
APP-201839,CL-450973,Кредитная карта,Корпоративный менеджер,Сибирский,1200000,2025-02-15 17:38:00,CRM,false
APP-201598,CL-453618,Кредит наличными,Отделение,Центральный,800000,2025-01-15 18:38:00,АБС,false
APP-200399,CL-449197,Кредитная карта,Партнёрская сеть,Сибирский,1200000,2025-02-08 15:34:00,АБС,false
APP-202476,CL-401705,Кредит наличными,Мобильное приложение,Центральный,1200000,2025-05-09 10:18:00,CRM,false
APP-202538,CL-403144,Кредитная карта,Мобильное приложение,Северо-Западный,2500000,2025-06-26 11:43:00,CRM,false
APP-203148,CL-442433,Кредит наличными,Корпоративный менеджер,Центральный,2500000,2025-04-20 11:18:00,АБС,false
APP-202342,CL-449537,Кредитная карта,Мобильное приложение,Приволжский,500000,2025-07-01 11:36:00,CRM,false
APP-202636,CL-443367,Кредит наличными,Корпоративный менеджер,Южный,2500000,2025-05-09 14:25:00,CRM,false
APP-201522,CL-428052,Кредитная карта,Отделение,Приволжский,2500000,2025-05-11 13:56:00,CRM,false
APP-201962,CL-433373,Кредит наличными,Мобильное приложение,Приволжский,500000,2025-03-15 12:06:00,АБС,false
APP-203310,CL-440023,Кредит для бизнеса,Партнёрская сеть,Северо-Западный,800000,2025-04-27 17:00:00,АБС,false
APP-202191,CL-420418,Кредит для бизнеса,Мобильное приложение,Центральный,300000,2025-05-10 13:46:00,АБС,false
APP-201863,CL-446468,Кредитная карта,Корпоративный менеджер,Центральный,5000000,2025-05-20 19:18:00,АБС,false
APP-202016,CL-441261,Кредит наличными,Партнёрская сеть,Центральный,300000,2025-04-05 19:53:00,CRM,false
APP-202772,CL-430543,Кредит наличными,Отделение,Южный,5000000,2025-05-15 10:03:00,АБС,false
APP-200665,CL-TEST,Кредит наличными,Мобильное приложение,Приволжский,150000,2025-03-01 13:25:00,АБС,true
APP-200541,CL-414605,Кредитная карта,Мобильное приложение,Северо-Западный,2500000,2025-02-17 19:04:00,CRM,false
APP-201067,CL-402876,Кредит наличными,Партнёрская сеть,Сибирский,500000,2025-05-06 12:04:00,АБС,false
APP-201229,CL-451819,Кредит наличными,Отделение,Южный,5000000,2025-05-07 15:57:00,CRM,false
APP-200890,CL-446529,Кредит для бизнеса,Мобильное приложение,Северо-Западный,2500000,2025-05-18 09:57:00,АБС,false
APP-200779,CL-402882,Кредит наличными,Отделение,Южный,800000,2025-02-02 15:47:00,CRM,false
APP-202978,CL-449301,Кредит наличными,Мобильное приложение,Северо-Западный,5000000,2025-03-07 11:31:00,АБС,false
APP-201216,CL-430999,Кредит для бизнеса,Партнёрская сеть,Центральный,5000000,2025-05-12 16:12:00,CRM,false
APP-201800,CL-409433,Кредит наличными,Мобильное приложение,Приволжский,800000,2025-07-05 12:27:00,CRM,false
APP-202800,CL-404362,Кредитная карта,Отделение,Приволжский,5000000,2025-05-09 09:22:00,АБС,false
APP-202971,CL-409112,Кредитная карта,Отделение,Приволжский,2500000,2025-06-09 08:17:00,АБС,false
APP-200967,CL-454559,Кредитная карта,Мобильное приложение,Приволжский,1200000,2025-05-07 18:45:00,АБС,false
APP-200468,CL-422432,Кредит наличными,Партнёрская сеть,Сибирский,1200000,2025-06-06 18:33:00,CRM,false
APP-202195,CL-444870,Кредит для бизнеса,Корпоративный менеджер,Северо-Западный,800000,2025-07-11 11:56:00,АБС,false
APP-200222,CL-443881,Кредитная карта,Партнёрская сеть,Центральный,2500000,2025-05-04 16:50:00,АБС,false
APP-200685,CL-443360,Кредит наличными,Отделение,Северо-Западный,150000,2025-02-08 18:42:00,CRM,false
APP-201773,CL-408307,Кредит наличными,Мобильное приложение,Приволжский,300000,2025-08-01 12:05:00,CRM,false
APP-201875,CL-418608,Автокредит,Отделение,Сибирский,150000,2025-07-13 08:37:00,АБС,false
APP-201955,CL-402858,Кредитная карта,Мобильное приложение,Северо-Западный,2500000,2025-01-10 08:03:00,CRM,false
APP-203026,CL-402790,Кредитная карта,Отделение,Приволжский,5000000,2025-04-17 17:07:00,АБС,false
APP-200248,CL-400662,Кредит для бизнеса,Отделение,Центральный,800000,2025-01-21 14:28:00,CRM,false
APP-201354,CL-411032,Кредит наличными,Мобильное приложение,Центральный,2500000,2025-07-24 14:15:00,CRM,false
APP-200881,CL-436846,Кредит наличными,Мобильное приложение,Южный,800000,2025-02-15 17:04:00,АБС,false
APP-202865,CL-401723,Кредит наличными,Мобильное приложение,Центральный,5000000,2025-04-24 10:20:00,АБС,false
APP-202367,CL-410757,Кредитная карта,Партнёрская сеть,Южный,500000,2025-05-26 18:57:00,АБС,false
APP-202606,CL-423625,Кредит наличными,Отделение,Сибирский,150000,2025-02-12 09:01:00,CRM,false
APP-202817,CL-403074,Кредитная карта,Мобильное приложение,Центральный,800000,2025-06-07 08:35:00,CRM,false
APP-202405,CL-400101,Кредит наличными,Мобильное приложение,Центральный,2500000,2025-05-26 14:04:00,АБС,false
APP-200639,CL-408954,Кредит наличными,Партнёрская сеть,Приволжский,5000000,2025-06-30 08:25:00,АБС,false
APP-200662,CL-405852,Кредит для бизнеса,Корпоративный менеджер,Южный,150000,2025-05-30 16:10:00,АБС,false
APP-200394,CL-401249,Кредитная карта,Отделение,Центральный,1200000,2025-07-28 16:31:00,CRM,false
APP-200619,CL-457011,Кредит для бизнеса,Мобильное приложение,Северо-Западный,1200000,2025-05-04 18:32:00,CRM,false
APP-202680,CL-434090,Кредит для бизнеса,Мобильное приложение,Приволжский,800000,2025-01-07 19:36:00,АБС,false
APP-201914,CL-403264,Кредит наличными,Мобильное приложение,Северо-Западный,800000,2025-07-02 13:39:00,АБС,false
APP-202391,CL-425377,Кредит для бизнеса,Корпоративный менеджер,Центральный,800000,2025-04-26 18:13:00,АБС,false
APP-202006,CL-416879,Кредит наличными,Партнёрская сеть,Приволжский,150000,2025-02-03 09:23:00,CRM,false
APP-201772,CL-435375,Кредитная карта,Мобильное приложение,Центральный,150000,2025-08-03 10:54:00,АБС,false
APP-202760,CL-419470,Кредит наличными,Мобильное приложение,Центральный,800000,2025-04-09 12:38:00,CRM,false
APP-200016,CL-449547,Кредит для бизнеса,Партнёрская сеть,Центральный,5000000,2025-05-13 14:32:00,АБС,false
APP-201760,CL-431731,Кредитная карта,Корпоративный менеджер,Приволжский,150000,2025-03-20 16:18:00,АБС,false
APP-200829,CL-407259,Кредит для бизнеса,Корпоративный менеджер,Приволжский,2500000,2025-06-15 14:14:00,АБС,false
APP-200614,CL-410101,Кредит для бизнеса,Мобильное приложение,Южный,2500000,2025-03-29 19:16:00,CRM,false
APP-201902,CL-402305,Кредитная карта,Отделение,Северо-Западный,1200000,2025-01-21 13:09:00,АБС,false
APP-201538,CL-453601,Кредит наличными,Корпоративный менеджер,Южный,500000,2025-07-28 10:01:00,CRM,false
APP-201693,CL-408914,Кредит наличными,Мобильное приложение,Центральный,5000000,2025-03-15 16:35:00,АБС,false
APP-203124,CL-403541,Кредит наличными,Партнёрская сеть,Южный,800000,2025-01-06 11:52:00,CRM,false
APP-200727,CL-416457,Кредит наличными,Мобильное приложение,Сибирский,5000000,2025-05-08 08:44:00,CRM,false
APP-203437,CL-454245,Кредит наличными,Мобильное приложение,Центральный,2500000,2025-06-24 18:45:00,CRM,false
APP-200700,CL-415827,Автокредит,Отделение,Центральный,150000,2025-05-25 13:57:00,CRM,false
APP-201372,CL-402524,Кредит наличными,Партнёрская сеть,Сибирский,1200000,2025-02-27 12:07:00,CRM,false
APP-200610,CL-459538,Кредит для бизнеса,Партнёрская сеть,Приволжский,800000,2025-01-28 08:06:00,CRM,false
APP-200017,CL-424190,Кредит для бизнеса,Партнёрская сеть,Южный,300000,2025-03-28 15:08:00,АБС,false
APP-200816,CL-421591,Кредитная карта,Отделение,Центральный,5000000,2025-07-14 18:16:00,АБС,false
APP-202443,CL-417698,Кредит для бизнеса,Мобильное приложение,Южный,300000,2025-03-20 17:27:00,АБС,false
APP-203227,CL-422656,Кредит для бизнеса,Мобильное приложение,Сибирский,500000,2025-03-05 10:58:00,АБС,false
APP-202045,CL-449488,Кредит наличными,Мобильное приложение,Южный,500000,2025-02-21 12:38:00,CRM,false
APP-202288,CL-433538,Кредит наличными,Отделение,Сибирский,5000000,2025-06-06 17:37:00,АБС,false
APP-200203,CL-TEST,Кредит для бизнеса,Партнёрская сеть,Южный,5000000,2025-04-05 15:39:00,АБС,true
APP-202894,CL-409211,Кредитная карта,Корпоративный менеджер,Приволжский,1200000,2025-07-26 13:08:00,CRM,false
APP-202395,CL-TEST,Кредит для бизнеса,Отделение,Северо-Западный,5000000,2025-05-11 17:35:00,АБС,true
APP-203158,CL-426690,Кредит наличными,Отделение,Приволжский,5000000,2025-03-29 11:54:00,CRM,false
APP-203333,CL-402443,Кредит для бизнеса,Мобильное приложение,Центральный,150000,2025-03-05 13:38:00,АБС,false
APP-203118,CL-442097,Кредит наличными,Партнёрская сеть,Сибирский,150000,2025-04-16 15:05:00,CRM,false
APP-201236,CL-423585,Кредит наличными,Мобильное приложение,Приволжский,150000,2025-03-30 09:36:00,CRM,false
APP-202182,CL-439313,Кредитная карта,Мобильное приложение,Южный,1200000,2025-07-26 08:26:00,АБС,false
APP-202093,CL-427372,Кредит для бизнеса,Отделение,Центральный,5000000,2025-06-16 10:11:00,АБС,false
APP-201665,CL-458411,Кредит наличными,Отделение,Сибирский,150000,2025-03-28 08:40:00,CRM,false
APP-203466,CL-436902,Кредитная карта,Корпоративный менеджер,Центральный,150000,2025-05-28 15:45:00,АБС,false
APP-201058,CL-446240,Автокредит,Партнёрская сеть,Южный,1200000,2025-07-03 14:20:00,АБС,false
APP-202744,CL-406991,Кредит наличными,Партнёрская сеть,Приволжский,1200000,2025-07-29 19:25:00,CRM,false
APP-200421,CL-455409,Кредит для бизнеса,Отделение,Центральный,300000,2025-05-28 08:33:00,CRM,false
APP-203524,CL-412014,Кредит для бизнеса,Отделение,Приволжский,2500000,2025-03-03 09:58:00,АБС,false
APP-200146,CL-443359,Кредит для бизнеса,Отделение,Приволжский,1200000,2025-04-30 11:53:00,CRM,false
APP-202104,CL-436548,Кредит для бизнеса,Мобильное приложение,Южный,800000,2025-06-14 13:35:00,CRM,false
APP-203051,CL-405771,Кредит для бизнеса,Мобильное приложение,Приволжский,5000000,2025-03-15 17:35:00,АБС,false
APP-203108,CL-402267,Кредитная карта,Мобильное приложение,Приволжский,500000,2025-01-29 15:16:00,АБС,false
APP-202388,CL-431972,Автокредит,Мобильное приложение,Приволжский,300000,2025-06-04 16:42:00,АБС,false
APP-202009,CL-436124,Кредитная карта,Отделение,Северо-Западный,150000,2025-06-29 19:14:00,АБС,false
APP-202514,CL-415008,Кредит наличными,Партнёрская сеть,Приволжский,500000,2025-07-12 11:15:00,CRM,false
APP-202215,CL-403980,Автокредит,Отделение,Северо-Западный,5000000,2025-04-12 14:03:00,АБС,false
APP-200788,CL-439350,Кредит наличными,Партнёрская сеть,Приволжский,5000000,2025-05-15 13:48:00,CRM,false
APP-201837,CL-415285,Кредит для бизнеса,Отделение,Центральный,800000,2025-02-28 10:21:00,АБС,false
APP-202924,CL-451746,Кредит для бизнеса,Корпоративный менеджер,Северо-Западный,2500000,2025-03-21 11:57:00,АБС,false
APP-200718,CL-439121,Кредит для бизнеса,Мобильное приложение,Центральный,5000000,2025-01-19 10:47:00,АБС,false
APP-200933,CL-459191,Кредитная карта,Отделение,Центральный,500000,2025-04-26 15:46:00,АБС,false
APP-202887,CL-422175,Кредит для бизнеса,Мобильное приложение,Центральный,800000,2025-02-24 19:43:00,CRM,false
APP-200960,CL-429144,Автокредит,Отделение,Центральный,150000,2025-05-07 18:20:00,CRM,false
APP-200914,CL-458364,Кредитная карта,Мобильное приложение,Южный,800000,2025-05-10 13:06:00,АБС,false
APP-202903,CL-427096,Кредит наличными,Мобильное приложение,Южный,300000,2025-05-24 14:45:00,АБС,false
APP-200877,CL-455981,Кредит для бизнеса,Партнёрская сеть,Южный,150000,2025-05-15 19:01:00,АБС,false
APP-203339,CL-457097,Автокредит,Корпоративный менеджер,Южный,500000,2025-01-27 09:13:00,CRM,false
APP-202410,CL-412476,Кредит для бизнеса,Мобильное приложение,Южный,800000,2025-05-14 09:10:00,АБС,false
APP-200953,CL-438697,Кредитная карта,Мобильное приложение,Сибирский,300000,2025-05-05 19:11:00,АБС,false
APP-202362,CL-419162,Кредитная карта,Отделение,Южный,500000,2025-02-22 18:14:00,АБС,false
APP-201124,CL-447483,Кредит наличными,Отделение,Сибирский,1200000,2025-03-09 11:57:00,АБС,false
APP-200611,CL-419218,Кредитная карта,Корпоративный менеджер,Центральный,5000000,2025-07-13 08:11:00,CRM,false
APP-200325,CL-416081,Кредит для бизнеса,Отделение,Центральный,800000,2025-06-17 13:59:00,АБС,false
APP-200424,CL-420287,Кредит наличными,Мобильное приложение,Северо-Западный,150000,2025-04-04 09:45:00,АБС,false
APP-203134,CL-426332,Кредитная карта,Партнёрская сеть,Центральный,150000,2025-02-17 18:51:00,CRM,false
APP-201493,CL-401021,Кредит наличными,Партнёрская сеть,Южный,800000,2025-05-24 09:24:00,CRM,false
APP-203439,CL-418123,Кредитная карта,Партнёрская сеть,Северо-Западный,2500000,2025-02-07 19:47:00,CRM,false
APP-202463,CL-429832,Кредит для бизнеса,Мобильное приложение,Центральный,5000000,2025-02-14 16:10:00,CRM,false
APP-202856,CL-448962,Кредит наличными,Мобильное приложение,Сибирский,1200000,2025-03-02 13:43:00,АБС,false
APP-201224,CL-439522,Автокредит,Корпоративный менеджер,Южный,5000000,2025-01-25 15:16:00,АБС,false
APP-200655,CL-407667,Кредитная карта,Партнёрская сеть,Южный,2500000,2025-05-16 12:05:00,АБС,false
APP-201964,CL-402691,Кредит для бизнеса,Отделение,Приволжский,2500000,2025-06-11 11:46:00,CRM,false
APP-200198,CL-TEST,Автокредит,Мобильное приложение,Северо-Западный,1200000,2025-07-07 16:51:00,АБС,true
APP-201444,CL-447078,Автокредит,Корпоративный менеджер,Северо-Западный,5000000,2025-07-27 12:53:00,CRM,false
APP-201957,CL-414048,Кредит для бизнеса,Партнёрская сеть,Центральный,150000,2025-08-03 15:29:00,АБС,false
APP-201642,CL-454068,Кредит наличными,Отделение,Сибирский,300000,2025-06-20 10:55:00,CRM,false
APP-201363,CL-437715,Автокредит,Корпоративный менеджер,Южный,5000000,2025-04-20 09:46:00,CRM,false
APP-202054,CL-403619,Автокредит,Мобильное приложение,Приволжский,2500000,2025-04-20 17:13:00,АБС,false
APP-202545,CL-451678,Автокредит,Корпоративный менеджер,Южный,5000000,2025-02-11 15:00:00,CRM,false
APP-200561,CL-424465,Кредит для бизнеса,Отделение,Центральный,500000,2025-07-19 14:21:00,АБС,false
APP-202870,CL-429322,Кредит наличными,Мобильное приложение,Южный,2500000,2025-03-10 09:46:00,АБС,false
APP-202864,CL-435743,Кредит наличными,Мобильное приложение,Центральный,300000,2025-07-10 14:58:00,АБС,false
APP-201939,CL-430986,Кредит наличными,Корпоративный менеджер,Приволжский,2500000,2025-05-28 16:17:00,АБС,false
APP-200807,CL-428804,Кредит наличными,Корпоративный менеджер,Южный,300000,2025-06-13 11:04:00,CRM,false
APP-201451,CL-424900,Кредит наличными,Отделение,Центральный,800000,2025-05-24 19:26:00,АБС,false
APP-202265,CL-430513,Кредит для бизнеса,Отделение,Южный,800000,2025-01-24 09:14:00,АБС,false
APP-201049,CL-437232,Автокредит,Мобильное приложение,Сибирский,300000,2025-07-28 10:09:00,CRM,false
APP-202416,CL-436396,Автокредит,Партнёрская сеть,Приволжский,1200000,2025-06-01 09:20:00,CRM,false
APP-202603,CL-459862,Кредит наличными,Отделение,Центральный,800000,2025-06-30 09:53:00,CRM,false
APP-201340,CL-411789,Кредит для бизнеса,Корпоративный менеджер,Центральный,2500000,2025-02-25 11:26:00,CRM,false
APP-200834,CL-449298,Автокредит,Отделение,Южный,2500000,2025-04-14 10:31:00,CRM,false
APP-203303,CL-417280,Кредит наличными,Отделение,Приволжский,300000,2025-04-30 18:00:00,АБС,false
APP-200495,CL-TEST,Кредитная карта,Партнёрская сеть,Центральный,500000,2025-06-14 15:49:00,АБС,true
APP-201673,CL-425469,Кредит наличными,Отделение,Северо-Западный,300000,2025-03-28 17:52:00,АБС,false
APP-200983,CL-426063,Кредит для бизнеса,Отделение,Центральный,1200000,2025-06-26 17:38:00,АБС,false
APP-202272,CL-431224,Кредит наличными,Мобильное приложение,Приволжский,800000,2025-07-12 10:56:00,CRM,false
APP-200037,CL-450721,Кредитная карта,Партнёрская сеть,Сибирский,2500000,2025-01-18 12:58:00,CRM,false
APP-203456,CL-412035,Кредит наличными,Мобильное приложение,Центральный,5000000,2025-05-18 11:12:00,CRM,false
APP-200482,CL-457891,Кредит для бизнеса,Отделение,Северо-Западный,2500000,2025-04-07 14:07:00,АБС,false
APP-203235,CL-447714,Кредит для бизнеса,Партнёрская сеть,Северо-Западный,800000,2025-03-30 08:47:00,АБС,false
APP-202414,CL-TEST,Кредитная карта,Корпоративный менеджер,Приволжский,800000,2025-05-09 08:29:00,CRM,true
APP-201182,CL-445096,Кредит наличными,Корпоративный менеджер,Северо-Западный,150000,2025-02-16 11:39:00,CRM,false
APP-201733,CL-427368,Кредитная карта,Мобильное приложение,Сибирский,800000,2025-06-25 12:39:00,АБС,false
APP-201523,CL-457599,Кредитная карта,Отделение,Центральный,2500000,2025-06-09 13:53:00,АБС,false
APP-202720,CL-408648,Кредит наличными,Отделение,Сибирский,2500000,2025-06-27 08:52:00,CRM,false
APP-203405,CL-437930,Кредит для бизнеса,Мобильное приложение,Приволжский,800000,2025-04-09 08:40:00,АБС,false
APP-201315,CL-422909,Кредит наличными,Партнёрская сеть,Приволжский,300000,2025-07-19 13:03:00,АБС,false
APP-202335,CL-411739,Кредитная карта,Корпоративный менеджер,Сибирский,150000,2025-01-10 13:07:00,АБС,false
APP-201779,CL-444414,Кредитная карта,Корпоративный менеджер,Северо-Западный,2500000,2025-06-02 09:31:00,АБС,false
APP-202125,CL-412424,Кредит для бизнеса,Отделение,Южный,2500000,2025-04-22 15:55:00,CRM,false
APP-202008,CL-459042,Кредит наличными,Мобильное приложение,Приволжский,500000,2025-02-01 13:15:00,АБС,false
APP-200021,CL-433620,Кредит наличными,Отделение,Сибирский,1200000,2025-07-27 08:13:00,CRM,false
APP-200805,CL-433768,Кредит наличными,Партнёрская сеть,Приволжский,500000,2025-07-04 13:50:00,CRM,false
APP-201138,CL-415738,Кредит наличными,Корпоративный менеджер,Приволжский,800000,2025-02-15 08:35:00,АБС,false
APP-202148,CL-457592,Кредит для бизнеса,Отделение,Приволжский,150000,2025-04-27 19:20:00,АБС,false
APP-202891,CL-426737,Кредит наличными,Корпоративный менеджер,Северо-Западный,1200000,2025-05-23 18:42:00,CRM,false
APP-201594,CL-411935,Кредит для бизнеса,Корпоративный менеджер,Южный,5000000,2025-04-24 09:29:00,CRM,false
APP-200010,CL-440504,Кредит наличными,Партнёрская сеть,Северо-Западный,2500000,2025-01-13 13:37:00,АБС,false
APP-201294,CL-441297,Автокредит,Партнёрская сеть,Южный,1200000,2025-01-22 15:24:00,АБС,false
APP-201609,CL-406072,Кредитная карта,Мобильное приложение,Центральный,300000,2025-06-23 16:52:00,АБС,false
APP-201889,CL-427985,Кредит для бизнеса,Корпоративный менеджер,Приволжский,5000000,2025-01-12 17:02:00,АБС,false
APP-202254,CL-451896,Автокредит,Корпоративный менеджер,Северо-Западный,5000000,2025-02-24 16:23:00,АБС,false
APP-202325,CL-404266,Автокредит,Корпоративный менеджер,Северо-Западный,500000,2025-03-12 14:42:00,АБС,false
APP-201175,CL-401360,Кредит наличными,Мобильное приложение,Центральный,1200000,2025-02-15 16:56:00,АБС,false
APP-200151,CL-449240,Кредитная карта,Корпоративный менеджер,Приволжский,500000,2025-07-02 09:04:00,АБС,false
APP-202729,CL-415493,Кредит наличными,Мобильное приложение,Приволжский,800000,2025-07-25 13:57:00,CRM,false
APP-200174,CL-TEST,Кредит для бизнеса,Мобильное приложение,Северо-Западный,1200000,2025-03-01 16:45:00,АБС,true
APP-203554,CL-411192,Кредит для бизнеса,Отделение,Центральный,150000,2025-06-21 16:55:00,АБС,false
APP-200519,CL-444996,Кредит для бизнеса,Корпоративный менеджер,Северо-Западный,2500000,2025-05-05 13:40:00,АБС,false
APP-201367,CL-423614,Автокредит,Отделение,Центральный,2500000,2025-06-27 08:33:00,АБС,false
APP-202754,CL-459969,Кредит наличными,Партнёрская сеть,Южный,800000,2025-01-07 08:17:00,АБС,false
APP-202706,CL-429859,Кредит для бизнеса,Партнёрская сеть,Южный,800000,2025-07-25 15:08:00,АБС,false
APP-201392,CL-452125,Кредит для бизнеса,Партнёрская сеть,Северо-Западный,5000000,2025-01-14 12:12:00,АБС,false
APP-200306,CL-421246,Кредит для бизнеса,Мобильное приложение,Приволжский,5000000,2025-01-29 10:33:00,CRM,false
APP-201350,CL-452347,Автокредит,Мобильное приложение,Южный,2500000,2025-07-13 12:09:00,CRM,false
APP-201821,CL-452179,Кредит для бизнеса,Отделение,Северо-Западный,300000,2025-02-25 10:30:00,АБС,false
APP-201020,CL-429191,Кредит для бизнеса,Мобильное приложение,Центральный,800000,2025-05-12 15:30:00,CRM,false
APP-202307,CL-400075,Кредит для бизнеса,Отделение,Приволжский,800000,2025-07-31 18:59:00,АБС,false
APP-200510,CL-403784,Кредитная карта,Отделение,Центральный,300000,2025-01-22 11:14:00,CRM,false
APP-201695,CL-444688,Автокредит,Мобильное приложение,Центральный,1200000,2025-02-03 13:30:00,АБС,false
APP-201906,CL-431383,Кредит наличными,Отделение,Северо-Западный,500000,2025-06-18 11:13:00,CRM,false
APP-202315,CL-421998,Кредит для бизнеса,Партнёрская сеть,Приволжский,1200000,2025-01-26 15:22:00,CRM,false
APP-201661,CL-410063,Кредит для бизнеса,Партнёрская сеть,Центральный,1200000,2025-01-24 17:07:00,АБС,false
APP-202638,CL-427979,Кредит наличными,Отделение,Северо-Западный,800000,2025-07-05 13:58:00,АБС,false
APP-200598,CL-446486,Кредит наличными,Отделение,Южный,1200000,2025-01-29 13:00:00,АБС,false
APP-202843,CL-444816,Кредит для бизнеса,Корпоративный менеджер,Южный,1200000,2025-04-01 11:04:00,CRM,false
APP-200167,CL-448708,Кредит для бизнеса,Отделение,Северо-Западный,300000,2025-07-08 09:52:00,АБС,false
APP-203248,CL-432950,Кредитная карта,Партнёрская сеть,Центральный,300000,2025-06-22 15:23:00,АБС,false
APP-201044,CL-405700,Кредитная карта,Корпоративный менеджер,Приволжский,800000,2025-06-13 19:44:00,АБС,false
APP-202099,CL-443800,Кредитная карта,Отделение,Сибирский,5000000,2025-05-08 16:59:00,CRM,false
APP-201848,CL-426853,Кредитная карта,Партнёрская сеть,Южный,500000,2025-03-06 10:56:00,АБС,false
APP-201011,CL-420436,Кредит для бизнеса,Корпоративный менеджер,Южный,500000,2025-07-04 17:09:00,CRM,false
APP-200403,CL-459922,Автокредит,Корпоративный менеджер,Южный,150000,2025-04-08 17:30:00,АБС,false
APP-201230,CL-418063,Автокредит,Мобильное приложение,Южный,800000,2025-04-11 10:52:00,АБС,false
APP-200710,CL-439515,Кредит наличными,Партнёрская сеть,Приволжский,800000,2025-04-09 18:12:00,CRM,false
APP-201809,CL-439915,Кредит для бизнеса,Партнёрская сеть,Северо-Западный,1200000,2025-03-18 11:07:00,CRM,false
APP-200060,CL-406814,Кредитная карта,Отделение,Южный,300000,2025-06-10 11:30:00,CRM,false
APP-201279,CL-453888,Кредитная карта,Отделение,Северо-Западный,5000000,2025-02-24 14:31:00,АБС,false
APP-202041,CL-439779,Автокредит,Партнёрская сеть,Северо-Западный,1200000,2025-08-03 18:06:00,CRM,false
APP-203575,CL-412888,Кредит для бизнеса,Корпоративный менеджер,Центральный,150000,2025-04-04 11:52:00,АБС,false
APP-200601,CL-457265,Кредитная карта,Партнёрская сеть,Южный,150000,2025-05-27 13:34:00,АБС,false
APP-203222,CL-406057,Кредит наличными,Партнёрская сеть,Центральный,5000000,2025-06-23 18:27:00,АБС,false
APP-203004,CL-430625,Кредит для бизнеса,Мобильное приложение,Центральный,300000,2025-04-05 13:50:00,CRM,false
APP-203465,CL-457792,Кредит наличными,Отделение,Приволжский,1200000,2025-07-16 18:01:00,АБС,false
APP-201937,CL-426995,Кредит наличными,Мобильное приложение,Южный,800000,2025-03-01 08:19:00,АБС,false
APP-202530,CL-430902,Кредитная карта,Мобильное приложение,Центральный,800000,2025-01-21 19:56:00,АБС,false
APP-200931,CL-457930,Кредит для бизнеса,Отделение,Центральный,5000000,2025-03-24 11:53:00,CRM,false
APP-203111,CL-400483,Автокредит,Партнёрская сеть,Приволжский,500000,2025-07-21 13:58:00,АБС,false
APP-202120,CL-426365,Кредит для бизнеса,Корпоративный менеджер,Центральный,500000,2025-06-17 15:14:00,АБС,false
APP-200277,CL-426022,Кредит наличными,Отделение,Южный,1200000,2025-07-14 12:38:00,АБС,false
APP-203414,CL-408698,Кредит для бизнеса,Мобильное приложение,Центральный,500000,2025-02-23 17:43:00,АБС,false
APP-201618,CL-TEST,Кредит наличными,Отделение,Приволжский,500000,2025-02-11 08:34:00,АБС,true
APP-203329,CL-425997,Кредит для бизнеса,Корпоративный менеджер,Центральный,2500000,2025-06-13 10:09:00,CRM,false
APP-203186,CL-409754,Кредит наличными,Мобильное приложение,Сибирский,1200000,2025-04-11 16:24:00,CRM,false
APP-202337,CL-449545,Кредит для бизнеса,Мобильное приложение,Северо-Западный,300000,2025-07-30 10:46:00,CRM,false
APP-203337,CL-407255,Кредит наличными,Мобильное приложение,Приволжский,5000000,2025-04-19 17:29:00,АБС,false
APP-200297,CL-454625,Кредитная карта,Партнёрская сеть,Южный,800000,2025-02-21 11:26:00,АБС,false
APP-200796,CL-452434,Кредит для бизнеса,Отделение,Южный,500000,2025-03-22 10:37:00,АБС,false
APP-202206,CL-413569,Кредит наличными,Мобильное приложение,Северо-Западный,800000,2025-07-14 18:10:00,CRM,false
APP-200445,CL-430024,Кредит наличными,Мобильное приложение,Центральный,150000,2025-01-19 18:41:00,АБС,false
APP-201385,CL-446767,Автокредит,Корпоративный менеджер,Приволжский,800000,2025-06-25 08:45:00,АБС,false
APP-201303,CL-420838,Кредит для бизнеса,Отделение,Приволжский,300000,2025-06-13 15:20:00,CRM,false
APP-201191,CL-422210,Кредит наличными,Отделение,Северо-Западный,500000,2025-06-14 09:15:00,АБС,false
APP-203441,CL-440472,Кредит наличными,Мобильное приложение,Сибирский,150000,2025-03-31 16:59:00,АБС,false
APP-201656,CL-438580,Кредит для бизнеса,Отделение,Приволжский,5000000,2025-05-19 12:22:00,CRM,false
APP-203290,CL-424639,Кредит для бизнеса,Отделение,Северо-Западный,2500000,2025-04-01 16:22:00,CRM,false
APP-200373,CL-433483,Кредитная карта,Мобильное приложение,Приволжский,2500000,2025-06-25 15:44:00,АБС,false
APP-203085,CL-423347,Кредитная карта,Отделение,Приволжский,1200000,2025-04-30 10:38:00,CRM,false
APP-203588,CL-406098,Кредит наличными,Отделение,Сибирский,2500000,2025-02-16 18:18:00,CRM,false
APP-203137,CL-455603,Автокредит,Отделение,Северо-Западный,1200000,2025-05-20 13:43:00,АБС,false
APP-203472,CL-418657,Кредит наличными,Мобильное приложение,Южный,500000,2025-06-14 19:30:00,АБС,false
APP-201158,CL-455185,Кредит наличными,Мобильное приложение,Южный,150000,2025-03-26 16:38:00,АБС,false
APP-201558,CL-426764,Кредитная карта,Корпоративный менеджер,Северо-Западный,300000,2025-08-02 19:02:00,АБС,false
APP-202762,CL-452079,Кредитная карта,Партнёрская сеть,Сибирский,300000,2025-06-17 17:46:00,АБС,false
APP-202873,CL-449210,Автокредит,Корпоративный менеджер,Северо-Западный,300000,2025-02-04 12:21:00,АБС,false
APP-203366,CL-433525,Кредит наличными,Корпоративный менеджер,Центральный,500000,2025-04-23 17:40:00,АБС,false
APP-200263,CL-444779,Кредитная карта,Отделение,Приволжский,2500000,2025-01-11 11:27:00,CRM,false
APP-201596,CL-405483,Кредит наличными,Мобильное приложение,Южный,2500000,2025-04-01 19:42:00,АБС,false
APP-202824,CL-458152,Кредитная карта,Мобильное приложение,Приволжский,5000000,2025-03-31 19:46:00,АБС,false
APP-200217,CL-407576,Кредит для бизнеса,Партнёрская сеть,Северо-Западный,800000,2025-05-14 15:39:00,CRM,false
APP-202677,CL-409612,Кредит наличными,Партнёрская сеть,Приволжский,1200000,2025-07-06 10:06:00,АБС,false
APP-201362,CL-443877,Кредит для бизнеса,Отделение,Центральный,5000000,2025-02-28 15:45:00,АБС,false
APP-203141,CL-427124,Кредит наличными,Отделение,Приволжский,150000,2025-03-06 16:15:00,CRM,false
APP-201332,CL-434556,Кредит для бизнеса,Мобильное приложение,Северо-Западный,1200000,2025-05-06 13:28:00,АБС,false
APP-202235,CL-438452,Автокредит,Отделение,Центральный,2500000,2025-05-13 11:16:00,АБС,false
APP-200377,CL-443883,Кредит наличными,Мобильное приложение,Центральный,800000,2025-04-19 19:35:00,CRM,false
APP-201267,CL-414430,Кредитная карта,Мобильное приложение,Центральный,1200000,2025-07-06 11:22:00,АБС,false
APP-200932,CL-456383,Кредит наличными,Отделение,Приволжский,800000,2025-04-30 19:20:00,АБС,false
APP-200521,CL-438175,Кредитная карта,Мобильное приложение,Северо-Западный,5000000,2025-04-24 11:04:00,АБС,false
APP-202734,CL-433085,Автокредит,Мобильное приложение,Северо-Западный,300000,2025-07-01 17:44:00,АБС,false
APP-202823,CL-428604,Кредитная карта,Корпоративный менеджер,Южный,1200000,2025-08-03 16:06:00,АБС,false
APP-202937,CL-408887,Автокредит,Партнёрская сеть,Центральный,2500000,2025-04-16 11:57:00,CRM,false
APP-200025,CL-430511,Кредит наличными,Мобильное приложение,Сибирский,2500000,2025-01-30 08:05:00,CRM,false
APP-201880,CL-416062,Кредитная карта,Партнёрская сеть,Северо-Западный,150000,2025-07-30 12:20:00,CRM,false
APP-200109,CL-451709,Кредит для бизнеса,Отделение,Южный,150000,2025-05-19 19:46:00,CRM,false
APP-200086,CL-436098,Кредитная карта,Мобильное приложение,Центральный,150000,2025-02-23 16:06:00,АБС,false
APP-200486,CL-446902,Автокредит,Мобильное приложение,Южный,1200000,2025-01-23 19:38:00,АБС,false
APP-200929,CL-428498,Автокредит,Мобильное приложение,Южный,5000000,2025-01-09 17:02:00,АБС,false
APP-202820,CL-435500,Кредит наличными,Мобильное приложение,Приволжский,300000,2025-02-01 13:02:00,АБС,false
APP-200289,CL-452464,Кредит наличными,Отделение,Центральный,500000,2025-05-15 08:54:00,АБС,false
APP-201853,CL-403692,Кредитная карта,Отделение,Центральный,150000,2025-03-30 15:57:00,CRM,false
APP-200013,CL-412700,Кредитная карта,Отделение,Южный,150000,2025-07-23 11:30:00,АБС,false
APP-202575,CL-443419,Кредит для бизнеса,Отделение,Сибирский,2500000,2025-04-05 12:53:00,АБС,false
APP-203061,CL-400556,Кредитная карта,Отделение,Северо-Западный,500000,2025-05-01 08:57:00,CRM,false
APP-203360,CL-458857,Автокредит,Мобильное приложение,Центральный,2500000,2025-04-17 18:43:00,АБС,false
APP-202919,CL-445493,Кредит наличными,Корпоративный менеджер,Центральный,150000,2025-05-19 11:43:00,АБС,false
APP-200581,CL-410385,Кредит наличными,Партнёрская сеть,Северо-Западный,2500000,2025-03-29 15:16:00,CRM,false
APP-202913,CL-431700,Кредит для бизнеса,Партнёрская сеть,Центральный,300000,2025-05-20 08:01:00,АБС,false
APP-201918,CL-446108,Кредитная карта,Отделение,Южный,800000,2025-03-23 08:50:00,CRM,false
APP-202915,CL-412761,Кредит для бизнеса,Мобильное приложение,Сибирский,2500000,2025-07-19 19:06:00,АБС,false
APP-202212,CL-426271,Кредитная карта,Отделение,Южный,150000,2025-06-16 18:28:00,CRM,false
APP-203389,CL-423506,Кредит для бизнеса,Мобильное приложение,Северо-Западный,2500000,2025-02-02 08:34:00,АБС,false
APP-203574,CL-454401,Кредит наличными,Корпоративный менеджер,Сибирский,5000000,2025-01-14 19:29:00,CRM,false
APP-200684,CL-408983,Кредит наличными,Мобильное приложение,Центральный,5000000,2025-07-04 10:39:00,АБС,false
APP-203470,CL-451132,Автокредит,Отделение,Сибирский,150000,2025-06-04 09:34:00,CRM,false
APP-200786,CL-448461,Кредитная карта,Корпоративный менеджер,Южный,150000,2025-05-14 08:09:00,АБС,false
APP-203501,CL-421874,Автокредит,Мобильное приложение,Приволжский,2500000,2025-01-23 15:37:00,АБС,false
APP-203197,CL-443451,Кредитная карта,Отделение,Приволжский,500000,2025-07-18 14:43:00,CRM,false
APP-201670,CL-412463,Автокредит,Партнёрская сеть,Южный,150000,2025-07-31 17:38:00,АБС,false
APP-200841,CL-450933,Кредитная карта,Отделение,Приволжский,2500000,2025-02-08 19:47:00,АБС,false
APP-203081,CL-413761,Кредитная карта,Корпоративный менеджер,Центральный,500000,2025-05-29 15:35:00,АБС,false
APP-201682,CL-402771,Кредитная карта,Партнёрская сеть,Сибирский,1200000,2025-04-19 19:35:00,АБС,false
APP-203513,CL-456978,Кредитная карта,Партнёрская сеть,Приволжский,150000,2025-06-23 10:02:00,CRM,false
APP-200026,CL-418994,Кредит наличными,Корпоративный менеджер,Северо-Западный,800000,2025-06-07 13:56:00,АБС,false
APP-201887,CL-427060,Кредит наличными,Корпоративный менеджер,Центральный,300000,2025-03-11 09:44:00,АБС,false
APP-201722,CL-458702,Кредит наличными,Отделение,Северо-Западный,500000,2025-06-18 08:59:00,CRM,false
APP-201518,CL-TEST,Автокредит,Мобильное приложение,Южный,300000,2025-08-02 10:51:00,АБС,true
APP-202569,CL-406260,Кредитная карта,Мобильное приложение,Северо-Западный,5000000,2025-07-28 19:45:00,CRM,false
APP-201793,CL-418481,Кредит наличными,Мобильное приложение,Центральный,150000,2025-02-22 13:20:00,АБС,false
APP-201784,CL-442611,Кредит для бизнеса,Партнёрская сеть,Приволжский,150000,2025-05-24 16:40:00,CRM,false
APP-203182,CL-413031,Кредит наличными,Партнёрская сеть,Приволжский,500000,2025-04-20 10:10:00,CRM,false
APP-203402,CL-446286,Кредитная карта,Партнёрская сеть,Южный,500000,2025-06-21 11:32:00,АБС,false
APP-202949,CL-405940,Кредит для бизнеса,Партнёрская сеть,Северо-Западный,300000,2025-07-28 14:53:00,АБС,false
APP-201586,CL-412706,Кредит наличными,Мобильное приложение,Центральный,5000000,2025-04-01 13:29:00,АБС,false
APP-201333,CL-428277,Кредитная карта,Отделение,Северо-Западный,1200000,2025-02-09 17:41:00,АБС,false
APP-203000,CL-410208,Кредитная карта,Корпоративный менеджер,Приволжский,300000,2025-02-07 14:25:00,АБС,false
APP-201758,CL-434762,Кредит наличными,Отделение,Центральный,800000,2025-07-12 13:37:00,АБС,false
APP-203149,CL-415012,Кредит для бизнеса,Партнёрская сеть,Сибирский,500000,2025-07-04 14:00:00,CRM,false
APP-200753,CL-407934,Кредит наличными,Мобильное приложение,Южный,150000,2025-04-01 13:29:00,АБС,false
APP-202867,CL-459664,Кредит для бизнеса,Отделение,Приволжский,500000,2025-07-11 14:21:00,АБС,false
APP-203168,CL-421430,Кредит наличными,Мобильное приложение,Южный,500000,2025-07-31 17:43:00,АБС,false
APP-201968,CL-422954,Кредит наличными,Партнёрская сеть,Сибирский,1200000,2025-05-24 15:24:00,АБС,false
APP-200355,CL-405470,Кредит наличными,Партнёрская сеть,Центральный,2500000,2025-01-28 16:35:00,CRM,false
APP-201866,CL-414471,Кредит для бизнеса,Мобильное приложение,Сибирский,150000,2025-02-02 11:56:00,АБС,false
APP-200400,CL-452876,Кредит наличными,Отделение,Центральный,150000,2025-01-31 16:25:00,АБС,false
APP-200343,CL-411753,Автокредит,Мобильное приложение,Центральный,300000,2025-06-13 17:33:00,АБС,false
APP-200500,CL-406224,Кредит для бизнеса,Мобильное приложение,Центральный,150000,2025-06-15 09:30:00,АБС,false
APP-201777,CL-415144,Кредит наличными,Партнёрская сеть,Центральный,1200000,2025-04-26 13:12:00,CRM,false
APP-201921,CL-450482,Автокредит,Отделение,Северо-Западный,2500000,2025-02-17 13:54:00,АБС,false
APP-202316,CL-404603,Кредитная карта,Мобильное приложение,Сибирский,800000,2025-01-10 09:16:00,CRM,false
APP-201706,CL-438635,Автокредит,Мобильное приложение,Южный,800000,2025-04-20 08:27:00,CRM,false
APP-202849,CL-459220,Кредитная карта,Партнёрская сеть,Южный,5000000,2025-07-30 10:44:00,CRM,false
APP-202031,CL-414459,Кредит наличными,Партнёрская сеть,Приволжский,1200000,2025-04-08 12:29:00,CRM,false
APP-200431,CL-449373,Кредитная карта,Мобильное приложение,Приволжский,2500000,2025-02-07 08:56:00,АБС,false
APP-201588,CL-428390,Кредит наличными,Корпоративный менеджер,Южный,150000,2025-04-21 15:31:00,АБС,false
APP-202059,CL-436047,Кредитная карта,Мобильное приложение,Приволжский,1200000,2025-01-07 18:36:00,CRM,false
APP-203296,CL-426878,Кредит наличными,Партнёрская сеть,Центральный,300000,2025-01-24 11:15:00,CRM,false
APP-200563,CL-443204,Кредит для бизнеса,Отделение,Центральный,5000000,2025-06-29 16:12:00,АБС,false
APP-201007,CL-410409,Кредит для бизнеса,Отделение,Сибирский,500000,2025-03-12 10:46:00,CRM,false
APP-201504,CL-TEST,Автокредит,Мобильное приложение,Южный,300000,2025-01-17 12:37:00,CRM,true
APP-203015,CL-444216,Автокредит,Партнёрская сеть,Южный,2500000,2025-02-03 09:10:00,CRM,false
APP-201927,CL-414804,Кредит для бизнеса,Корпоративный менеджер,Южный,500000,2025-05-21 14:44:00,АБС,false
APP-200329,CL-426019,Автокредит,Мобильное приложение,Центральный,300000,2025-01-26 11:23:00,CRM,false
APP-201272,CL-403478,Кредит наличными,Партнёрская сеть,Центральный,800000,2025-02-08 15:57:00,АБС,false
APP-200820,CL-423705,Кредит для бизнеса,Мобильное приложение,Северо-Западный,800000,2025-02-04 17:32:00,CRM,false
APP-201498,CL-447204,Кредитная карта,Мобильное приложение,Центральный,800000,2025-04-09 15:29:00,АБС,false
APP-200153,CL-451173,Кредит наличными,Отделение,Сибирский,800000,2025-01-27 18:05:00,АБС,false
APP-201303,CL-420838,Кредит для бизнеса,Отделение,Приволжский,300000,2025-06-13 15:20:00,CRM,false
APP-200752,CL-401873,Кредитная карта,Отделение,Северо-Западный,150000,2025-06-07 11:40:00,АБС,false
APP-200258,CL-400234,Кредит для бизнеса,Отделение,Северо-Западный,1200000,2025-07-18 09:12:00,CRM,false
APP-202663,CL-417846,Кредит наличными,Корпоративный менеджер,Центральный,2500000,2025-05-06 17:06:00,CRM,false
APP-200894,CL-456848,Кредит для бизнеса,Корпоративный менеджер,Северо-Западный,1200000,2025-07-07 10:05:00,CRM,false
APP-202188,CL-415852,Кредит для бизнеса,Корпоративный менеджер,Приволжский,800000,2025-03-09 13:18:00,АБС,false
APP-202161,CL-441110,Кредит наличными,Мобильное приложение,Центральный,500000,2025-04-24 10:37:00,CRM,false
APP-201180,CL-435794,Автокредит,Отделение,Северо-Западный,300000,2025-08-03 08:15:00,АБС,false
APP-200384,CL-448133,Кредитная карта,Мобильное приложение,Приволжский,2500000,2025-04-26 15:08:00,АБС,false
APP-201300,CL-416304,Кредит наличными,Отделение,Центральный,150000,2025-03-07 16:25:00,АБС,false
APP-201018,CL-444589,Кредит для бизнеса,Отделение,Северо-Западный,500000,2025-05-19 17:37:00,АБС,false
APP-202898,CL-419243,Кредит для бизнеса,Партнёрская сеть,Сибирский,5000000,2025-05-10 19:41:00,АБС,false
APP-202063,CL-436461,Кредит наличными,Партнёрская сеть,Центральный,2500000,2025-04-07 19:24:00,CRM,false
APP-201447,CL-456837,Кредитная карта,Партнёрская сеть,Центральный,2500000,2025-03-06 16:51:00,CRM,false
APP-203255,CL-442459,Кредитная карта,Мобильное приложение,Южный,300000,2025-07-02 15:58:00,АБС,false
APP-200937,CL-436613,Кредит для бизнеса,Мобильное приложение,Приволжский,1200000,2025-03-19 10:31:00,CRM,false
APP-203213,CL-420449,Кредит наличными,Мобильное приложение,Центральный,5000000,2025-06-20 09:07:00,CRM,false
APP-201106,CL-442316,Кредит для бизнеса,Отделение,Центральный,150000,2025-04-16 09:50:00,АБС,false
APP-202018,CL-419610,Автокредит,Мобильное приложение,Центральный,1200000,2025-05-15 11:23:00,CRM,false
APP-200720,CL-430345,Кредит наличными,Мобильное приложение,Северо-Западный,500000,2025-02-24 16:09:00,CRM,false
APP-200646,CL-458056,Кредит для бизнеса,Партнёрская сеть,Приволжский,5000000,2025-06-23 11:33:00,АБС,false
APP-201951,CL-428547,Кредитная карта,Мобильное приложение,Приволжский,500000,2025-06-06 09:14:00,АБС,false
APP-202250,CL-435246,Кредит для бизнеса,Мобильное приложение,Южный,5000000,2025-03-11 18:21:00,АБС,false
APP-203094,CL-420296,Кредит наличными,Отделение,Центральный,500000,2025-07-14 19:01:00,АБС,false
APP-202960,CL-403641,Кредит наличными,Отделение,Сибирский,800000,2025-03-10 15:53:00,АБС,false
APP-201205,CL-429286,Автокредит,Партнёрская сеть,Центральный,1200000,2025-07-03 19:39:00,CRM,false
APP-201484,CL-403465,Кредит наличными,Корпоративный менеджер,Приволжский,500000,2025-02-09 12:34:00,CRM,false
APP-203506,CL-436318,Кредит наличными,Корпоративный менеджер,Центральный,5000000,2025-03-04 19:58:00,CRM,false
APP-203155,CL-429600,Кредитная карта,Отделение,Северо-Западный,1200000,2025-07-27 12:49:00,CRM,false
APP-202029,CL-400967,Автокредит,Партнёрская сеть,Приволжский,800000,2025-07-22 19:17:00,CRM,false
APP-200651,CL-445560,Кредит наличными,Мобильное приложение,Центральный,150000,2025-07-01 13:02:00,CRM,false
APP-203489,CL-413150,Кредит наличными,Мобильное приложение,Южный,150000,2025-02-08 09:46:00,АБС,false
APP-202633,CL-403336,Кредит наличными,Отделение,Южный,5000000,2025-02-26 17:49:00,АБС,false
APP-200429,CL-418739,Кредитная карта,Отделение,Северо-Западный,800000,2025-03-29 14:31:00,CRM,false
APP-203058,CL-443788,Кредитная карта,Партнёрская сеть,Северо-Западный,300000,2025-05-26 12:12:00,АБС,false
APP-201510,CL-403458,Кредит наличными,Корпоративный менеджер,Южный,500000,2025-05-02 10:29:00,АБС,false
APP-202373,CL-419064,Кредит наличными,Отделение,Центральный,2500000,2025-05-04 16:43:00,CRM,false
APP-200787,CL-423086,Автокредит,Отделение,Центральный,5000000,2025-05-14 12:24:00,CRM,false
APP-201963,CL-455405,Кредит наличными,Партнёрская сеть,Сибирский,1200000,2025-01-06 11:35:00,АБС,false
APP-201165,CL-449864,Автокредит,Партнёрская сеть,Центральный,2500000,2025-07-15 19:30:00,CRM,false
APP-202091,CL-459810,Кредит для бизнеса,Отделение,Северо-Западный,150000,2025-07-09 18:35:00,АБС,false
APP-202907,CL-425947,Кредит наличными,Отделение,Приволжский,1200000,2025-04-19 11:33:00,АБС,false
APP-202836,CL-404938,Кредит наличными,Корпоративный менеджер,Приволжский,800000,2025-01-23 19:15:00,АБС,false
APP-202688,CL-422524,Кредит наличными,Отделение,Северо-Западный,2500000,2025-06-24 11:10:00,CRM,false
APP-202360,CL-455029,Кредит наличными,Мобильное приложение,Северо-Западный,2500000,2025-07-24 11:24:00,АБС,false
APP-202509,CL-459218,Кредит наличными,Отделение,Южный,500000,2025-01-09 16:15:00,CRM,false
APP-202449,CL-424389,Кредитная карта,Мобильное приложение,Северо-Западный,2500000,2025-05-28 17:16:00,АБС,false
APP-200938,CL-448853,Кредитная карта,Партнёрская сеть,Сибирский,1200000,2025-06-13 13:16:00,АБС,false
APP-202171,CL-TEST,Кредит для бизнеса,Мобильное приложение,Сибирский,300000,2025-06-04 11:01:00,CRM,true
APP-200265,CL-455722,Кредитная карта,Партнёрская сеть,Центральный,300000,2025-05-24 19:51:00,АБС,false
APP-200467,CL-445369,Кредит наличными,Мобильное приложение,Приволжский,150000,2025-02-15 16:13:00,АБС,false
APP-201983,CL-445261,Автокредит,Отделение,Приволжский,2500000,2025-04-10 16:48:00,АБС,false
APP-203515,CL-439753,Кредит наличными,Мобильное приложение,Сибирский,5000000,2025-07-31 11:02:00,АБС,false
APP-203430,CL-400039,Кредитная карта,Отделение,Приволжский,5000000,2025-04-20 14:19:00,АБС,false
APP-200308,CL-423688,Кредит наличными,Отделение,Северо-Западный,500000,2025-06-14 09:44:00,АБС,false
APP-202541,CL-448932,Кредитная карта,Отделение,Приволжский,500000,2025-04-24 14:40:00,АБС,false
APP-202968,CL-406301,Автокредит,Мобильное приложение,Центральный,500000,2025-03-11 12:02:00,АБС,false
APP-203343,CL-458181,Кредит наличными,Мобильное приложение,Южный,300000,2025-03-23 11:53:00,АБС,false
APP-203279,CL-420864,Кредит наличными,Отделение,Сибирский,2500000,2025-05-16 09:13:00,АБС,false
APP-203242,CL-415185,Кредитная карта,Отделение,Центральный,300000,2025-01-09 16:59:00,АБС,false
APP-200515,CL-404204,Кредитная карта,Отделение,Приволжский,2500000,2025-01-08 15:31:00,АБС,false
APP-200773,CL-455892,Кредит наличными,Партнёрская сеть,Центральный,800000,2025-03-12 15:42:00,CRM,false
APP-201874,CL-412588,Кредит для бизнеса,Мобильное приложение,Приволжский,150000,2025-07-23 18:32:00,АБС,false
APP-200831,CL-452436,Автокредит,Партнёрская сеть,Центральный,1200000,2025-04-10 09:00:00,АБС,false
APP-200682,CL-437063,Кредит наличными,Партнёрская сеть,Южный,800000,2025-05-10 12:26:00,CRM,false
APP-202639,CL-431409,Кредит наличными,Мобильное приложение,Центральный,1200000,2025-03-31 17:59:00,АБС,false
APP-202872,CL-405140,Кредитная карта,Корпоративный менеджер,Сибирский,500000,2025-03-01 19:55:00,АБС,false
APP-201395,CL-409420,Кредит наличными,Партнёрская сеть,Сибирский,300000,2025-02-05 12:18:00,CRM,false
APP-202583,CL-405082,Кредит наличными,Партнёрская сеть,Центральный,150000,2025-02-24 08:50:00,АБС,false
APP-202519,CL-435482,Кредитная карта,Мобильное приложение,Южный,2500000,2025-04-13 15:27:00,АБС,false
APP-200959,CL-444239,Кредит наличными,Корпоративный менеджер,Приволжский,800000,2025-07-22 17:59:00,АБС,false
APP-200976,CL-415329,Кредитная карта,Мобильное приложение,Приволжский,1200000,2025-01-07 13:04:00,CRM,false
APP-203416,CL-435206,Кредит для бизнеса,Корпоративный менеджер,Приволжский,5000000,2025-06-22 10:05:00,АБС,false
APP-201234,CL-407063,Кредит наличными,Отделение,Центральный,300000,2025-04-17 11:56:00,CRM,false
APP-200861,CL-413414,Кредит наличными,Корпоративный менеджер,Центральный,300000,2025-03-09 10:11:00,АБС,false
APP-203356,CL-454441,Кредит наличными,Партнёрская сеть,Центральный,5000000,2025-07-27 12:46:00,АБС,false
APP-201765,CL-427806,Кредитная карта,Отделение,Северо-Западный,500000,2025-06-12 12:46:00,CRM,false
APP-202278,CL-455961,Автокредит,Партнёрская сеть,Центральный,2500000,2025-01-07 19:24:00,АБС,false
APP-202314,CL-TEST,Кредит для бизнеса,Мобильное приложение,Приволжский,1200000,2025-01-25 10:29:00,CRM,true
APP-201065,CL-455681,Кредит для бизнеса,Корпоративный менеджер,Сибирский,2500000,2025-04-18 12:47:00,CRM,false
APP-200546,CL-419325,Кредитная карта,Мобильное приложение,Южный,150000,2025-04-10 10:10:00,АБС,false
APP-202479,CL-449782,Кредит наличными,Партнёрская сеть,Центральный,500000,2025-05-18 15:35:00,CRM,false
APP-200447,CL-457345,Кредит для бизнеса,Отделение,Северо-Западный,5000000,2025-06-16 09:56:00,CRM,false
APP-202931,CL-434117,Автокредит,Корпоративный менеджер,Южный,2500000,2025-01-27 12:50:00,АБС,false
APP-201082,CL-401824,Кредит наличными,Партнёрская сеть,Центральный,150000,2025-01-18 12:30:00,CRM,false
APP-200880,CL-413232,Кредитная карта,Мобильное приложение,Приволжский,800000,2025-01-21 10:39:00,АБС,false
APP-203590,CL-449542,Кредит для бизнеса,Мобильное приложение,Южный,800000,2025-05-25 18:39:00,АБС,false
APP-203373,CL-439899,Кредитная карта,Мобильное приложение,Сибирский,300000,2025-01-14 13:27:00,CRM,false
APP-200052,CL-422557,Кредитная карта,Отделение,Центральный,2500000,2025-04-28 09:42:00,CRM,false
APP-200530,CL-424083,Кредит наличными,Мобильное приложение,Северо-Западный,300000,2025-02-27 11:04:00,АБС,false
APP-202969,CL-418125,Кредитная карта,Мобильное приложение,Центральный,5000000,2025-03-24 12:48:00,АБС,false
APP-200165,CL-414678,Кредитная карта,Партнёрская сеть,Северо-Западный,2500000,2025-02-01 14:30:00,АБС,false
APP-201506,CL-440521,Автокредит,Мобильное приложение,Приволжский,300000,2025-01-21 11:07:00,CRM,false
APP-201794,CL-431628,Кредит наличными,Партнёрская сеть,Сибирский,5000000,2025-01-13 13:33:00,CRM,false
APP-203268,CL-439111,Кредит для бизнеса,Корпоративный менеджер,Северо-Западный,1200000,2025-05-17 19:52:00,АБС,false
APP-200392,CL-404750,Кредитная карта,Отделение,Сибирский,2500000,2025-06-06 08:56:00,АБС,false
APP-201732,CL-415447,Кредит наличными,Мобильное приложение,Центральный,500000,2025-03-15 14:53:00,CRM,false
APP-202214,CL-422079,Кредит наличными,Мобильное приложение,Центральный,1200000,2025-06-22 11:12:00,АБС,false
APP-201996,CL-409234,Кредитная карта,Отделение,Центральный,300000,2025-01-11 13:15:00,АБС,false
APP-200681,CL-442993,Кредит для бизнеса,Отделение,Сибирский,800000,2025-03-02 08:56:00,CRM,false
APP-200405,CL-452820,Кредит наличными,Партнёрская сеть,Приволжский,300000,2025-04-27 15:47:00,АБС,false
APP-202356,CL-407086,Кредит для бизнеса,Партнёрская сеть,Сибирский,500000,2025-04-14 08:46:00,CRM,false
APP-201967,CL-420300,Кредитная карта,Мобильное приложение,Северо-Западный,150000,2025-01-09 11:23:00,CRM,false
APP-201986,CL-408186,Кредитная карта,Партнёрская сеть,Центральный,300000,2025-07-03 19:22:00,CRM,false
APP-202070,CL-449823,Кредит для бизнеса,Партнёрская сеть,Сибирский,150000,2025-05-18 09:33:00,АБС,false
APP-203216,CL-424125,Кредит наличными,Партнёрская сеть,Центральный,500000,2025-05-01 12:35:00,АБС,false
APP-200209,CL-448320,Кредит наличными,Мобильное приложение,Центральный,150000,2025-07-11 19:30:00,АБС,false
APP-200880,CL-413232,Кредитная карта,Мобильное приложение,Приволжский,800000,2025-01-21 10:39:00,АБС,false
APP-202186,CL-447800,Автокредит,Мобильное приложение,Северо-Западный,2500000,2025-01-22 15:42:00,АБС,false
APP-200225,CL-403184,Кредит наличными,Мобильное приложение,Северо-Западный,2500000,2025-05-02 08:17:00,CRM,false
APP-203203,CL-421164,Кредитная карта,Мобильное приложение,Сибирский,800000,2025-04-07 13:59:00,АБС,false
APP-201532,CL-435788,Кредит наличными,Отделение,Приволжский,2500000,2025-06-28 19:30:00,АБС,false
APP-200323,CL-458150,Кредит наличными,Мобильное приложение,Центральный,800000,2025-06-14 17:23:00,АБС,false
APP-201396,CL-411539,Кредит для бизнеса,Мобильное приложение,Центральный,1200000,2025-01-08 11:18:00,АБС,false
APP-201048,CL-456027,Кредит для бизнеса,Корпоративный менеджер,Сибирский,800000,2025-06-11 08:25:00,АБС,false
APP-202446,CL-TEST,Кредит для бизнеса,Отделение,Приволжский,1200000,2025-04-25 13:42:00,CRM,true
APP-202392,CL-438483,Кредитная карта,Мобильное приложение,Сибирский,2500000,2025-04-01 18:23:00,АБС,false
APP-201698,CL-402859,Кредит для бизнеса,Отделение,Сибирский,500000,2025-01-28 11:02:00,АБС,false
APP-200427,CL-427212,Кредит для бизнеса,Отделение,Центральный,300000,2025-08-01 16:10:00,АБС,false
APP-201156,CL-411103,Кредит наличными,Отделение,Северо-Западный,5000000,2025-02-12 14:03:00,АБС,false
APP-200040,CL-443642,Кредитная карта,Партнёрская сеть,Приволжский,2500000,2025-02-27 15:09:00,АБС,false
APP-200210,CL-404579,Кредит для бизнеса,Отделение,Приволжский,150000,2025-04-23 12:50:00,АБС,false
APP-201014,CL-415565,Кредитная карта,Мобильное приложение,Северо-Западный,500000,2025-01-07 16:26:00,CRM,false
APP-200889,CL-432840,Кредит для бизнеса,Отделение,Приволжский,500000,2025-02-02 14:31:00,АБС,false
APP-202257,CL-421090,Кредит для бизнеса,Отделение,Центральный,500000,2025-06-27 08:22:00,АБС,false
APP-200535,CL-449704,Кредит для бизнеса,Отделение,Южный,2500000,2025-05-29 19:43:00,CRM,false
APP-201782,CL-447850,Кредит наличными,Партнёрская сеть,Северо-Западный,1200000,2025-02-25 13:35:00,АБС,false
APP-201054,CL-423207,Кредитная карта,Мобильное приложение,Приволжский,300000,2025-06-01 10:51:00,CRM,false
APP-203083,CL-451548,Кредит для бизнеса,Корпоративный менеджер,Южный,150000,2025-05-05 12:43:00,CRM,false
APP-201196,CL-447378,Кредитная карта,Корпоративный менеджер,Южный,300000,2025-03-07 08:55:00,CRM,false
APP-202695,CL-454905,Кредит наличными,Отделение,Центральный,5000000,2025-01-29 13:37:00,АБС,false
APP-202260,CL-449576,Кредит для бизнеса,Партнёрская сеть,Южный,300000,2025-05-12 11:44:00,CRM,false
APP-200287,CL-425276,Кредит наличными,Отделение,Приволжский,150000,2025-06-12 10:43:00,CRM,false
APP-200147,CL-435225,Кредит для бизнеса,Корпоративный менеджер,Приволжский,300000,2025-01-13 08:23:00,CRM,false
APP-202746,CL-421858,Кредит для бизнеса,Партнёрская сеть,Приволжский,300000,2025-04-06 11:13:00,CRM,false
APP-201201,CL-428169,Кредит наличными,Мобильное приложение,Северо-Западный,2500000,2025-01-09 19:55:00,АБС,false
APP-202598,CL-414505,Кредит наличными,Корпоративный менеджер,Центральный,2500000,2025-05-20 08:28:00,АБС,false
APP-201450,CL-410241,Кредитная карта,Мобильное приложение,Сибирский,150000,2025-06-19 12:48:00,АБС,false
APP-200376,CL-407741,Кредит для бизнеса,Партнёрская сеть,Приволжский,500000,2025-05-04 19:18:00,АБС,false
APP-202279,CL-401198,Кредит для бизнеса,Мобильное приложение,Северо-Западный,300000,2025-03-22 18:26:00,CRM,false
APP-202842,CL-416783,Автокредит,Отделение,Приволжский,800000,2025-06-03 19:48:00,АБС,false
APP-200004,CL-428468,Кредит наличными,Мобильное приложение,Приволжский,1200000,2025-07-09 10:56:00,АБС,false
APP-200089,CL-445468,Кредит наличными,Отделение,Приволжский,2500000,2025-06-21 12:57:00,CRM,false
APP-202378,CL-451205,Кредитная карта,Мобильное приложение,Северо-Западный,150000,2025-03-10 14:46:00,АБС,false
APP-200331,CL-454530,Кредит для бизнеса,Корпоративный менеджер,Приволжский,150000,2025-01-27 16:28:00,CRM,false
APP-202453,CL-409453,Автокредит,Отделение,Сибирский,300000,2025-07-28 18:18:00,АБС,false
APP-203529,CL-443772,Кредитная карта,Отделение,Южный,5000000,2025-01-20 18:18:00,АБС,false
APP-202979,CL-454531,Кредитная карта,Отделение,Сибирский,300000,2025-06-30 09:15:00,АБС,false
APP-202555,CL-422858,Кредит наличными,Корпоративный менеджер,Приволжский,800000,2025-02-07 13:46:00,CRM,false
APP-202368,CL-458853,Кредит наличными,Партнёрская сеть,Северо-Западный,150000,2025-04-25 10:00:00,CRM,false
APP-201908,CL-440236,Автокредит,Мобильное приложение,Приволжский,1200000,2025-07-25 17:58:00,CRM,false
APP-201624,CL-412184,Автокредит,Отделение,Приволжский,800000,2025-02-28 12:09:00,CRM,false
APP-201589,CL-411692,Автокредит,Партнёрская сеть,Центральный,300000,2025-03-04 15:40:00,АБС,false
APP-203211,CL-434031,Кредитная карта,Партнёрская сеть,Южный,2500000,2025-06-15 13:18:00,CRM,false
APP-200099,CL-412446,Кредитная карта,Корпоративный менеджер,Центральный,1200000,2025-01-18 14:03:00,АБС,false
APP-201950,CL-440343,Кредит наличными,Мобильное приложение,Южный,800000,2025-06-16 16:34:00,АБС,false
APP-202758,CL-449804,Кредит для бизнеса,Партнёрская сеть,Сибирский,500000,2025-04-23 17:11:00,АБС,false
APP-201323,CL-439971,Кредит для бизнеса,Партнёрская сеть,Центральный,300000,2025-06-08 17:14:00,CRM,false
APP-200838,CL-416972,Автокредит,Партнёрская сеть,Приволжский,1200000,2025-04-19 15:53:00,CRM,false
APP-202845,CL-449380,Автокредит,Корпоративный менеджер,Северо-Западный,150000,2025-03-04 16:14:00,АБС,false
APP-201997,CL-445883,Кредит для бизнеса,Корпоративный менеджер,Приволжский,2500000,2025-02-03 17:24:00,АБС,false
APP-202089,CL-447218,Автокредит,Партнёрская сеть,Сибирский,150000,2025-07-21 17:16:00,АБС,false
APP-201391,CL-435141,Кредит наличными,Мобильное приложение,Сибирский,500000,2025-06-27 15:54:00,CRM,false
APP-200442,CL-428460,Автокредит,Мобильное приложение,Центральный,800000,2025-06-08 18:49:00,АБС,false
APP-200583,CL-438554,Кредитная карта,Отделение,Сибирский,2500000,2025-08-03 12:10:00,АБС,false
APP-200592,CL-424055,Автокредит,Партнёрская сеть,Сибирский,800000,2025-06-08 15:58:00,АБС,false
APP-200249,CL-428380,Кредитная карта,Мобильное приложение,Сибирский,800000,2025-07-06 12:29:00,АБС,false
APP-201675,CL-425949,Автокредит,Партнёрская сеть,Сибирский,500000,2025-02-24 12:24:00,АБС,false
APP-201883,CL-421148,Автокредит,Мобильное приложение,Южный,800000,2025-05-17 13:58:00,АБС,false
APP-200274,CL-424141,Кредитная карта,Мобильное приложение,Центральный,2500000,2025-05-27 09:44:00,CRM,false
APP-200242,CL-457691,Кредит наличными,Мобильное приложение,Сибирский,800000,2025-03-20 18:16:00,CRM,false
APP-200704,CL-413843,Кредит наличными,Отделение,Южный,300000,2025-02-25 15:59:00,CRM,false
APP-201052,CL-432363,Кредит для бизнеса,Мобильное приложение,Центральный,500000,2025-07-12 11:02:00,АБС,false
APP-201601,CL-434227,Кредит для бизнеса,Корпоративный менеджер,Центральный,1200000,2025-06-09 13:31:00,CRM,false
APP-200337,CL-425067,Кредит для бизнеса,Отделение,Приволжский,300000,2025-03-11 09:01:00,АБС,false
APP-200896,CL-422800,Кредит наличными,Отделение,Центральный,800000,2025-02-10 19:12:00,АБС,false
APP-201404,CL-439277,Кредит наличными,Мобильное приложение,Северо-Западный,800000,2025-05-29 13:16:00,CRM,false
APP-201252,CL-402265,Кредитная карта,Отделение,Южный,5000000,2025-03-09 18:13:00,АБС,false
APP-201678,CL-411374,Кредитная карта,Мобильное приложение,Южный,800000,2025-04-07 17:31:00,CRM,false
APP-201993,CL-428050,Кредит для бизнеса,Корпоративный менеджер,Южный,5000000,2025-05-24 19:53:00,АБС,false
APP-200584,CL-415100,Кредит наличными,Партнёрская сеть,Центральный,5000000,2025-05-25 09:29:00,АБС,false
APP-200891,CL-453939,Кредит для бизнеса,Корпоративный менеджер,Центральный,800000,2025-05-06 16:06:00,АБС,false
APP-200504,CL-418871,Кредит наличными,Мобильное приложение,Приволжский,800000,2025-08-01 16:07:00,CRM,false
APP-202643,CL-456432,Кредит наличными,Партнёрская сеть,Северо-Западный,2500000,2025-06-05 19:14:00,CRM,false
APP-200722,CL-429740,Кредит для бизнеса,Отделение,Северо-Западный,5000000,2025-04-06 16:10:00,АБС,false
APP-202786,CL-446986,Кредит наличными,Отделение,Северо-Западный,5000000,2025-01-17 08:47:00,АБС,false
APP-202947,CL-426644,Кредит наличными,Отделение,Сибирский,150000,2025-06-08 16:20:00,CRM,false
APP-202899,CL-407203,Кредитная карта,Корпоративный менеджер,Приволжский,5000000,2025-07-29 13:01:00,АБС,false
APP-201245,CL-401290,Кредит наличными,Отделение,Приволжский,800000,2025-02-11 10:30:00,АБС,false
APP-202610,CL-402670,Кредит наличными,Партнёрская сеть,Центральный,500000,2025-03-03 13:08:00,АБС,false
APP-203531,CL-459993,Кредит для бизнеса,Мобильное приложение,Сибирский,300000,2025-01-26 19:44:00,АБС,false
APP-200262,CL-457879,Кредит наличными,Мобильное приложение,Сибирский,5000000,2025-06-15 15:46:00,АБС,false
APP-200130,CL-439550,Автокредит,Партнёрская сеть,Приволжский,5000000,2025-05-15 09:46:00,АБС,false
APP-200771,CL-426665,Автокредит,Корпоративный менеджер,Сибирский,2500000,2025-04-19 14:50:00,АБС,false
APP-203552,CL-430201,Кредитная карта,Корпоративный менеджер,Центральный,150000,2025-06-16 17:01:00,CRM,false
APP-200717,CL-416835,Кредит наличными,Мобильное приложение,Северо-Западный,1200000,2025-01-27 11:07:00,CRM,false
APP-201775,CL-425426,Автокредит,Корпоративный менеджер,Центральный,2500000,2025-03-18 12:51:00,CRM,false
APP-202432,CL-428989,Кредит для бизнеса,Мобильное приложение,Сибирский,1200000,2025-03-03 13:28:00,CRM,false
APP-200580,CL-450186,Автокредит,Отделение,Северо-Западный,500000,2025-05-23 12:25:00,АБС,false
APP-202225,CL-414578,Автокредит,Партнёрская сеть,Северо-Западный,5000000,2025-02-18 15:16:00,АБС,false
APP-200538,CL-442865,Кредит наличными,Отделение,Центральный,500000,2025-05-29 15:55:00,АБС,false
APP-201811,CL-440341,Кредит для бизнеса,Корпоративный менеджер,Северо-Западный,150000,2025-07-05 18:26:00,АБС,false
APP-200239,CL-409376,Кредитная карта,Корпоративный менеджер,Центральный,5000000,2025-02-17 17:10:00,АБС,false
APP-202810,CL-401606,Кредит наличными,Отделение,Центральный,2500000,2025-01-29 15:35:00,CRM,false
APP-203016,CL-453165,Автокредит,Партнёрская сеть,Северо-Западный,1200000,2025-07-21 18:19:00,АБС,false
APP-200069,CL-402849,Кредит наличными,Мобильное приложение,Приволжский,2500000,2025-02-27 16:43:00,CRM,false
APP-200107,CL-445716,Кредит наличными,Мобильное приложение,Центральный,800000,2025-03-10 13:47:00,АБС,false
APP-202143,CL-405816,Кредит наличными,Мобильное приложение,Южный,1200000,2025-05-26 18:08:00,АБС,false
APP-200697,CL-446369,Автокредит,Мобильное приложение,Приволжский,800000,2025-05-22 11:51:00,CRM,false
APP-200627,CL-448621,Кредит наличными,Мобильное приложение,Южный,800000,2025-05-10 16:02:00,CRM,false
APP-200057,CL-406241,Кредит наличными,Отделение,Приволжский,5000000,2025-05-29 18:19:00,CRM,false
APP-201610,CL-428801,Кредит наличными,Корпоративный менеджер,Центральный,150000,2025-06-11 16:42:00,АБС,false
APP-201006,CL-401375,Кредит для бизнеса,Отделение,Сибирский,1200000,2025-07-31 19:40:00,АБС,false
APP-200407,CL-414267,Кредитная карта,Отделение,Центральный,1200000,2025-06-10 16:29:00,CRM,false
APP-201919,CL-417389,Кредитная карта,Мобильное приложение,Центральный,5000000,2025-02-07 15:33:00,CRM,false
APP-200489,CL-400052,Кредит для бизнеса,Отделение,Приволжский,800000,2025-03-03 11:42:00,CRM,false
APP-202062,CL-426009,Кредитная карта,Партнёрская сеть,Приволжский,800000,2025-05-21 14:26:00,АБС,false
APP-200995,CL-437268,Кредит наличными,Корпоративный менеджер,Центральный,1200000,2025-01-22 11:45:00,CRM,false
APP-202092,CL-430098,Кредит наличными,Отделение,Приволжский,1200000,2025-04-25 13:04:00,АБС,false
APP-203091,CL-404745,Кредит наличными,Отделение,Приволжский,2500000,2025-03-09 12:10:00,АБС,false
APP-202641,CL-418005,Кредитная карта,Отделение,Центральный,5000000,2025-05-01 17:43:00,АБС,false
APP-202363,CL-415026,Кредит для бизнеса,Мобильное приложение,Приволжский,5000000,2025-02-28 15:54:00,АБС,false
APP-201123,CL-427490,Кредитная карта,Корпоративный менеджер,Центральный,2500000,2025-03-22 09:04:00,АБС,false
APP-203428,CL-433169,Кредит наличными,Мобильное приложение,Сибирский,5000000,2025-02-14 18:16:00,CRM,false
APP-200492,CL-405301,Кредит для бизнеса,Мобильное приложение,Приволжский,1200000,2025-01-30 18:09:00,CRM,false
APP-201068,CL-456165,Кредит наличными,Корпоративный менеджер,Южный,500000,2025-01-31 12:11:00,CRM,false
APP-203383,CL-418632,Кредит наличными,Корпоративный менеджер,Центральный,1200000,2025-06-10 10:09:00,АБС,false
APP-200436,CL-456978,Кредит наличными,Мобильное приложение,Приволжский,150000,2025-06-10 14:33:00,АБС,false
APP-202224,CL-401332,Кредит наличными,Корпоративный менеджер,Приволжский,5000000,2025-04-17 10:40:00,CRM,false
APP-200219,CL-402720,Кредитная карта,Отделение,Сибирский,300000,2025-02-26 08:15:00,АБС,false
APP-200469,CL-422382,Автокредит,Мобильное приложение,Сибирский,5000000,2025-05-04 15:28:00,АБС,false
APP-203074,CL-426810,Кредитная карта,Мобильное приложение,Сибирский,500000,2025-02-25 14:52:00,АБС,false
APP-200194,CL-455949,Кредит наличными,Корпоративный менеджер,Северо-Западный,150000,2025-07-08 08:19:00,АБС,false
APP-201877,CL-420415,Кредит наличными,Корпоративный менеджер,Приволжский,300000,2025-04-02 15:43:00,АБС,false
APP-200076,CL-444363,Кредитная карта,Отделение,Центральный,500000,2025-05-12 09:07:00,АБС,false
APP-203003,CL-425650,Кредит для бизнеса,Корпоративный менеджер,Сибирский,500000,2025-03-03 11:24:00,АБС,false
APP-200926,CL-421955,Кредит наличными,Мобильное приложение,Северо-Западный,1200000,2025-03-23 12:13:00,АБС,false
APP-203080,CL-417348,Кредитная карта,Отделение,Южный,150000,2025-02-23 11:18:00,CRM,false
APP-203396,CL-422921,Кредитная карта,Мобильное приложение,Центральный,5000000,2025-03-05 11:37:00,АБС,false
APP-202837,CL-459452,Кредит наличными,Мобильное приложение,Центральный,2500000,2025-02-14 16:37:00,АБС,false
APP-200903,CL-457623,Кредит наличными,Мобильное приложение,Южный,800000,2025-03-17 14:41:00,CRM,false
APP-201071,CL-413572,Кредит наличными,Мобильное приложение,Приволжский,2500000,2025-06-09 12:37:00,CRM,false
APP-200883,CL-449500,Кредитная карта,Партнёрская сеть,Центральный,2500000,2025-04-16 10:19:00,АБС,false
APP-201190,CL-405167,Кредит для бизнеса,Мобильное приложение,Центральный,150000,2025-04-01 14:48:00,CRM,false
APP-201297,CL-442699,Кредит для бизнеса,Корпоративный менеджер,Приволжский,2500000,2025-05-20 14:50:00,CRM,false
APP-201562,CL-453013,Кредит для бизнеса,Отделение,Южный,2500000,2025-04-01 16:43:00,АБС,false
APP-202857,CL-443073,Кредит для бизнеса,Мобильное приложение,Центральный,500000,2025-06-10 18:48:00,АБС,false
APP-200708,CL-431381,Кредит наличными,Партнёрская сеть,Центральный,150000,2025-03-05 10:37:00,CRM,false
APP-203151,CL-406632,Кредитная карта,Мобильное приложение,Сибирский,1200000,2025-07-29 10:27:00,CRM,false
APP-202072,CL-403886,Кредит для бизнеса,Отделение,Южный,2500000,2025-06-29 15:53:00,АБС,false
APP-201516,CL-459976,Кредит для бизнеса,Корпоративный менеджер,Приволжский,1200000,2025-04-23 19:12:00,АБС,false
APP-201718,CL-457078,Кредит наличными,Партнёрская сеть,Приволжский,5000000,2025-07-17 15:08:00,АБС,false
APP-201149,CL-402498,Кредитная карта,Отделение,Южный,1200000,2025-07-26 14:25:00,АБС,false
APP-200508,CL-412695,Кредитная карта,Корпоративный менеджер,Центральный,300000,2025-07-11 11:48:00,АБС,false
APP-201240,CL-431839,Кредит наличными,Партнёрская сеть,Центральный,5000000,2025-05-28 08:52:00,CRM,false
APP-203075,CL-421525,Кредит для бизнеса,Отделение,Приволжский,300000,2025-06-17 17:10:00,АБС,false
APP-203069,CL-438538,Автокредит,Отделение,Центральный,150000,2025-05-27 16:41:00,АБС,false
APP-203370,CL-421264,Кредитная карта,Партнёрская сеть,Приволжский,5000000,2025-04-08 10:34:00,АБС,false
APP-200358,CL-455882,Кредит наличными,Мобильное приложение,Центральный,300000,2025-01-29 11:31:00,CRM,false
APP-200204,CL-452656,Кредит наличными,Партнёрская сеть,Центральный,5000000,2025-07-30 16:26:00,АБС,false
APP-200352,CL-404971,Кредитная карта,Мобильное приложение,Сибирский,500000,2025-05-01 16:46:00,АБС,false
APP-200430,CL-445931,Автокредит,Отделение,Приволжский,500000,2025-01-16 19:58:00,АБС,false
APP-202200,CL-439270,Кредитная карта,Отделение,Южный,2500000,2025-01-23 15:02:00,АБС,false
APP-203234,CL-422673,Кредит для бизнеса,Отделение,Центральный,800000,2025-02-28 10:22:00,АБС,false
APP-202308,CL-416716,Кредит наличными,Отделение,Южный,5000000,2025-03-06 17:15:00,АБС,false
APP-201824,CL-450560,Кредит для бизнеса,Мобильное приложение,Центральный,5000000,2025-02-08 14:48:00,CRM,false
APP-200390,CL-445175,Кредит для бизнеса,Отделение,Приволжский,2500000,2025-05-12 12:17:00,CRM,false
APP-202973,CL-428425,Кредит для бизнеса,Отделение,Приволжский,1200000,2025-04-08 17:39:00,АБС,false
APP-202862,CL-452930,Кредитная карта,Отделение,Центральный,2500000,2025-03-29 11:04:00,АБС,false
APP-200910,CL-406248,Кредит наличными,Мобильное приложение,Центральный,1200000,2025-02-03 10:09:00,АБС,false
APP-200822,CL-417806,Кредитная карта,Мобильное приложение,Центральный,1200000,2025-03-09 10:39:00,АБС,false
APP-200223,CL-408254,Кредит для бизнеса,Мобильное приложение,Приволжский,5000000,2025-07-01 16:03:00,АБС,false
APP-203103,CL-403858,Кредит для бизнеса,Мобильное приложение,Центральный,150000,2025-01-24 19:25:00,CRM,false
APP-202344,CL-424103,Кредит наличными,Корпоративный менеджер,Приволжский,500000,2025-07-09 15:01:00,CRM,false
APP-200309,CL-433267,Кредитная карта,Партнёрская сеть,Центральный,800000,2025-07-29 11:21:00,АБС,false
APP-203043,CL-411315,Кредит наличными,Мобильное приложение,Северо-Западный,500000,2025-03-08 14:45:00,АБС,false
APP-201550,CL-431633,Автокредит,Отделение,Сибирский,800000,2025-01-19 11:39:00,CRM,false
APP-201250,CL-406844,Кредит для бизнеса,Мобильное приложение,Центральный,800000,2025-03-18 19:02:00,АБС,false
APP-202815,CL-428192,Кредит для бизнеса,Отделение,Центральный,150000,2025-04-19 14:32:00,АБС,false
APP-201042,CL-418183,Кредит наличными,Мобильное приложение,Северо-Западный,150000,2025-04-17 14:38:00,АБС,false
APP-200117,CL-430400,Кредит наличными,Корпоративный менеджер,Приволжский,1200000,2025-06-28 09:13:00,АБС,false
APP-200943,CL-449781,Кредит наличными,Отделение,Южный,2500000,2025-04-20 10:16:00,АБС,false
APP-202543,CL-418155,Кредит наличными,Отделение,Южный,800000,2025-01-11 17:28:00,CRM,false
APP-200690,CL-416867,Кредитная карта,Мобильное приложение,Северо-Западный,5000000,2025-05-19 16:07:00,CRM,false
APP-202963,CL-425821,Кредит наличными,Мобильное приложение,Южный,2500000,2025-01-10 16:33:00,АБС,false
APP-202983,CL-457592,Кредит наличными,Корпоративный менеджер,Южный,150000,2025-06-18 14:50:00,АБС,false
APP-202228,CL-423299,Автокредит,Корпоративный менеджер,Центральный,800000,2025-02-19 10:28:00,CRM,false
APP-203317,CL-421274,Кредит для бизнеса,Отделение,Центральный,2500000,2025-02-12 09:53:00,АБС,false
APP-202077,CL-413109,Кредит наличными,Мобильное приложение,Северо-Западный,5000000,2025-05-11 13:37:00,CRM,false
APP-200186,CL-440340,Кредит наличными,Отделение,Северо-Западный,5000000,2025-05-18 15:36:00,CRM,false
APP-203040,CL-437220,Кредит наличными,Мобильное приложение,Сибирский,5000000,2025-05-05 12:37:00,CRM,false
APP-200999,CL-456617,Кредит наличными,Отделение,Центральный,5000000,2025-08-01 17:30:00,CRM,false
APP-202880,CL-421521,Кредитная карта,Партнёрская сеть,Сибирский,500000,2025-02-06 19:46:00,CRM,false
APP-203355,CL-456013,Автокредит,Отделение,Приволжский,150000,2025-05-29 15:09:00,АБС,false
APP-200129,CL-459959,Кредит для бизнеса,Мобильное приложение,Центральный,1200000,2025-03-22 19:28:00,CRM,false
APP-200716,CL-455966,Кредитная карта,Мобильное приложение,Сибирский,800000,2025-05-22 10:49:00,CRM,false
APP-203362,CL-422961,Кредит для бизнеса,Отделение,Северо-Западный,1200000,2025-02-17 15:25:00,АБС,false
APP-203412,CL-458314,Кредитная карта,Отделение,Северо-Западный,800000,2025-05-19 14:21:00,АБС,false
APP-202076,CL-448092,Кредит наличными,Мобильное приложение,Северо-Западный,5000000,2025-06-21 14:18:00,CRM,false
APP-201001,CL-451717,Кредит наличными,Партнёрская сеть,Южный,300000,2025-04-26 08:42:00,АБС,false
APP-203142,CL-419165,Кредитная карта,Партнёрская сеть,Приволжский,1200000,2025-06-06 18:10:00,АБС,false
APP-201644,CL-419634,Кредит для бизнеса,Отделение,Приволжский,800000,2025-05-15 13:30:00,АБС,false
APP-200295,CL-447928,Кредит наличными,Корпоративный менеджер,Сибирский,300000,2025-05-12 10:49:00,АБС,false
APP-203002,CL-451567,Кредит наличными,Отделение,Сибирский,5000000,2025-04-12 19:35:00,CRM,false
APP-200328,CL-445646,Кредит наличными,Партнёрская сеть,Южный,150000,2025-02-09 19:21:00,CRM,false
APP-201521,CL-459922,Кредит для бизнеса,Мобильное приложение,Южный,2500000,2025-01-30 16:29:00,АБС,false
APP-202916,CL-431068,Кредит наличными,Партнёрская сеть,Северо-Западный,800000,2025-02-13 11:31:00,АБС,false
APP-200322,CL-410074,Автокредит,Корпоративный менеджер,Центральный,150000,2025-05-15 12:46:00,АБС,false
APP-201056,CL-406741,Кредитная карта,Отделение,Сибирский,500000,2025-03-20 09:09:00,АБС,false
APP-201945,CL-439443,Кредит для бизнеса,Мобильное приложение,Приволжский,1200000,2025-01-20 10:03:00,АБС,false
APP-201726,CL-417549,Кредит наличными,Отделение,Северо-Западный,5000000,2025-03-11 16:05:00,CRM,false
APP-202922,CL-403164,Кредит для бизнеса,Корпоративный менеджер,Северо-Западный,5000000,2025-05-04 16:15:00,CRM,false
APP-200740,CL-458382,Кредит наличными,Отделение,Северо-Западный,300000,2025-02-22 12:17:00,АБС,false
APP-201663,CL-432185,Кредит наличными,Партнёрская сеть,Центральный,150000,2025-05-15 09:05:00,CRM,false
APP-200416,CL-459861,Кредит наличными,Мобильное приложение,Центральный,150000,2025-05-06 08:31:00,АБС,false
APP-201679,CL-407663,Кредит для бизнеса,Партнёрская сеть,Центральный,500000,2025-07-22 13:21:00,CRM,false
APP-201671,CL-441082,Кредит наличными,Отделение,Южный,500000,2025-01-20 09:43:00,АБС,false
APP-201487,CL-424948,Кредитная карта,Корпоративный менеджер,Северо-Западный,300000,2025-04-26 15:57:00,CRM,false
APP-200088,CL-401628,Кредит для бизнеса,Мобильное приложение,Центральный,1200000,2025-06-29 16:33:00,CRM,false
APP-200982,CL-419476,Автокредит,Корпоративный менеджер,Центральный,5000000,2025-01-08 16:22:00,CRM,false
APP-200172,CL-TEST,Кредит для бизнеса,Партнёрская сеть,Южный,500000,2025-07-14 08:55:00,CRM,true
APP-201514,CL-405708,Кредит наличными,Партнёрская сеть,Центральный,800000,2025-06-14 16:43:00,АБС,false
APP-200101,CL-454728,Автокредит,Отделение,Центральный,150000,2025-05-08 17:56:00,АБС,false
APP-200282,CL-405023,Кредит наличными,Корпоративный менеджер,Сибирский,800000,2025-03-13 08:39:00,АБС,false
APP-200378,CL-458369,Кредит для бизнеса,Отделение,Центральный,300000,2025-03-07 17:48:00,АБС,false
APP-202704,CL-406106,Кредитная карта,Отделение,Центральный,5000000,2025-01-12 08:02:00,CRM,false
APP-201282,CL-432840,Автокредит,Партнёрская сеть,Северо-Западный,2500000,2025-05-29 16:26:00,АБС,false
APP-202491,CL-451585,Кредитная карта,Партнёрская сеть,Северо-Западный,150000,2025-03-12 13:24:00,CRM,false
APP-201788,CL-431878,Автокредит,Корпоративный менеджер,Приволжский,2500000,2025-08-01 09:40:00,CRM,false
APP-200256,CL-403441,Автокредит,Мобильное приложение,Северо-Западный,1200000,2025-02-14 16:38:00,CRM,false
APP-203404,CL-457034,Кредит для бизнеса,Мобильное приложение,Центральный,800000,2025-07-26 16:20:00,CRM,false
APP-201764,CL-438793,Автокредит,Партнёрская сеть,Приволжский,500000,2025-02-27 09:17:00,АБС,false
APP-200760,CL-442846,Кредит для бизнеса,Партнёрская сеть,Центральный,150000,2025-05-30 09:11:00,CRM,false
APP-201172,CL-433278,Кредит для бизнеса,Мобильное приложение,Северо-Западный,1200000,2025-02-12 15:54:00,АБС,false
APP-201472,CL-402501,Кредит наличными,Мобильное приложение,Центральный,800000,2025-02-21 15:47:00,CRM,false
APP-202821,CL-450353,Кредит наличными,Мобильное приложение,Центральный,800000,2025-04-14 08:00:00,АБС,false
APP-202163,CL-442561,Автокредит,Отделение,Приволжский,2500000,2025-01-07 09:15:00,АБС,false
APP-201519,CL-451235,Кредит наличными,Мобильное приложение,Приволжский,150000,2025-04-09 19:57:00,CRM,false
APP-200875,CL-420183,Кредит для бизнеса,Партнёрская сеть,Северо-Западный,500000,2025-02-04 14:45:00,АБС,false
APP-202879,CL-432690,Кредит для бизнеса,Корпоративный менеджер,Приволжский,1200000,2025-03-02 08:38:00,CRM,false
APP-202761,CL-417059,Кредитная карта,Отделение,Центральный,2500000,2025-03-14 12:08:00,АБС,false
APP-202833,CL-445589,Кредит наличными,Отделение,Северо-Западный,5000000,2025-04-22 19:21:00,CRM,false
APP-201096,CL-414391,Кредит для бизнеса,Мобильное приложение,Южный,150000,2025-02-24 16:33:00,CRM,false
APP-200733,CL-414855,Кредит для бизнеса,Мобильное приложение,Центральный,1200000,2025-07-24 18:06:00,АБС,false
APP-202827,CL-407336,Кредитная карта,Мобильное приложение,Приволжский,2500000,2025-03-25 13:38:00,АБС,false
APP-202556,CL-407158,Кредит наличными,Мобильное приложение,Центральный,1200000,2025-03-02 10:01:00,CRM,false
APP-202571,CL-420814,Кредит для бизнеса,Мобильное приложение,Сибирский,5000000,2025-01-25 19:40:00,АБС,false
APP-200348,CL-400321,Кредит для бизнеса,Корпоративный менеджер,Северо-Западный,2500000,2025-02-22 08:06:00,CRM,false
APP-202218,CL-428555,Автокредит,Корпоративный менеджер,Приволжский,150000,2025-04-27 18:28:00,АБС,false
APP-201449,CL-422951,Кредитная карта,Отделение,Приволжский,2500000,2025-07-10 10:10:00,CRM,false
APP-203159,CL-431038,Кредит наличными,Партнёрская сеть,Северо-Западный,500000,2025-02-20 15:13:00,CRM,false
APP-203481,CL-405858,Кредит наличными,Корпоративный менеджер,Южный,300000,2025-07-22 12:02:00,АБС,false
APP-201258,CL-401745,Кредит для бизнеса,Партнёрская сеть,Приволжский,500000,2025-03-29 16:05:00,АБС,false
APP-203167,CL-405364,Кредит наличными,Отделение,Приволжский,1200000,2025-01-06 08:30:00,CRM,false
APP-200811,CL-402115,Кредитная карта,Мобильное приложение,Центральный,800000,2025-07-29 17:54:00,АБС,false
APP-201200,CL-416245,Автокредит,Корпоративный менеджер,Центральный,500000,2025-03-28 19:29:00,CRM,false
APP-203443,CL-423370,Кредит наличными,Партнёрская сеть,Сибирский,1200000,2025-02-18 16:33:00,АБС,false
APP-203106,CL-405196,Кредит для бизнеса,Партнёрская сеть,Северо-Западный,150000,2025-07-22 15:02:00,CRM,false
APP-200458,CL-439475,Кредитная карта,Мобильное приложение,Приволжский,500000,2025-06-06 16:25:00,АБС,false
APP-201928,CL-440225,Кредитная карта,Мобильное приложение,Южный,2500000,2025-01-21 14:29:00,АБС,false
APP-201424,CL-411912,Кредит для бизнеса,Мобильное приложение,Центральный,1200000,2025-03-01 11:06:00,CRM,false
APP-200558,CL-408506,Кредитная карта,Партнёрская сеть,Центральный,500000,2025-04-25 18:29:00,АБС,false
APP-202652,CL-445109,Кредитная карта,Отделение,Приволжский,1200000,2025-07-29 16:24:00,АБС,false
APP-201739,CL-439447,Автокредит,Мобильное приложение,Сибирский,800000,2025-03-19 19:40:00,АБС,false
APP-201845,CL-413128,Кредит наличными,Отделение,Северо-Западный,800000,2025-04-09 09:57:00,CRM,false
APP-202524,CL-407939,Кредит наличными,Мобильное приложение,Северо-Западный,150000,2025-06-10 12:01:00,CRM,false
APP-201109,CL-401976,Кредит для бизнеса,Мобильное приложение,Приволжский,300000,2025-04-13 12:33:00,АБС,false
APP-202971,CL-409112,Кредитная карта,Отделение,Приволжский,2500000,2025-06-09 08:17:00,АБС,false
APP-203056,CL-436693,Автокредит,Партнёрская сеть,Южный,150000,2025-04-13 19:29:00,АБС,false
APP-202651,CL-414112,Кредит для бизнеса,Отделение,Северо-Западный,2500000,2025-04-03 08:41:00,АБС,false
APP-203064,CL-441984,Кредит для бизнеса,Партнёрская сеть,Приволжский,2500000,2025-05-25 19:39:00,АБС,false
APP-201815,CL-455628,Кредит для бизнеса,Корпоративный менеджер,Сибирский,1200000,2025-07-07 18:43:00,CRM,false
APP-201103,CL-456498,Кредитная карта,Мобильное приложение,Северо-Западный,2500000,2025-02-14 16:01:00,АБС,false
APP-201724,CL-438528,Автокредит,Партнёрская сеть,Сибирский,500000,2025-04-01 17:06:00,АБС,false
APP-201734,CL-459752,Кредит наличными,Партнёрская сеть,Сибирский,1200000,2025-06-20 16:57:00,АБС,false
APP-203008,CL-TEST,Кредит наличными,Партнёрская сеть,Южный,800000,2025-06-14 16:15:00,АБС,true
APP-202327,CL-456257,Кредит для бизнеса,Отделение,Южный,500000,2025-01-31 11:12:00,АБС,false
APP-200603,CL-440291,Кредит наличными,Корпоративный менеджер,Центральный,1200000,2025-03-12 15:06:00,CRM,false
APP-201215,CL-400899,Кредит для бизнеса,Партнёрская сеть,Приволжский,500000,2025-04-01 10:02:00,АБС,false
APP-200212,CL-405647,Кредитная карта,Партнёрская сеть,Сибирский,500000,2025-03-24 14:46:00,CRM,false
APP-200714,CL-431882,Автокредит,Корпоративный менеджер,Центральный,500000,2025-07-12 17:08:00,АБС,false
APP-202232,CL-426397,Кредит для бизнеса,Корпоративный менеджер,Центральный,1200000,2025-04-03 19:19:00,АБС,false
APP-203300,CL-422305,Автокредит,Мобильное приложение,Северо-Западный,500000,2025-05-13 09:24:00,АБС,false
APP-200083,CL-421220,Кредитная карта,Мобильное приложение,Центральный,2500000,2025-03-12 11:54:00,АБС,false
APP-200924,CL-447975,Кредит наличными,Корпоративный менеджер,Центральный,500000,2025-04-16 14:43:00,CRM,false
APP-201359,CL-439804,Кредит для бизнеса,Мобильное приложение,Центральный,2500000,2025-07-17 14:55:00,АБС,false
APP-200064,CL-454617,Кредит наличными,Отделение,Северо-Западный,2500000,2025-01-23 11:22:00,CRM,false
APP-202890,CL-431368,Кредитная карта,Партнёрская сеть,Приволжский,800000,2025-02-24 17:47:00,CRM,false
APP-201481,CL-458910,Кредит наличными,Отделение,Северо-Западный,1200000,2025-06-28 10:45:00,АБС,false
APP-200644,CL-439193,Кредит наличными,Мобильное приложение,Северо-Западный,300000,2025-03-06 16:25:00,АБС,false
APP-200166,CL-451383,Кредит наличными,Отделение,Северо-Западный,800000,2025-02-24 10:43:00,CRM,false
APP-202073,CL-405319,Кредит наличными,Отделение,Центральный,150000,2025-01-25 19:07:00,АБС,false
APP-202703,CL-444561,Автокредит,Мобильное приложение,Центральный,800000,2025-01-08 14:36:00,АБС,false
APP-203127,CL-449773,Автокредит,Мобильное приложение,Южный,800000,2025-01-24 15:51:00,АБС,false
APP-200177,CL-434320,Кредит наличными,Мобильное приложение,Центральный,5000000,2025-01-14 17:06:00,CRM,false
APP-200053,CL-429397,Кредит наличными,Партнёрская сеть,Приволжский,300000,2025-06-19 11:53:00,АБС,false
APP-202464,CL-436943,Кредит наличными,Мобильное приложение,Сибирский,300000,2025-02-21 18:07:00,АБС,false
APP-200866,CL-420134,Кредит наличными,Отделение,Южный,5000000,2025-02-21 19:21:00,CRM,false
APP-201431,CL-431695,Автокредит,Мобильное приложение,Сибирский,500000,2025-04-23 19:41:00,АБС,false
APP-201459,CL-430711,Кредит наличными,Корпоративный менеджер,Центральный,1200000,2025-04-24 11:22:00,CRM,false
APP-203357,CL-411123,Кредит наличными,Отделение,Приволжский,500000,2025-06-28 10:38:00,CRM,false
APP-203060,CL-406803,Кредитная карта,Партнёрская сеть,Сибирский,800000,2025-06-30 08:42:00,CRM,false
APP-201185,CL-407281,Кредитная карта,Корпоративный менеджер,Сибирский,150000,2025-04-23 16:37:00,АБС,false
APP-200387,CL-429759,Кредит для бизнеса,Отделение,Южный,5000000,2025-04-27 17:26:00,CRM,false
APP-201419,CL-456955,Кредит наличными,Партнёрская сеть,Сибирский,300000,2025-04-09 12:21:00,АБС,false
APP-203398,CL-456770,Кредит для бизнеса,Партнёрская сеть,Северо-Западный,150000,2025-07-24 14:50:00,CRM,false
APP-202494,CL-442059,Кредитная карта,Мобильное приложение,Центральный,800000,2025-07-14 09:16:00,АБС,false
APP-203583,CL-454639,Кредит наличными,Партнёрская сеть,Приволжский,300000,2025-03-22 14:42:00,АБС,false
APP-201496,CL-415112,Кредит для бизнеса,Партнёрская сеть,Южный,800000,2025-05-18 08:37:00,CRM,false
APP-201805,CL-419635,Кредит наличными,Отделение,Северо-Западный,500000,2025-03-19 19:56:00,АБС,false
APP-200618,CL-407551,Кредитная карта,Мобильное приложение,Южный,500000,2025-03-26 14:27:00,CRM,false
APP-201060,CL-414430,Кредит наличными,Отделение,Сибирский,500000,2025-06-06 15:36:00,АБС,false
APP-201648,CL-457278,Кредит для бизнеса,Отделение,Северо-Западный,2500000,2025-06-01 12:29:00,АБС,false
APP-200215,CL-432304,Кредит наличными,Корпоративный менеджер,Центральный,500000,2025-01-08 15:15:00,АБС,false
APP-202393,CL-431118,Кредит для бизнеса,Отделение,Центральный,2500000,2025-06-08 19:27:00,CRM,false
APP-200349,CL-443515,Кредитная карта,Корпоративный менеджер,Южный,500000,2025-07-14 09:55:00,АБС,false
APP-202447,CL-402776,Кредит наличными,Партнёрская сеть,Приволжский,150000,2025-07-31 13:11:00,АБС,false
APP-202300,CL-444276,Кредитная карта,Отделение,Южный,2500000,2025-03-16 17:05:00,АБС,false
APP-203208,CL-458882,Кредит наличными,Отделение,Приволжский,2500000,2025-03-13 14:29:00,АБС,false
APP-202199,CL-421388,Автокредит,Мобильное приложение,Центральный,5000000,2025-08-01 09:47:00,АБС,false
APP-200213,CL-456754,Кредит наличными,Мобильное приложение,Южный,800000,2025-06-06 14:38:00,CRM,false
APP-202424,CL-410952,Кредит для бизнеса,Отделение,Центральный,300000,2025-03-20 10:56:00,CRM,false
APP-202106,CL-400820,Кредит наличными,Партнёрская сеть,Сибирский,1200000,2025-04-16 18:40:00,CRM,false
APP-202939,CL-421339,Автокредит,Корпоративный менеджер,Центральный,5000000,2025-07-28 15:45:00,АБС,false
APP-202080,CL-458368,Кредит наличными,Партнёрская сеть,Центральный,500000,2025-07-08 14:17:00,CRM,false
APP-202236,CL-424817,Кредит наличными,Мобильное приложение,Центральный,1200000,2025-05-19 09:00:00,АБС,false
APP-200594,CL-419784,Кредит наличными,Мобильное приложение,Южный,5000000,2025-01-27 19:56:00,АБС,false
APP-202484,CL-425218,Автокредит,Отделение,Южный,5000000,2025-02-12 15:55:00,АБС,false
APP-200656,CL-412762,Кредит наличными,Корпоративный менеджер,Центральный,500000,2025-03-28 14:01:00,АБС,false
APP-202056,CL-434821,Кредит наличными,Партнёрская сеть,Южный,800000,2025-04-15 11:12:00,CRM,false
APP-200357,CL-448425,Кредит для бизнеса,Партнёрская сеть,Северо-Западный,2500000,2025-05-25 19:04:00,АБС,false
APP-201865,CL-433797,Кредит наличными,Партнёрская сеть,Приволжский,800000,2025-02-21 08:45:00,CRM,false
APP-203224,CL-452241,Кредит наличными,Отделение,Центральный,800000,2025-03-14 13:04:00,АБС,false
APP-200744,CL-409087,Кредитная карта,Отделение,Северо-Западный,800000,2025-05-07 18:36:00,CRM,false
APP-203500,CL-459210,Автокредит,Мобильное приложение,Центральный,500000,2025-04-16 10:17:00,CRM,false
APP-200849,CL-421674,Кредит для бизнеса,Мобильное приложение,Центральный,500000,2025-07-18 14:30:00,CRM,false
APP-202222,CL-448051,Кредитная карта,Отделение,Южный,500000,2025-04-30 13:37:00,АБС,false
APP-202271,CL-424639,Кредит наличными,Корпоративный менеджер,Северо-Западный,5000000,2025-06-26 08:37:00,АБС,false
APP-201353,CL-437701,Кредитная карта,Корпоративный менеджер,Северо-Западный,1200000,2025-01-18 14:27:00,АБС,false
APP-201870,CL-442663,Кредит наличными,Отделение,Приволжский,300000,2025-03-18 10:38:00,CRM,false
APP-201581,CL-408553,Кредит для бизнеса,Мобильное приложение,Северо-Западный,2500000,2025-05-02 11:55:00,CRM,false
APP-201745,CL-403902,Автокредит,Отделение,Приволжский,5000000,2025-05-19 18:10:00,CRM,false
APP-202882,CL-434637,Кредит для бизнеса,Корпоративный менеджер,Центральный,300000,2025-06-22 08:59:00,АБС,false
APP-202689,CL-422386,Кредит наличными,Отделение,Северо-Западный,5000000,2025-04-01 12:29:00,АБС,false
APP-200202,CL-457827,Кредит для бизнеса,Мобильное приложение,Северо-Западный,150000,2025-03-24 10:23:00,АБС,false
APP-203218,CL-421577,Кредитная карта,Корпоративный менеджер,Приволжский,1200000,2025-03-25 15:46:00,CRM,false
APP-201565,CL-453539,Кредит для бизнеса,Мобильное приложение,Северо-Западный,1200000,2025-05-07 08:46:00,АБС,false
APP-202239,CL-450160,Кредит для бизнеса,Мобильное приложение,Южный,150000,2025-03-13 14:26:00,АБС,false
APP-202068,CL-455917,Автокредит,Мобильное приложение,Центральный,1200000,2025-06-26 14:24:00,CRM,false
APP-201266,CL-445408,Кредит для бизнеса,Отделение,Приволжский,800000,2025-07-30 17:17:00,АБС,false
APP-200233,CL-441590,Кредитная карта,Мобильное приложение,Приволжский,1200000,2025-02-04 18:30:00,АБС,false
APP-201687,CL-416531,Кредит наличными,Партнёрская сеть,Центральный,1200000,2025-08-02 15:22:00,АБС,false
APP-201418,CL-444696,Кредит наличными,Партнёрская сеть,Северо-Западный,2500000,2025-03-16 15:37:00,АБС,false
APP-200201,CL-418619,Автокредит,Партнёрская сеть,Приволжский,5000000,2025-03-29 09:24:00,CRM,false
APP-203476,CL-444254,Кредитная карта,Отделение,Центральный,500000,2025-01-25 09:25:00,АБС,false
APP-200132,CL-446144,Автокредит,Отделение,Сибирский,300000,2025-02-20 18:38:00,CRM,false
APP-203263,CL-401718,Кредит наличными,Партнёрская сеть,Центральный,5000000,2025-03-05 09:48:00,CRM,false
APP-200327,CL-410020,Кредит для бизнеса,Партнёрская сеть,Центральный,5000000,2025-07-17 13:28:00,CRM,false
APP-203463,CL-418968,Автокредит,Мобильное приложение,Центральный,5000000,2025-02-25 18:50:00,АБС,false
APP-201909,CL-434104,Кредитная карта,Партнёрская сеть,Приволжский,500000,2025-02-23 08:03:00,АБС,false
APP-203066,CL-426386,Кредит наличными,Мобильное приложение,Южный,5000000,2025-06-30 10:19:00,CRM,false
APP-203423,CL-409758,Кредит для бизнеса,Мобильное приложение,Центральный,150000,2025-06-19 19:47:00,АБС,false
APP-203237,CL-443261,Кредитная карта,Мобильное приложение,Центральный,1200000,2025-05-03 13:52:00,АБС,false
APP-201664,CL-459762,Автокредит,Корпоративный менеджер,Северо-Западный,5000000,2025-05-12 17:59:00,АБС,false
APP-200574,CL-453361,Кредит для бизнеса,Отделение,Южный,2500000,2025-03-23 14:03:00,АБС,false
APP-202170,CL-413932,Кредит для бизнеса,Отделение,Северо-Западный,2500000,2025-04-15 16:43:00,АБС,false
APP-201292,CL-459814,Кредит для бизнеса,Мобильное приложение,Южный,2500000,2025-04-16 08:58:00,CRM,false
APP-200791,CL-405964,Кредит для бизнеса,Мобильное приложение,Северо-Западный,2500000,2025-01-10 10:33:00,CRM,false
APP-202043,CL-443254,Кредит для бизнеса,Мобильное приложение,Центральный,150000,2025-02-23 10:50:00,АБС,false
APP-200539,CL-418793,Кредит для бизнеса,Партнёрская сеть,Центральный,500000,2025-06-21 11:07:00,АБС,false
APP-200315,CL-423861,Кредит для бизнеса,Отделение,Северо-Западный,5000000,2025-07-25 17:54:00,CRM,false
APP-203395,CL-418149,Кредит для бизнеса,Партнёрская сеть,Северо-Западный,800000,2025-04-10 10:50:00,АБС,false
APP-202417,CL-421605,Автокредит,Мобильное приложение,Приволжский,5000000,2025-06-11 15:24:00,АБС,false
APP-201358,CL-425959,Кредитная карта,Мобильное приложение,Сибирский,150000,2025-04-17 13:46:00,АБС,false
APP-201637,CL-429980,Кредитная карта,Мобильное приложение,Южный,500000,2025-01-17 16:11:00,АБС,false
APP-202352,CL-457733,Кредит наличными,Отделение,Южный,1200000,2025-01-28 14:08:00,CRM,false
APP-202115,CL-433493,Кредитная карта,Мобильное приложение,Сибирский,150000,2025-07-22 10:32:00,АБС,false
APP-202613,CL-432351,Кредит для бизнеса,Отделение,Приволжский,2500000,2025-01-07 09:23:00,АБС,false
APP-200230,CL-443821,Кредит наличными,Мобильное приложение,Северо-Западный,150000,2025-03-07 11:09:00,АБС,false
APP-201992,CL-437690,Кредитная карта,Отделение,Центральный,150000,2025-03-08 16:49:00,CRM,false
APP-201077,CL-432290,Кредитная карта,Отделение,Северо-Западный,800000,2025-04-10 15:39:00,АБС,false
APP-200417,CL-457808,Кредит для бизнеса,Мобильное приложение,Сибирский,300000,2025-06-21 17:15:00,АБС,false
APP-202439,CL-448519,Автокредит,Партнёрская сеть,Северо-Западный,2500000,2025-03-25 18:14:00,CRM,false
APP-201929,CL-415847,Кредитная карта,Отделение,Центральный,5000000,2025-02-14 16:35:00,CRM,false
APP-200567,CL-427157,Кредит для бизнеса,Корпоративный менеджер,Приволжский,2500000,2025-05-31 16:47:00,CRM,false
APP-200664,CL-426507,Автокредит,Мобильное приложение,Приволжский,800000,2025-01-28 08:15:00,CRM,false
APP-201466,CL-418205,Автокредит,Отделение,Центральный,500000,2025-04-02 08:29:00,CRM,false
APP-202174,CL-401200,Кредит наличными,Отделение,Приволжский,2500000,2025-02-03 10:03:00,АБС,false
APP-200450,CL-446787,Кредитная карта,Партнёрская сеть,Центральный,800000,2025-02-17 16:58:00,CRM,false
APP-202103,CL-414343,Автокредит,Партнёрская сеть,Приволжский,800000,2025-07-16 15:42:00,CRM,false
APP-202268,CL-442679,Кредитная карта,Мобильное приложение,Сибирский,500000,2025-07-10 15:42:00,АБС,false
APP-200772,CL-456825,Кредит для бизнеса,Корпоративный менеджер,Южный,2500000,2025-05-16 10:33:00,АБС,false
APP-200478,CL-424839,Кредит наличными,Партнёрская сеть,Южный,150000,2025-05-17 16:46:00,CRM,false
APP-202351,CL-402560,Кредит наличными,Мобильное приложение,Приволжский,5000000,2025-02-12 08:00:00,АБС,false
APP-203537,CL-425162,Кредит наличными,Партнёрская сеть,Центральный,2500000,2025-01-13 12:30:00,CRM,false
APP-200260,CL-430279,Кредит наличными,Мобильное приложение,Центральный,500000,2025-04-30 14:38:00,CRM,false
APP-202112,CL-416868,Кредит наличными,Отделение,Центральный,800000,2025-06-07 16:24:00,CRM,false
APP-202412,CL-429756,Кредит наличными,Мобильное приложение,Центральный,2500000,2025-02-24 14:19:00,АБС,false
APP-202318,CL-438429,Кредитная карта,Отделение,Северо-Западный,1200000,2025-05-18 18:48:00,CRM,false
APP-202264,CL-413303,Кредит наличными,Партнёрская сеть,Центральный,800000,2025-07-23 10:21:00,АБС,false
APP-202726,CL-458868,Кредитная карта,Мобильное приложение,Центральный,1200000,2025-02-13 10:43:00,АБС,false
APP-201749,CL-420073,Автокредит,Мобильное приложение,Центральный,500000,2025-03-11 11:09:00,АБС,false
APP-201835,CL-422348,Кредитная карта,Мобильное приложение,Северо-Западный,300000,2025-01-07 14:27:00,CRM,false
APP-203007,CL-414997,Кредитная карта,Отделение,Центральный,500000,2025-03-08 09:43:00,АБС,false
APP-202608,CL-404100,Кредитная карта,Отделение,Центральный,1200000,2025-05-25 11:02:00,CRM,false
APP-203467,CL-449324,Кредит для бизнеса,Отделение,Центральный,2500000,2025-03-25 10:16:00,CRM,false
APP-200366,CL-403831,Кредит наличными,Отделение,Центральный,800000,2025-06-07 16:06:00,АБС,false
APP-201544,CL-444153,Кредит наличными,Отделение,Сибирский,150000,2025-04-03 16:17:00,АБС,false
APP-202398,CL-415009,Кредит для бизнеса,Мобильное приложение,Центральный,2500000,2025-05-19 12:48:00,АБС,false
APP-201089,CL-405256,Кредит наличными,Партнёрская сеть,Центральный,300000,2025-07-27 16:18:00,АБС,false
APP-202001,CL-434702,Кредитная карта,Отделение,Северо-Западный,2500000,2025-07-06 19:18:00,АБС,false
APP-200963,CL-436298,Кредит для бизнеса,Мобильное приложение,Центральный,1200000,2025-03-12 11:17:00,АБС,false
APP-202587,CL-441166,Кредит для бизнеса,Партнёрская сеть,Северо-Западный,300000,2025-01-06 19:18:00,АБС,false
APP-200252,CL-453529,Кредит наличными,Корпоративный менеджер,Приволжский,500000,2025-05-30 19:47:00,CRM,false
APP-200972,CL-459522,Автокредит,Партнёрская сеть,Приволжский,2500000,2025-01-25 11:56:00,CRM,false
APP-201144,CL-424001,Автокредит,Мобильное приложение,Центральный,1200000,2025-04-06 14:09:00,АБС,false
APP-200380,CL-449895,Кредит для бизнеса,Мобильное приложение,Южный,800000,2025-06-28 09:21:00,CRM,false
APP-201941,CL-458961,Кредит для бизнеса,Мобильное приложение,Сибирский,300000,2025-05-02 18:26:00,CRM,false
APP-200731,CL-429716,Кредитная карта,Отделение,Центральный,1200000,2025-06-09 13:09:00,CRM,false
APP-203335,CL-408860,Кредит для бизнеса,Корпоративный менеджер,Северо-Западный,5000000,2025-04-05 12:32:00,CRM,false
APP-200912,CL-400213,Кредит наличными,Мобильное приложение,Центральный,2500000,2025-04-25 19:12:00,АБС,false
APP-203365,CL-455296,Автокредит,Корпоративный менеджер,Центральный,1200000,2025-02-07 09:04:00,АБС,false
APP-203022,CL-423042,Автокредит,Мобильное приложение,Центральный,5000000,2025-03-13 18:05:00,АБС,false
APP-201994,CL-406137,Кредит наличными,Мобильное приложение,Центральный,800000,2025-07-16 16:56:00,АБС,false
APP-202499,CL-433157,Кредит для бизнеса,Мобильное приложение,Центральный,5000000,2025-02-04 15:10:00,CRM,false
APP-201441,CL-444788,Кредит для бизнеса,Партнёрская сеть,Приволжский,5000000,2025-04-25 08:43:00,АБС,false
APP-203078,CL-448653,Кредитная карта,Мобильное приложение,Сибирский,800000,2025-02-16 13:18:00,АБС,false
APP-201464,CL-420118,Кредит наличными,Корпоративный менеджер,Приволжский,500000,2025-01-24 18:05:00,CRM,false
APP-200606,CL-432076,Кредитная карта,Мобильное приложение,Центральный,5000000,2025-05-04 18:42:00,АБС,false
APP-200318,CL-440714,Кредит наличными,Партнёрская сеть,Приволжский,800000,2025-02-09 16:56:00,CRM,false
APP-201554,CL-422186,Кредит для бизнеса,Партнёрская сеть,Приволжский,2500000,2025-06-20 09:52:00,АБС,false
APP-203411,CL-457141,Кредитная карта,Отделение,Южный,500000,2025-07-21 19:33:00,CRM,false
APP-202105,CL-456350,Кредит наличными,Мобильное приложение,Южный,150000,2025-05-18 17:22:00,АБС,false
APP-201545,CL-423403,Кредитная карта,Отделение,Центральный,5000000,2025-03-10 14:27:00,CRM,false
APP-203564,CL-445775,Кредитная карта,Отделение,Южный,2500000,2025-07-17 12:48:00,АБС,false
APP-201104,CL-409362,Кредитная карта,Корпоративный менеджер,Сибирский,500000,2025-05-10 14:30:00,CRM,false
APP-202787,CL-452081,Автокредит,Отделение,Центральный,300000,2025-03-08 15:43:00,CRM,false
APP-201118,CL-448455,Кредитная карта,Отделение,Приволжский,150000,2025-03-20 12:54:00,CRM,false
APP-202488,CL-453375,Кредит наличными,Отделение,Южный,300000,2025-03-18 14:27:00,CRM,false
APP-201851,CL-410767,Кредитная карта,Мобильное приложение,Южный,5000000,2025-07-22 10:51:00,АБС,false
APP-201384,CL-429940,Кредит наличными,Отделение,Центральный,500000,2025-03-11 18:04:00,CRM,false
APP-200802,CL-410744,Кредитная карта,Мобильное приложение,Приволжский,300000,2025-04-10 12:55:00,CRM,false
APP-202779,CL-413839,Кредит для бизнеса,Отделение,Приволжский,800000,2025-05-09 10:09:00,АБС,false
APP-202002,CL-449818,Автокредит,Партнёрская сеть,Приволжский,1200000,2025-02-11 16:17:00,АБС,false
APP-200726,CL-436961,Кредитная карта,Отделение,Центральный,1200000,2025-07-25 16:02:00,АБС,false
APP-202615,CL-422472,Кредит для бизнеса,Корпоративный менеджер,Центральный,2500000,2025-05-11 10:03:00,АБС,false
APP-202385,CL-455228,Кредитная карта,Корпоративный менеджер,Северо-Западный,5000000,2025-07-31 19:13:00,CRM,false
APP-200806,CL-418221,Кредитная карта,Мобильное приложение,Сибирский,800000,2025-03-21 15:34:00,АБС,false
APP-200414,CL-406695,Кредитная карта,Мобильное приложение,Сибирский,300000,2025-03-15 13:44:00,АБС,false
APP-201393,CL-409744,Кредит наличными,Мобильное приложение,Приволжский,800000,2025-03-04 14:31:00,CRM,false
APP-202846,CL-TEST,Кредит наличными,Партнёрская сеть,Приволжский,1200000,2025-07-18 18:50:00,АБС,true
APP-203507,CL-410161,Автокредит,Отделение,Приволжский,500000,2025-04-30 19:24:00,АБС,false
APP-200854,CL-410505,Кредитная карта,Мобильное приложение,Центральный,800000,2025-01-28 18:45:00,АБС,false
APP-200952,CL-452246,Кредитная карта,Корпоративный менеджер,Центральный,300000,2025-04-14 19:14:00,АБС,false
APP-200680,CL-403545,Кредит наличными,Корпоративный менеджер,Южный,1200000,2025-03-29 12:18:00,CRM,false
APP-201164,CL-423727,Автокредит,Отделение,Сибирский,500000,2025-02-27 16:04:00,АБС,false
APP-201578,CL-430088,Кредит для бизнеса,Отделение,Приволжский,500000,2025-02-27 11:13:00,АБС,false
APP-201262,CL-404758,Кредитная карта,Мобильное приложение,Приволжский,5000000,2025-07-10 11:11:00,АБС,false
APP-202616,CL-413239,Кредит для бизнеса,Мобильное приложение,Центральный,1200000,2025-01-18 13:44:00,АБС,false
APP-203189,CL-400146,Автокредит,Отделение,Южный,500000,2025-05-07 15:47:00,АБС,false
APP-201181,CL-428672,Кредит для бизнеса,Мобильное приложение,Южный,300000,2025-01-09 14:51:00,АБС,false
APP-201225,CL-417246,Кредит наличными,Отделение,Северо-Западный,5000000,2025-04-30 11:37:00,АБС,false
APP-201958,CL-440264,Кредит наличными,Корпоративный менеджер,Приволжский,150000,2025-02-05 16:44:00,АБС,false
APP-201534,CL-TEST,Кредитная карта,Отделение,Центральный,2500000,2025-01-16 14:22:00,АБС,true
APP-203354,CL-401070,Кредит для бизнеса,Отделение,Приволжский,500000,2025-06-28 09:16:00,CRM,false
APP-200871,CL-451772,Автокредит,Отделение,Северо-Западный,5000000,2025-01-29 14:28:00,АБС,false
APP-201194,CL-422674,Кредит наличными,Отделение,Северо-Западный,800000,2025-02-26 19:19:00,CRM,false
APP-202738,CL-404309,Кредит наличными,Мобильное приложение,Приволжский,2500000,2025-03-04 14:17:00,АБС,false
APP-200374,CL-451269,Кредитная карта,Отделение,Приволжский,1200000,2025-05-10 17:21:00,АБС,false
APP-203193,CL-416349,Автокредит,Отделение,Южный,150000,2025-03-13 17:35:00,CRM,false
APP-202487,CL-429328,Кредит наличными,Корпоративный менеджер,Центральный,500000,2025-03-12 15:25:00,АБС,false
APP-202771,CL-442357,Кредит для бизнеса,Отделение,Сибирский,500000,2025-03-27 15:43:00,АБС,false
APP-202523,CL-432996,Кредит для бизнеса,Партнёрская сеть,Южный,300000,2025-06-07 17:37:00,CRM,false
APP-200571,CL-442311,Автокредит,Мобильное приложение,Южный,5000000,2025-02-05 14:36:00,АБС,false
APP-202547,CL-430895,Кредит для бизнеса,Партнёрская сеть,Северо-Западный,150000,2025-02-27 15:01:00,CRM,false
APP-202436,CL-410790,Кредитная карта,Партнёрская сеть,Приволжский,2500000,2025-01-06 18:46:00,АБС,false
APP-203477,CL-435590,Кредитная карта,Партнёрская сеть,Приволжский,150000,2025-02-16 10:39:00,CRM,false
APP-202404,CL-431664,Автокредит,Корпоративный менеджер,Северо-Западный,1200000,2025-05-02 19:54:00,АБС,false
APP-202778,CL-422534,Кредит наличными,Мобильное приложение,Сибирский,800000,2025-05-04 12:07:00,АБС,false
APP-200537,CL-422975,Кредит для бизнеса,Мобильное приложение,Приволжский,800000,2025-07-17 17:50:00,CRM,false
APP-201900,CL-405000,Кредитная карта,Отделение,Центральный,1200000,2025-03-25 10:36:00,CRM,false
APP-202294,CL-418020,Автокредит,Отделение,Центральный,500000,2025-03-09 19:56:00,АБС,false
APP-202141,CL-407847,Автокредит,Партнёрская сеть,Северо-Западный,5000000,2025-03-16 15:10:00,АБС,false
APP-201627,CL-429843,Кредит наличными,Отделение,Сибирский,800000,2025-01-11 14:30:00,CRM,false
APP-201374,CL-454911,Кредит наличными,Отделение,Сибирский,800000,2025-07-19 10:02:00,АБС,false
APP-203247,CL-447204,Автокредит,Отделение,Приволжский,150000,2025-06-07 12:11:00,CRM,false
APP-203135,CL-456810,Автокредит,Партнёрская сеть,Южный,500000,2025-07-09 14:08:00,CRM,false
APP-201213,CL-400723,Кредит наличными,Мобильное приложение,Центральный,2500000,2025-02-20 12:11:00,АБС,false
APP-201319,CL-414466,Кредит для бизнеса,Корпоративный менеджер,Северо-Западный,800000,2025-03-16 08:24:00,АБС,false
APP-201700,CL-410598,Кредит наличными,Мобильное приложение,Северо-Западный,150000,2025-03-18 17:38:00,CRM,false
APP-202139,CL-432736,Кредит наличными,Корпоративный менеджер,Приволжский,150000,2025-05-27 14:10:00,CRM,false
APP-201361,CL-404419,Кредитная карта,Корпоративный менеджер,Центральный,5000000,2025-01-28 14:30:00,АБС,false
APP-201442,CL-416442,Кредит наличными,Партнёрская сеть,Сибирский,5000000,2025-01-19 15:18:00,АБС,false
APP-202535,CL-403946,Кредитная карта,Партнёрская сеть,Центральный,1200000,2025-07-19 15:45:00,АБС,false
APP-202320,CL-435541,Кредит наличными,Мобильное приложение,Центральный,1200000,2025-02-13 15:32:00,АБС,false
APP-201127,CL-455306,Кредитная карта,Корпоративный менеджер,Северо-Западный,5000000,2025-05-30 17:45:00,АБС,false
APP-202970,CL-428910,Автокредит,Корпоративный менеджер,Приволжский,500000,2025-01-31 19:56:00,АБС,false
APP-200853,CL-456299,Кредит наличными,Отделение,Центральный,5000000,2025-03-27 08:39:00,CRM,false
APP-203277,CL-415696,Кредит наличными,Корпоративный менеджер,Приволжский,5000000,2025-02-13 18:35:00,АБС,false
APP-203369,CL-453421,Кредит наличными,Отделение,Сибирский,1200000,2025-04-29 12:09:00,АБС,false
APP-202951,CL-435832,Кредитная карта,Отделение,Сибирский,1200000,2025-03-03 18:27:00,CRM,false
APP-200162,CL-444670,Кредит наличными,Мобильное приложение,Центральный,800000,2025-02-20 17:36:00,АБС,false
APP-201105,CL-437160,Кредитная карта,Мобильное приложение,Приволжский,800000,2025-04-15 08:43:00,АБС,false
APP-203027,CL-419248,Кредит наличными,Партнёрская сеть,Приволжский,500000,2025-03-30 19:32:00,АБС,false
APP-200706,CL-451118,Кредит наличными,Отделение,Сибирский,800000,2025-07-08 09:54:00,АБС,false
APP-202478,CL-429154,Кредитная карта,Отделение,Южный,1200000,2025-05-16 09:46:00,АБС,false
APP-200490,CL-457176,Кредит наличными,Мобильное приложение,Южный,150000,2025-07-24 08:42:00,CRM,false
APP-203380,CL-404532,Кредит для бизнеса,Корпоративный менеджер,Приволжский,300000,2025-06-26 15:56:00,CRM,false
APP-203468,CL-447663,Кредитная карта,Партнёрская сеть,Северо-Западный,150000,2025-04-14 08:37:00,АБС,false
APP-202380,CL-458144,Кредитная карта,Мобильное приложение,Центральный,1200000,2025-02-13 15:31:00,АБС,false
APP-203568,CL-424587,Кредитная карта,Партнёрская сеть,Центральный,2500000,2025-03-05 11:28:00,АБС,false
APP-200188,CL-410259,Кредит для бизнеса,Мобильное приложение,Северо-Западный,5000000,2025-04-13 10:05:00,CRM,false
APP-203241,CL-418292,Кредитная карта,Мобильное приложение,Сибирский,1200000,2025-01-09 12:31:00,АБС,false
APP-201806,CL-400214,Кредитная карта,Отделение,Южный,800000,2025-05-30 17:35:00,АБС,false
APP-202986,CL-413399,Кредит для бизнеса,Отделение,Южный,500000,2025-01-14 13:53:00,CRM,false
APP-203050,CL-TEST,Кредит для бизнеса,Партнёрская сеть,Сибирский,1200000,2025-02-13 13:17:00,АБС,true
APP-202297,CL-403356,Кредит наличными,Мобильное приложение,Центральный,150000,2025-07-10 15:02:00,CRM,false
APP-203025,CL-414139,Кредит наличными,Отделение,Северо-Западный,150000,2025-03-19 17:29:00,АБС,false
APP-201090,CL-450925,Кредит наличными,Корпоративный менеджер,Северо-Западный,150000,2025-05-31 13:16:00,АБС,false
APP-202418,CL-436627,Кредитная карта,Партнёрская сеть,Северо-Западный,1200000,2025-07-07 19:16:00,АБС,false
APP-200707,CL-447647,Кредит наличными,Отделение,Центральный,5000000,2025-04-02 19:54:00,АБС,false
APP-202780,CL-444565,Автокредит,Партнёрская сеть,Южный,5000000,2025-04-06 19:10:00,АБС,false
APP-203042,CL-435754,Кредитная карта,Мобильное приложение,Приволжский,5000000,2025-05-21 17:21:00,АБС,false
APP-203592,CL-427331,Кредит наличными,Отделение,Северо-Западный,1200000,2025-07-25 13:08:00,АБС,false
APP-200360,CL-426599,Кредит наличными,Корпоративный менеджер,Центральный,5000000,2025-04-24 09:13:00,CRM,false
APP-202058,CL-451610,Кредит для бизнеса,Отделение,Приволжский,5000000,2025-04-11 10:08:00,АБС,false
APP-200443,CL-436189,Кредит наличными,Отделение,Приволжский,300000,2025-07-09 17:42:00,CRM,false
APP-201735,CL-413317,Автокредит,Партнёрская сеть,Сибирский,5000000,2025-04-02 09:48:00,АБС,false
APP-202997,CL-448719,Кредит наличными,Партнёрская сеть,Сибирский,150000,2025-05-22 19:43:00,CRM,false
APP-201417,CL-414170,Кредит наличными,Партнёрская сеть,Приволжский,150000,2025-04-09 10:56:00,АБС,false
APP-200472,CL-444696,Кредитная карта,Мобильное приложение,Южный,2500000,2025-04-02 09:55:00,CRM,false
APP-201469,CL-451588,Кредитная карта,Партнёрская сеть,Южный,500000,2025-05-08 12:03:00,АБС,false
APP-201100,CL-419446,Кредитная карта,Мобильное приложение,Центральный,2500000,2025-04-02 10:45:00,АБС,false
APP-202429,CL-448755,Кредитная карта,Партнёрская сеть,Южный,500000,2025-07-01 18:05:00,CRM,false
APP-200339,CL-439709,Кредитная карта,Отделение,Центральный,300000,2025-03-15 19:22:00,CRM,false
APP-203023,CL-432444,Кредитная карта,Партнёрская сеть,Южный,150000,2025-04-06 13:30:00,АБС,false
APP-202775,CL-424967,Кредитная карта,Корпоративный менеджер,Центральный,150000,2025-04-08 11:17:00,CRM,false
APP-201584,CL-401591,Кредит для бизнеса,Корпоративный менеджер,Центральный,5000000,2025-07-09 10:14:00,CRM,false
APP-202714,CL-435881,Кредит наличными,Партнёрская сеть,Южный,800000,2025-06-28 08:11:00,АБС,false
APP-201943,CL-404972,Кредит наличными,Отделение,Центральный,500000,2025-06-24 12:33:00,АБС,false
APP-202152,CL-400464,Кредит для бизнеса,Партнёрская сеть,Центральный,5000000,2025-03-01 12:39:00,АБС,false
APP-201055,CL-457787,Автокредит,Отделение,Центральный,1200000,2025-04-15 10:42:00,АБС,false
APP-200636,CL-457916,Кредитная карта,Мобильное приложение,Приволжский,5000000,2025-04-18 15:27:00,CRM,false
APP-201520,CL-452586,Кредит наличными,Мобильное приложение,Северо-Западный,150000,2025-05-01 12:15:00,CRM,false
APP-202387,CL-450400,Кредит наличными,Отделение,Приволжский,800000,2025-04-18 11:51:00,АБС,false
APP-202440,CL-452017,Кредит наличными,Корпоративный менеджер,Приволжский,800000,2025-06-08 16:03:00,АБС,false
APP-201930,CL-457506,Кредитная карта,Отделение,Приволжский,1200000,2025-02-16 17:20:00,CRM,false
APP-201651,CL-409917,Автокредит,Партнёрская сеть,Приволжский,5000000,2025-05-12 11:39:00,АБС,false
APP-202628,CL-433014,Кредит наличными,Отделение,Северо-Западный,2500000,2025-06-03 16:12:00,АБС,false
APP-201387,CL-458784,Кредит наличными,Корпоративный менеджер,Центральный,1200000,2025-06-08 16:57:00,АБС,false
APP-201685,CL-446427,Кредит для бизнеса,Отделение,Сибирский,1200000,2025-04-12 14:58:00,АБС,false
APP-200444,CL-445465,Кредит для бизнеса,Отделение,Северо-Западный,300000,2025-02-10 09:56:00,CRM,false
APP-202557,CL-436944,Кредитная карта,Партнёрская сеть,Северо-Западный,800000,2025-05-31 16:32:00,CRM,false
APP-203542,CL-401716,Кредитная карта,Отделение,Приволжский,2500000,2025-06-06 16:36:00,АБС,false
APP-201281,CL-440058,Автокредит,Отделение,Приволжский,500000,2025-01-30 13:27:00,CRM,false
APP-201676,CL-458361,Кредитная карта,Мобильное приложение,Южный,500000,2025-01-24 10:16:00,CRM,false
APP-200873,CL-TEST,Кредит наличными,Мобильное приложение,Южный,500000,2025-02-27 09:51:00,АБС,true
APP-201382,CL-416221,Кредит для бизнеса,Мобильное приложение,Приволжский,150000,2025-07-19 10:26:00,АБС,false
APP-201312,CL-444658,Кредитная карта,Отделение,Южный,5000000,2025-02-11 11:45:00,АБС,false
APP-201475,CL-450350,Кредитная карта,Отделение,Центральный,300000,2025-05-22 08:28:00,АБС,false
APP-203326,CL-424949,Кредитная карта,Партнёрская сеть,Сибирский,300000,2025-07-09 11:08:00,АБС,false
APP-202032,CL-418521,Автокредит,Партнёрская сеть,Центральный,300000,2025-02-16 15:13:00,АБС,false
APP-200449,CL-421878,Автокредит,Мобильное приложение,Центральный,500000,2025-03-12 17:12:00,CRM,false
APP-200269,CL-423403,Кредит для бизнеса,Отделение,Центральный,2500000,2025-01-11 18:54:00,АБС,false
APP-202277,CL-452760,Автокредит,Мобильное приложение,Южный,5000000,2025-06-08 10:59:00,АБС,false
APP-202546,CL-442591,Кредит наличными,Корпоративный менеджер,Сибирский,300000,2025-05-03 11:53:00,АБС,false
APP-203270,CL-454174,Автокредит,Мобильное приложение,Центральный,150000,2025-04-01 09:09:00,CRM,false
APP-200208,CL-440805,Кредит наличными,Отделение,Северо-Западный,1200000,2025-06-13 10:25:00,АБС,false
APP-202501,CL-445160,Кредит наличными,Отделение,Сибирский,150000,2025-04-02 08:11:00,АБС,false
APP-201974,CL-400785,Кредит для бизнеса,Корпоративный менеджер,Приволжский,500000,2025-07-16 14:26:00,АБС,false
APP-201274,CL-448354,Кредит наличными,Отделение,Северо-Западный,150000,2025-07-29 09:46:00,АБС,false
APP-203548,CL-433713,Кредит для бизнеса,Корпоративный менеджер,Приволжский,2500000,2025-02-08 08:00:00,CRM,false
APP-200686,CL-438453,Кредитная карта,Мобильное приложение,Центральный,5000000,2025-04-08 10:07:00,АБС,false
APP-201715,CL-427788,Кредит для бизнеса,Мобильное приложение,Приволжский,1200000,2025-03-04 10:16:00,АБС,false
APP-200741,CL-451884,Кредитная карта,Отделение,Южный,300000,2025-06-09 09:46:00,АБС,false
APP-202004,CL-444966,Кредитная карта,Мобильное приложение,Южный,500000,2025-05-22 09:42:00,АБС,false
APP-203232,CL-421546,Кредит для бизнеса,Партнёрская сеть,Южный,300000,2025-03-19 12:16:00,АБС,false
APP-202411,CL-433099,Автокредит,Партнёрская сеть,Южный,500000,2025-04-06 09:12:00,АБС,false
APP-201605,CL-456100,Кредит наличными,Корпоративный менеджер,Сибирский,800000,2025-01-23 16:50:00,CRM,false
APP-202399,CL-436837,Кредит наличными,Отделение,Приволжский,800000,2025-04-17 16:36:00,CRM,false
APP-201386,CL-402845,Кредит наличными,Отделение,Южный,1200000,2025-05-25 16:35:00,CRM,false
APP-203057,CL-432622,Кредит наличными,Отделение,Сибирский,2500000,2025-05-18 08:09:00,CRM,false
APP-203534,CL-449457,Кредит для бизнеса,Мобильное приложение,Северо-Западный,500000,2025-04-03 18:02:00,АБС,false
APP-200578,CL-452545,Автокредит,Мобильное приложение,Северо-Западный,2500000,2025-03-17 10:27:00,CRM,false
APP-200642,CL-435481,Кредит для бизнеса,Корпоративный менеджер,Сибирский,5000000,2025-04-28 17:44:00,АБС,false
APP-201938,CL-413334,Кредит наличными,Мобильное приложение,Северо-Западный,300000,2025-07-22 08:39:00,АБС,false
APP-201176,CL-409210,Кредит для бизнеса,Корпоративный менеджер,Центральный,1200000,2025-04-06 16:50:00,АБС,false
APP-203196,CL-414981,Кредит для бизнеса,Отделение,Сибирский,500000,2025-08-02 11:35:00,CRM,false
APP-200540,CL-415146,Автокредит,Отделение,Центральный,2500000,2025-05-31 17:15:00,CRM,false
APP-203570,CL-408662,Кредит наличными,Отделение,Центральный,5000000,2025-02-11 11:50:00,АБС,false
APP-203305,CL-403096,Автокредит,Отделение,Приволжский,1200000,2025-01-24 12:21:00,АБС,false
APP-203097,CL-423450,Кредит для бизнеса,Мобильное приложение,Центральный,1200000,2025-01-12 18:29:00,АБС,false
APP-203533,CL-455792,Кредитная карта,Отделение,Южный,150000,2025-06-03 18:20:00,CRM,false
APP-200134,CL-414469,Кредит для бизнеса,Партнёрская сеть,Сибирский,300000,2025-05-18 12:28:00,CRM,false
APP-203415,CL-448524,Кредитная карта,Мобильное приложение,Центральный,300000,2025-05-26 16:17:00,CRM,false
APP-202697,CL-450145,Кредит для бизнеса,Корпоративный менеджер,Приволжский,300000,2025-02-26 15:40:00,АБС,false
APP-200382,CL-434493,Кредит для бизнеса,Партнёрская сеть,Северо-Западный,5000000,2025-03-20 17:26:00,CRM,false
APP-200033,CL-418614,Кредитная карта,Партнёрская сеть,Южный,150000,2025-05-08 13:44:00,АБС,false
APP-200699,CL-412472,Кредит наличными,Мобильное приложение,Центральный,5000000,2025-06-19 16:06:00,АБС,false
APP-201702,CL-418756,Кредит наличными,Партнёрская сеть,Северо-Западный,150000,2025-06-08 11:02:00,АБС,false
APP-203079,CL-455457,Кредит для бизнеса,Корпоративный менеджер,Южный,1200000,2025-07-29 17:07:00,CRM,false
APP-201999,CL-436537,Кредитная карта,Отделение,Южный,150000,2025-01-29 19:28:00,АБС,false
APP-200916,CL-437457,Кредитная карта,Мобильное приложение,Центральный,150000,2025-03-13 11:20:00,АБС,false
APP-203171,CL-456459,Кредитная карта,Партнёрская сеть,Сибирский,300000,2025-02-28 08:40:00,АБС,false
APP-200848,CL-417802,Автокредит,Отделение,Северо-Западный,300000,2025-05-02 12:39:00,АБС,false
APP-200364,CL-433964,Кредит для бизнеса,Мобильное приложение,Южный,5000000,2025-05-02 16:31:00,АБС,false
APP-202493,CL-415434,Кредит для бизнеса,Мобильное приложение,Приволжский,150000,2025-05-30 16:17:00,CRM,false
APP-201632,CL-413488,Автокредит,Отделение,Приволжский,150000,2025-06-02 09:24:00,CRM,false
APP-200148,CL-452667,Кредит наличными,Отделение,Южный,1200000,2025-01-27 12:50:00,CRM,false
APP-200837,CL-456781,Кредит наличными,Корпоративный менеджер,Приволжский,800000,2025-03-12 08:07:00,CRM,false
APP-203039,CL-412124,Кредитная карта,Отделение,Южный,150000,2025-05-03 19:49:00,CRM,false
APP-200915,CL-408376,Автокредит,Партнёрская сеть,Центральный,1200000,2025-06-19 09:01:00,АБС,false
APP-200789,CL-434156,Кредит наличными,Партнёрская сеть,Северо-Западный,150000,2025-04-04 17:30:00,АБС,false
APP-203065,CL-415577,Кредитная карта,Корпоративный менеджер,Центральный,2500000,2025-06-29 19:16:00,CRM,false
APP-201727,CL-417195,Кредит для бизнеса,Корпоративный менеджер,Южный,500000,2025-05-12 15:10:00,АБС,false
APP-200702,CL-404283,Автокредит,Партнёрская сеть,Сибирский,5000000,2025-06-17 18:39:00,CRM,false
APP-203147,CL-424303,Автокредит,Партнёрская сеть,Южный,300000,2025-02-28 19:07:00,CRM,false
APP-203502,CL-412982,Кредит наличными,Мобильное приложение,Северо-Западный,500000,2025-04-01 10:36:00,CRM,false
APP-200924,CL-447975,Кредит наличными,Корпоративный менеджер,Центральный,500000,2025-04-16 14:43:00,CRM,false
APP-202577,CL-443300,Кредит для бизнеса,Корпоративный менеджер,Южный,5000000,2025-01-06 13:12:00,АБС,false
APP-200104,CL-442754,Кредит наличными,Мобильное приложение,Приволжский,800000,2025-04-30 08:52:00,CRM,false
APP-201440,CL-438540,Кредит наличными,Мобильное приложение,Центральный,800000,2025-07-21 19:34:00,АБС,false
APP-200014,CL-420892,Кредит для бизнеса,Партнёрская сеть,Южный,150000,2025-02-25 08:21:00,CRM,false
APP-202333,CL-441265,Кредит наличными,Партнёрская сеть,Центральный,500000,2025-01-11 10:43:00,АБС,false
APP-201283,CL-406206,Кредит наличными,Мобильное приложение,Центральный,1200000,2025-01-25 17:45:00,CRM,false
APP-200975,CL-407274,Кредит наличными,Партнёрская сеть,Приволжский,800000,2025-05-18 16:32:00,CRM,false
APP-200029,CL-458913,Кредит наличными,Корпоративный менеджер,Северо-Западный,1200000,2025-04-13 19:13:00,АБС,false
APP-202967,CL-437430,Кредитная карта,Корпоративный менеджер,Южный,800000,2025-03-27 18:34:00,АБС,false
APP-203493,CL-444417,Кредит для бизнеса,Отделение,Центральный,1200000,2025-02-21 15:48:00,АБС,false
APP-201246,CL-414545,Кредит наличными,Партнёрская сеть,Центральный,5000000,2025-07-24 18:56:00,АБС,false
APP-200604,CL-412965,Кредит наличными,Отделение,Центральный,5000000,2025-03-30 08:39:00,АБС,false
APP-202798,CL-416537,Кредитная карта,Мобильное приложение,Сибирский,150000,2025-03-16 16:28:00,АБС,false
APP-200778,CL-428443,Автокредит,Мобильное приложение,Приволжский,300000,2025-01-06 19:35:00,АБС,false
APP-202516,CL-409376,Кредит наличными,Отделение,Приволжский,1200000,2025-01-22 14:09:00,CRM,false
APP-201552,CL-435810,Кредитная карта,Партнёрская сеть,Сибирский,300000,2025-07-20 15:28:00,АБС,false
APP-202114,CL-429068,Кредит наличными,Отделение,Сибирский,2500000,2025-01-31 11:34:00,CRM,false
APP-200996,CL-401461,Кредит наличными,Мобильное приложение,Центральный,5000000,2025-01-19 11:25:00,CRM,false
APP-202934,CL-446020,Кредитная карта,Отделение,Северо-Западный,1200000,2025-06-29 16:13:00,АБС,false
APP-202819,CL-421420,Кредит наличными,Мобильное приложение,Сибирский,1200000,2025-01-17 14:37:00,CRM,false
APP-200939,CL-412407,Автокредит,Мобильное приложение,Северо-Западный,5000000,2025-02-10 17:53:00,АБС,false
APP-203419,CL-402290,Кредит наличными,Мобильное приложение,Южный,500000,2025-06-20 19:39:00,CRM,false
APP-203359,CL-424500,Автокредит,Отделение,Северо-Западный,1200000,2025-05-30 12:52:00,АБС,false
APP-203246,CL-404547,Кредит наличными,Корпоративный менеджер,Приволжский,300000,2025-07-22 14:32:00,CRM,false
APP-202153,CL-406823,Кредит для бизнеса,Партнёрская сеть,Центральный,1200000,2025-01-16 19:41:00,CRM,false
APP-202893,CL-405863,Кредитная карта,Партнёрская сеть,Приволжский,800000,2025-01-08 12:25:00,АБС,false
APP-202047,CL-407246,Кредит наличными,Партнёрская сеть,Сибирский,1200000,2025-05-25 19:18:00,CRM,false
APP-203503,CL-429238,Кредит для бизнеса,Корпоративный менеджер,Центральный,800000,2025-07-25 09:02:00,CRM,false
APP-201917,CL-439541,Кредит наличными,Корпоративный менеджер,Центральный,500000,2025-06-14 10:00:00,CRM,false
APP-202306,CL-433889,Кредит для бизнеса,Мобильное приложение,Северо-Западный,500000,2025-02-24 17:53:00,АБС,false
APP-203397,CL-423000,Кредит для бизнеса,Отделение,Приволжский,5000000,2025-04-26 14:50:00,АБС,false
APP-203136,CL-449307,Кредит наличными,Мобильное приложение,Центральный,150000,2025-02-18 10:35:00,АБС,false
APP-202458,CL-449535,Кредит наличными,Мобильное приложение,Приволжский,150000,2025-03-15 14:50:00,CRM,false
APP-200878,CL-416256,Кредит наличными,Мобильное приложение,Приволжский,5000000,2025-05-06 13:58:00,АБС,false
APP-201414,CL-437666,Кредит наличными,Отделение,Центральный,2500000,2025-04-02 15:07:00,CRM,false
APP-202137,CL-445472,Кредит наличными,Отделение,Центральный,5000000,2025-05-30 09:13:00,CRM,false
APP-201378,CL-422952,Кредит наличными,Мобильное приложение,Южный,300000,2025-01-13 13:04:00,АБС,false
APP-200356,CL-432837,Кредитная карта,Партнёрская сеть,Центральный,300000,2025-04-05 16:29:00,CRM,false
APP-201330,CL-TEST,Кредитная карта,Партнёрская сеть,Приволжский,5000000,2025-04-14 19:50:00,АБС,true
APP-201126,CL-409544,Кредит для бизнеса,Партнёрская сеть,Центральный,500000,2025-03-03 14:40:00,АБС,false
APP-202792,CL-409905,Кредитная карта,Партнёрская сеть,Приволжский,5000000,2025-07-26 12:45:00,АБС,false
APP-201916,CL-449308,Кредитная карта,Мобильное приложение,Центральный,300000,2025-04-01 10:11:00,АБС,false
APP-201131,CL-454105,Кредитная карта,Партнёрская сеть,Приволжский,800000,2025-08-01 19:42:00,АБС,false
APP-202192,CL-417017,Кредитная карта,Мобильное приложение,Центральный,1200000,2025-02-22 15:33:00,АБС,false
APP-200703,CL-428334,Кредит наличными,Партнёрская сеть,Сибирский,150000,2025-02-18 16:28:00,АБС,false
APP-200781,CL-440299,Кредитная карта,Партнёрская сеть,Приволжский,5000000,2025-01-22 14:12:00,АБС,false
APP-200652,CL-456820,Кредит наличными,Мобильное приложение,Сибирский,300000,2025-04-25 10:47:00,CRM,false
APP-201360,CL-442324,Кредит наличными,Отделение,Южный,800000,2025-08-02 10:44:00,АБС,false
APP-202749,CL-409906,Автокредит,Отделение,Сибирский,2500000,2025-02-20 17:50:00,CRM,false
APP-202908,CL-429572,Автокредит,Корпоративный менеджер,Южный,5000000,2025-03-19 12:24:00,АБС,false
APP-202048,CL-446340,Кредит для бизнеса,Партнёрская сеть,Приволжский,2500000,2025-03-05 13:16:00,АБС,false
APP-201790,CL-429444,Кредит наличными,Отделение,Сибирский,150000,2025-06-15 09:23:00,АБС,false
APP-200842,CL-402229,Кредит наличными,Мобильное приложение,Центральный,1200000,2025-06-13 18:22:00,АБС,false
APP-200828,CL-452426,Кредит для бизнеса,Партнёрская сеть,Сибирский,150000,2025-05-18 16:12:00,АБС,false
APP-201237,CL-403422,Кредитная карта,Мобильное приложение,Северо-Западный,1200000,2025-02-02 08:30:00,АБС,false
APP-201998,CL-400624,Кредит наличными,Партнёрская сеть,Сибирский,1200000,2025-02-04 14:19:00,CRM,false
APP-201490,CL-455389,Кредитная карта,Мобильное приложение,Южный,300000,2025-07-06 14:01:00,CRM,false
APP-200948,CL-455160,Автокредит,Партнёрская сеть,Сибирский,2500000,2025-06-07 12:28:00,CRM,false
APP-201878,CL-408463,Кредит для бизнеса,Мобильное приложение,Северо-Западный,800000,2025-05-02 16:38:00,CRM,false
APP-202007,CL-424675,Кредитная карта,Корпоративный менеджер,Сибирский,1200000,2025-06-13 16:52:00,АБС,false
APP-202958,CL-437288,Кредит наличными,Партнёрская сеть,Центральный,800000,2025-05-21 13:17:00,АБС,false
APP-203418,CL-401223,Автокредит,Мобильное приложение,Южный,300000,2025-03-28 14:38:00,АБС,false
APP-200480,CL-410333,Кредит наличными,Мобильное приложение,Центральный,150000,2025-05-11 18:11:00,АБС,false
APP-203257,CL-419647,Автокредит,Отделение,Северо-Западный,2500000,2025-05-19 18:04:00,CRM,false
APP-201904,CL-438215,Кредит наличными,Партнёрская сеть,Приволжский,500000,2025-05-07 08:43:00,АБС,false
APP-201563,CL-401024,Кредит наличными,Отделение,Центральный,150000,2025-03-13 10:44:00,АБС,false
APP-203204,CL-420637,Кредит для бизнеса,Отделение,Центральный,300000,2025-05-31 17:37:00,CRM,false
APP-200235,CL-420301,Автокредит,Партнёрская сеть,Южный,500000,2025-06-29 18:50:00,CRM,false
APP-200658,CL-404959,Кредит наличными,Отделение,Сибирский,2500000,2025-05-02 10:10:00,АБС,false
APP-202851,CL-419391,Автокредит,Мобильное приложение,Северо-Западный,800000,2025-07-31 15:39:00,CRM,false
APP-203102,CL-429339,Кредит для бизнеса,Мобильное приложение,Сибирский,1200000,2025-06-06 10:33:00,CRM,false
APP-200011,CL-439579,Кредитная карта,Отделение,Сибирский,1200000,2025-03-15 17:05:00,АБС,false
APP-200018,CL-419537,Кредитная карта,Мобильное приложение,Приволжский,2500000,2025-04-07 18:29:00,CRM,false
APP-202858,CL-416757,Кредит наличными,Корпоративный менеджер,Центральный,5000000,2025-06-01 15:13:00,CRM,false
APP-202370,CL-433565,Кредит для бизнеса,Мобильное приложение,Южный,800000,2025-07-20 18:52:00,АБС,false
APP-201511,CL-412109,Кредитная карта,Партнёрская сеть,Северо-Западный,2500000,2025-05-16 10:54:00,CRM,false
APP-201242,CL-412279,Кредит для бизнеса,Отделение,Сибирский,5000000,2025-06-15 13:19:00,АБС,false
APP-200199,CL-445087,Кредит наличными,Отделение,Южный,500000,2025-02-16 12:25:00,АБС,false
APP-201012,CL-432428,Кредит для бизнеса,Мобильное приложение,Сибирский,5000000,2025-02-04 09:01:00,CRM,false
APP-203090,CL-403300,Кредит наличными,Корпоративный менеджер,Центральный,800000,2025-02-12 18:00:00,АБС,false
APP-201705,CL-441118,Кредит наличными,Партнёрская сеть,Северо-Западный,1200000,2025-05-17 09:26:00,АБС,false
APP-202990,CL-425156,Кредитная карта,Партнёрская сеть,Приволжский,500000,2025-02-06 16:52:00,АБС,false
APP-203177,CL-429518,Кредит наличными,Партнёрская сеть,Центральный,800000,2025-02-17 17:19:00,CRM,false
APP-202826,CL-436325,Кредит для бизнеса,Корпоративный менеджер,Южный,300000,2025-01-08 09:30:00,АБС,false
APP-201420,CL-434823,Автокредит,Мобильное приложение,Южный,300000,2025-04-03 10:48:00,CRM,false
APP-201622,CL-405604,Кредитная карта,Корпоративный менеджер,Сибирский,800000,2025-01-15 18:23:00,АБС,false
APP-202015,CL-438294,Кредит наличными,Партнёрская сеть,Приволжский,5000000,2025-04-01 11:30:00,АБС,false
APP-201438,CL-422044,Кредит для бизнеса,Корпоративный менеджер,Центральный,1200000,2025-06-08 09:45:00,CRM,false
APP-203427,CL-446723,Кредитная карта,Мобильное приложение,Центральный,1200000,2025-04-29 11:45:00,АБС,false
APP-202835,CL-411686,Автокредит,Мобильное приложение,Сибирский,500000,2025-04-13 11:33:00,АБС,false
APP-201253,CL-455532,Автокредит,Партнёрская сеть,Приволжский,150000,2025-04-17 11:08:00,АБС,false
APP-203302,CL-455756,Кредитная карта,Мобильное приложение,Северо-Западный,150000,2025-04-16 11:12:00,АБС,false
APP-200294,CL-415726,Кредит для бизнеса,Отделение,Сибирский,5000000,2025-04-04 16:08:00,CRM,false
APP-202042,CL-448628,Автокредит,Партнёрская сеть,Приволжский,800000,2025-05-11 11:39:00,АБС,false
APP-200977,CL-411057,Кредит наличными,Мобильное приложение,Приволжский,1200000,2025-05-14 13:55:00,CRM,false
APP-200485,CL-448160,Кредитная карта,Партнёрская сеть,Северо-Западный,1200000,2025-02-22 18:51:00,АБС,false
APP-202942,CL-442190,Кредит для бизнеса,Мобильное приложение,Центральный,150000,2025-02-21 14:18:00,CRM,false
APP-201092,CL-415128,Кредит для бизнеса,Мобильное приложение,Северо-Западный,5000000,2025-02-05 11:35:00,АБС,false
APP-202521,CL-412116,Автокредит,Мобильное приложение,Центральный,2500000,2025-02-25 08:05:00,CRM,false
APP-201946,CL-422043,Кредитная карта,Отделение,Сибирский,500000,2025-06-08 15:35:00,АБС,false
APP-200824,CL-453790,Кредит для бизнеса,Мобильное приложение,Южный,800000,2025-01-10 15:15:00,АБС,false
APP-200958,CL-453407,Кредитная карта,Партнёрская сеть,Приволжский,500000,2025-06-09 10:01:00,АБС,false
APP-202193,CL-458210,Автокредит,Отделение,Центральный,2500000,2025-07-11 16:38:00,CRM,false
APP-202284,CL-412191,Кредит наличными,Мобильное приложение,Центральный,150000,2025-06-15 14:05:00,АБС,false
APP-203361,CL-405528,Кредитная карта,Партнёрская сеть,Приволжский,5000000,2025-05-22 09:57:00,АБС,false
APP-200774,CL-443950,Кредит для бизнеса,Отделение,Приволжский,800000,2025-05-21 19:05:00,АБС,false
APP-200669,CL-431767,Кредит для бизнеса,Мобильное приложение,Северо-Западный,5000000,2025-01-27 19:45:00,АБС,false
APP-202267,CL-423227,Кредитная карта,Мобильное приложение,Приволжский,1200000,2025-02-22 11:23:00,АБС,false
APP-201101,CL-459279,Кредит для бизнеса,Отделение,Центральный,5000000,2025-05-31 10:07:00,CRM,false
APP-202989,CL-420335,Кредит наличными,Отделение,Северо-Западный,800000,2025-01-15 08:51:00,АБС,false
APP-200038,CL-416177,Кредит для бизнеса,Партнёрская сеть,Сибирский,500000,2025-03-14 15:40:00,АБС,false
APP-203452,CL-411754,Кредитная карта,Мобильное приложение,Южный,5000000,2025-07-24 18:50:00,АБС,false
APP-202599,CL-424764,Кредит наличными,Мобильное приложение,Приволжский,1200000,2025-06-01 08:15:00,CRM,false
APP-201478,CL-450898,Кредит наличными,Мобильное приложение,Южный,800000,2025-02-06 10:04:00,CRM,false
APP-200408,CL-402841,Автокредит,Мобильное приложение,Центральный,300000,2025-06-24 17:02:00,CRM,false
APP-201452,CL-422367,Кредитная карта,Мобильное приложение,Южный,2500000,2025-08-02 19:02:00,CRM,false
APP-203381,CL-406397,Кредитная карта,Партнёрская сеть,Центральный,500000,2025-02-16 14:09:00,АБС,false
APP-201122,CL-408999,Кредит наличными,Мобильное приложение,Северо-Западный,2500000,2025-01-12 18:31:00,CRM,false
APP-201768,CL-444240,Автокредит,Корпоративный менеджер,Сибирский,2500000,2025-07-23 19:00:00,CRM,false
APP-200136,CL-444830,Автокредит,Мобильное приложение,Южный,2500000,2025-07-31 16:47:00,АБС,false
APP-200388,CL-447254,Кредит наличными,Корпоративный менеджер,Северо-Западный,1200000,2025-04-06 18:14:00,CRM,false
APP-203338,CL-455222,Кредит наличными,Партнёрская сеть,Приволжский,2500000,2025-03-29 11:32:00,АБС,false
APP-203184,CL-412113,Кредит наличными,Отделение,Приволжский,5000000,2025-01-18 17:50:00,АБС,false
APP-203024,CL-404756,Автокредит,Мобильное приложение,Сибирский,2500000,2025-01-08 15:03:00,АБС,false
APP-200769,CL-416175,Кредитная карта,Корпоративный менеджер,Северо-Западный,1200000,2025-04-19 18:22:00,АБС,false
APP-200220,CL-416471,Кредит наличными,Мобильное приложение,Северо-Западный,500000,2025-03-09 14:49:00,АБС,false
APP-202020,CL-423607,Автокредит,Отделение,Приволжский,150000,2025-02-09 08:10:00,АБС,false
APP-201351,CL-428153,Кредит наличными,Корпоративный менеджер,Северо-Западный,1200000,2025-05-02 08:29:00,CRM,false
APP-202840,CL-418576,Кредит наличными,Отделение,Приволжский,5000000,2025-03-26 17:36:00,CRM,false
APP-202027,CL-451007,Кредит для бизнеса,Мобильное приложение,Северо-Западный,800000,2025-03-09 19:27:00,CRM,false
APP-201075,CL-423998,Кредит наличными,Корпоративный менеджер,Приволжский,1200000,2025-05-21 17:45:00,CRM,false
APP-201854,CL-421285,Кредит наличными,Партнёрская сеть,Южный,150000,2025-08-02 11:43:00,CRM,false
APP-201636,CL-444133,Кредит для бизнеса,Мобильное приложение,Центральный,5000000,2025-07-07 13:55:00,CRM,false
APP-201549,CL-425599,Кредитная карта,Мобильное приложение,Северо-Западный,500000,2025-07-04 17:00:00,АБС,false
APP-203169,CL-428932,Кредитная карта,Мобильное приложение,Южный,300000,2025-03-29 16:54:00,CRM,false
APP-202085,CL-442981,Кредит наличными,Отделение,Сибирский,150000,2025-04-07 08:03:00,АБС,false
APP-201940,CL-434543,Кредитная карта,Корпоративный менеджер,Сибирский,1200000,2025-07-01 14:14:00,АБС,false
APP-200112,CL-433716,Автокредит,Мобильное приложение,Центральный,5000000,2025-01-24 09:37:00,АБС,false
APP-200817,CL-437791,Кредит для бизнеса,Мобильное приложение,Сибирский,2500000,2025-02-27 17:16:00,АБС,false
APP-200597,CL-433009,Кредит наличными,Партнёрская сеть,Центральный,300000,2025-05-23 14:12:00,CRM,false
APP-202859,CL-434684,Кредитная карта,Мобильное приложение,Центральный,300000,2025-02-22 08:37:00,АБС,false
APP-202433,CL-407662,Кредит для бизнеса,Корпоративный менеджер,Северо-Западный,800000,2025-05-18 18:19:00,CRM,false
APP-200516,CL-446344,Кредит наличными,Партнёрская сеть,Приволжский,2500000,2025-06-14 14:57:00,АБС,false
APP-200666,CL-407284,Кредит наличными,Мобильное приложение,Сибирский,5000000,2025-04-01 15:55:00,АБС,false
APP-200140,CL-418089,Кредитная карта,Мобильное приложение,Северо-Западный,5000000,2025-04-01 09:53:00,CRM,false
APP-203569,CL-413806,Автокредит,Партнёрская сеть,Северо-Западный,800000,2025-02-16 10:57:00,АБС,false
APP-201002,CL-431899,Автокредит,Отделение,Центральный,1200000,2025-03-04 12:32:00,АБС,false
APP-203453,CL-457269,Кредит для бизнеса,Корпоративный менеджер,Центральный,300000,2025-06-09 10:04:00,АБС,false
APP-202339,CL-428115,Кредитная карта,Мобильное приложение,Центральный,800000,2025-02-08 13:17:00,CRM,false
APP-203180,CL-425637,Кредитная карта,Мобильное приложение,Сибирский,1200000,2025-07-13 16:00:00,АБС,false
APP-201284,CL-444089,Автокредит,Корпоративный менеджер,Сибирский,300000,2025-04-22 17:00:00,АБС,false
APP-203505,CL-417886,Кредит наличными,Мобильное приложение,Центральный,2500000,2025-02-07 14:48:00,АБС,false
APP-201587,CL-410968,Кредитная карта,Мобильное приложение,Северо-Западный,300000,2025-03-11 10:26:00,АБС,false
APP-201600,CL-426661,Автокредит,Корпоративный менеджер,Сибирский,800000,2025-07-06 10:32:00,CRM,false
APP-201413,CL-429333,Автокредит,Отделение,Приволжский,500000,2025-07-28 12:32:00,CRM,false
APP-203037,CL-421427,Кредит наличными,Отделение,Северо-Западный,800000,2025-05-21 18:58:00,CRM,false
APP-200909,CL-409502,Кредит наличными,Отделение,Приволжский,1200000,2025-06-07 10:51:00,CRM,false
APP-202532,CL-405383,Кредит наличными,Отделение,Приволжский,5000000,2025-03-06 16:03:00,АБС,false
APP-200573,CL-455713,Кредитная карта,Мобильное приложение,Южный,150000,2025-06-04 14:57:00,АБС,false
APP-201826,CL-413792,Кредит наличными,Отделение,Южный,2500000,2025-02-01 12:40:00,АБС,false
APP-202185,CL-401774,Кредит для бизнеса,Партнёрская сеть,Центральный,150000,2025-03-04 15:30:00,CRM,false
APP-200211,CL-409539,Кредит для бизнеса,Отделение,Приволжский,800000,2025-06-10 12:27:00,АБС,false
APP-202776,CL-458448,Кредит для бизнеса,Мобильное приложение,Центральный,2500000,2025-05-03 17:00:00,АБС,false
APP-201241,CL-435061,Автокредит,Партнёрская сеть,Центральный,5000000,2025-03-29 17:32:00,АБС,false
APP-200156,CL-448928,Кредит наличными,Мобильное приложение,Северо-Западный,500000,2025-01-22 16:31:00,АБС,false
APP-201626,CL-410633,Кредит для бизнеса,Отделение,Сибирский,5000000,2025-02-12 19:07:00,АБС,false
APP-201091,CL-435515,Автокредит,Партнёрская сеть,Сибирский,150000,2025-05-13 13:16:00,АБС,false
APP-202150,CL-454988,Кредит наличными,Отделение,Центральный,1200000,2025-04-26 09:02:00,АБС,false
APP-202828,CL-412956,Кредит наличными,Мобильное приложение,Приволжский,1200000,2025-02-17 12:46:00,АБС,false
APP-203436,CL-442071,Кредит наличными,Мобильное приложение,Центральный,2500000,2025-07-15 12:06:00,АБС,false
APP-200630,CL-420122,Автокредит,Отделение,Северо-Западный,5000000,2025-07-02 10:47:00,АБС,false
APP-200461,CL-449420,Кредит наличными,Корпоративный менеджер,Южный,800000,2025-02-20 14:57:00,CRM,false
APP-202525,CL-414094,Автокредит,Мобильное приложение,Северо-Западный,500000,2025-05-16 08:14:00,АБС,false
APP-202964,CL-402501,Кредит наличными,Мобильное приложение,Южный,150000,2025-04-17 19:00:00,АБС,false
APP-203455,CL-451425,Кредит для бизнеса,Партнёрская сеть,Южный,2500000,2025-05-15 13:10:00,АБС,false
APP-203338,CL-455222,Кредит наличными,Партнёрская сеть,Приволжский,2500000,2025-03-29 11:32:00,АБС,false
APP-203215,CL-424079,Кредит для бизнеса,Отделение,Приволжский,2500000,2025-04-25 18:23:00,CRM,false
APP-200437,CL-418361,Кредит наличными,Корпоративный менеджер,Северо-Западный,5000000,2025-01-23 13:40:00,АБС,false
APP-202631,CL-441171,Кредитная карта,Мобильное приложение,Центральный,2500000,2025-03-16 08:57:00,АБС,false
APP-202372,CL-407915,Кредит наличными,Партнёрская сеть,Южный,5000000,2025-07-14 11:05:00,АБС,false
APP-200451,CL-413066,Кредит наличными,Мобильное приложение,Центральный,2500000,2025-07-02 09:06:00,АБС,false
APP-201197,CL-426541,Кредит наличными,Корпоративный менеджер,Центральный,5000000,2025-07-01 15:40:00,АБС,false
APP-201337,CL-439113,Кредит наличными,Мобильное приложение,Южный,150000,2025-06-16 14:21:00,АБС,false
APP-201317,CL-438804,Кредит для бизнеса,Отделение,Приволжский,500000,2025-05-22 08:04:00,АБС,false
APP-200659,CL-454076,Кредит для бизнеса,Мобильное приложение,Сибирский,300000,2025-03-22 16:40:00,CRM,false
APP-200023,CL-416450,Кредит наличными,Партнёрская сеть,Центральный,5000000,2025-07-18 13:08:00,АБС,false
APP-202311,CL-435362,Кредитная карта,Мобильное приложение,Северо-Западный,5000000,2025-04-18 19:30:00,АБС,false
APP-200110,CL-448046,Кредит наличными,Партнёрская сеть,Сибирский,1200000,2025-03-30 10:20:00,АБС,false
APP-200646,CL-458056,Кредит для бизнеса,Партнёрская сеть,Приволжский,5000000,2025-06-23 11:33:00,АБС,false
APP-201336,CL-434050,Кредит наличными,Партнёрская сеть,Центральный,150000,2025-01-20 10:52:00,АБС,false
APP-203301,CL-440711,Кредитная карта,Мобильное приложение,Сибирский,2500000,2025-07-14 11:13:00,АБС,false
APP-203179,CL-413661,Кредит наличными,Отделение,Сибирский,150000,2025-05-20 14:02:00,CRM,false
APP-202506,CL-430369,Автокредит,Мобильное приложение,Северо-Западный,300000,2025-05-20 17:06:00,АБС,false
APP-201789,CL-444071,Кредит наличными,Мобильное приложение,Центральный,150000,2025-06-27 15:02:00,CRM,false
APP-203581,CL-425324,Кредитная карта,Партнёрская сеть,Южный,150000,2025-03-05 19:10:00,АБС,false
APP-201861,CL-412229,Кредит для бизнеса,Мобильное приложение,Сибирский,500000,2025-07-17 17:26:00,CRM,false
APP-202090,CL-411619,Кредитная карта,Отделение,Южный,800000,2025-03-25 18:13:00,АБС,false
APP-200237,CL-406067,Кредит для бизнеса,Мобильное приложение,Сибирский,300000,2025-06-22 18:59:00,АБС,false
APP-202527,CL-426893,Автокредит,Мобильное приложение,Центральный,5000000,2025-03-11 14:31:00,CRM,false
APP-202812,CL-420863,Автокредит,Корпоративный менеджер,Южный,5000000,2025-01-29 16:53:00,АБС,false
APP-202231,CL-443655,Кредит наличными,Отделение,Центральный,5000000,2025-02-01 17:40:00,АБС,false
APP-202420,CL-440163,Кредит наличными,Партнёрская сеть,Центральный,2500000,2025-08-01 08:36:00,АБС,false
APP-202498,CL-421350,Кредит наличными,Отделение,Южный,150000,2025-02-13 14:54:00,CRM,false
APP-202180,CL-438978,Кредит наличными,Партнёрская сеть,Северо-Западный,500000,2025-03-30 13:29:00,АБС,false
APP-200917,CL-426669,Кредит наличными,Корпоративный менеджер,Сибирский,5000000,2025-05-04 08:10:00,CRM,false
APP-203154,CL-434879,Автокредит,Отделение,Центральный,150000,2025-05-25 18:13:00,АБС,false
APP-202057,CL-416523,Кредитная карта,Отделение,Северо-Западный,150000,2025-02-27 19:00:00,АБС,false
APP-203014,CL-438717,Кредит наличными,Мобильное приложение,Центральный,5000000,2025-07-31 09:16:00,АБС,false
APP-200035,CL-459865,Кредит наличными,Отделение,Сибирский,5000000,2025-06-27 10:45:00,АБС,false
APP-202783,CL-451081,Кредит наличными,Мобильное приложение,Северо-Западный,2500000,2025-05-18 14:05:00,CRM,false
APP-202838,CL-409522,Кредит для бизнеса,Отделение,Северо-Западный,800000,2025-02-12 17:29:00,CRM,false
APP-203165,CL-431390,Кредит для бизнеса,Мобильное приложение,Сибирский,1200000,2025-06-13 18:40:00,CRM,false
APP-203435,CL-445416,Кредитная карта,Корпоративный менеджер,Южный,1200000,2025-04-28 16:12:00,АБС,false
APP-203417,CL-TEST,Кредит для бизнеса,Партнёрская сеть,Сибирский,2500000,2025-01-12 18:12:00,АБС,true
APP-203522,CL-435392,Кредит наличными,Мобильное приложение,Приволжский,5000000,2025-07-18 09:15:00,CRM,false
APP-203560,CL-440529,Кредит наличными,Партнёрская сеть,Южный,500000,2025-05-28 10:34:00,АБС,false
APP-201028,CL-451522,Кредит наличными,Мобильное приложение,Сибирский,500000,2025-01-19 09:47:00,CRM,false
APP-201486,CL-408925,Кредит наличными,Мобильное приложение,Сибирский,300000,2025-06-14 10:25:00,CRM,false
APP-202757,CL-415044,Кредит для бизнеса,Корпоративный менеджер,Приволжский,5000000,2025-02-20 10:02:00,АБС,false
APP-200214,CL-412040,Автокредит,Отделение,Центральный,150000,2025-08-03 19:57:00,АБС,false
APP-201901,CL-423016,Кредит наличными,Партнёрская сеть,Центральный,300000,2025-01-13 12:05:00,АБС,false
APP-201247,CL-400227,Кредит для бизнеса,Отделение,Приволжский,300000,2025-07-19 08:44:00,АБС,false
APP-201497,CL-415608,Автокредит,Партнёрская сеть,Северо-Западный,500000,2025-07-24 13:49:00,АБС,false
APP-202855,CL-456211,Кредит для бизнеса,Отделение,Приволжский,800000,2025-06-10 08:28:00,CRM,false
APP-200859,CL-400463,Кредит наличными,Корпоративный менеджер,Приволжский,300000,2025-05-23 12:49:00,АБС,false
APP-202000,CL-444664,Кредит наличными,Мобильное приложение,Сибирский,5000000,2025-01-06 13:05:00,АБС,false
APP-201146,CL-424929,Кредит для бизнеса,Мобильное приложение,Южный,150000,2025-07-24 10:16:00,АБС,false
APP-203101,CL-419151,Кредитная карта,Отделение,Приволжский,2500000,2025-07-03 18:07:00,АБС,false
APP-202781,CL-432425,Кредит наличными,Отделение,Южный,2500000,2025-06-14 17:53:00,CRM,false
APP-200158,CL-449414,Кредит наличными,Корпоративный менеджер,Центральный,500000,2025-01-23 12:19:00,АБС,false
APP-201233,CL-448351,Кредит наличными,Корпоративный менеджер,Северо-Западный,1200000,2025-01-09 10:06:00,АБС,false
APP-202589,CL-401654,Кредит для бизнеса,Партнёрская сеть,Сибирский,300000,2025-03-20 16:18:00,АБС,false
APP-201380,CL-455566,Автокредит,Мобильное приложение,Центральный,300000,2025-03-24 16:08:00,CRM,false
APP-201823,CL-452565,Кредит наличными,Мобильное приложение,Приволжский,300000,2025-04-10 18:26:00,АБС,false
APP-200452,CL-449616,Кредит наличными,Корпоративный менеджер,Центральный,1200000,2025-03-25 19:44:00,CRM,false
APP-202554,CL-422458,Кредит для бизнеса,Отделение,Южный,150000,2025-01-11 19:16:00,CRM,false
APP-200560,CL-442015,Кредит для бизнеса,Корпоративный менеджер,Южный,5000000,2025-01-14 10:57:00,АБС,false
APP-201460,CL-434465,Кредит наличными,Партнёрская сеть,Сибирский,300000,2025-07-18 09:49:00,АБС,false
APP-200127,CL-451833,Автокредит,Корпоративный менеджер,Северо-Западный,2500000,2025-03-10 13:40:00,АБС,false
APP-201078,CL-453101,Кредит для бизнеса,Корпоративный менеджер,Южный,800000,2025-05-07 17:29:00,АБС,false
APP-203076,CL-400169,Кредит наличными,Корпоративный менеджер,Сибирский,150000,2025-02-22 11:44:00,CRM,false
APP-200240,CL-409349,Кредит наличными,Партнёрская сеть,Приволжский,5000000,2025-05-03 10:44:00,CRM,false
APP-201309,CL-433499,Кредит наличными,Партнёрская сеть,Центральный,500000,2025-06-09 13:30:00,АБС,false
APP-201311,CL-438183,Кредитная карта,Партнёрская сеть,Северо-Западный,300000,2025-04-17 18:58:00,АБС,false
APP-201375,CL-425256,Кредитная карта,Отделение,Центральный,2500000,2025-07-24 09:27:00,АБС,false
APP-202708,CL-443939,Кредит для бизнеса,Отделение,Сибирский,800000,2025-02-20 12:08:00,CRM,false
APP-202698,CL-413931,Кредит наличными,Отделение,Приволжский,300000,2025-05-27 17:25:00,CRM,false
APP-202595,CL-451174,Кредит наличными,Отделение,Южный,5000000,2025-01-09 13:12:00,АБС,false
APP-201987,CL-457812,Кредит для бизнеса,Мобильное приложение,Северо-Западный,1200000,2025-07-28 18:44:00,CRM,false
APP-201099,CL-417326,Кредит наличными,Мобильное приложение,Сибирский,150000,2025-06-19 12:49:00,CRM,false
APP-201029,CL-454543,Кредит наличными,Корпоративный менеджер,Сибирский,1200000,2025-05-23 11:39:00,АБС,false
APP-200286,CL-412449,Автокредит,Мобильное приложение,Сибирский,1200000,2025-04-24 10:59:00,CRM,false
APP-202945,CL-407611,Кредит для бизнеса,Отделение,Северо-Западный,2500000,2025-07-18 14:35:00,CRM,false
APP-200784,CL-407931,Автокредит,Мобильное приложение,Центральный,2500000,2025-05-30 13:33:00,CRM,false
APP-203036,CL-419984,Кредитная карта,Партнёрская сеть,Сибирский,2500000,2025-07-06 08:19:00,CRM,false
APP-203483,CL-423458,Кредит для бизнеса,Корпоративный менеджер,Северо-Западный,800000,2025-05-21 12:01:00,АБС,false
APP-202998,CL-433493,Кредитная карта,Корпоративный менеджер,Сибирский,150000,2025-04-12 19:04:00,АБС,false
APP-200398,CL-406937,Кредит наличными,Мобильное приложение,Центральный,150000,2025-01-29 14:31:00,CRM,false
APP-202165,CL-405413,Кредитная карта,Мобильное приложение,Северо-Западный,800000,2025-01-31 12:20:00,CRM,false
APP-200163,CL-436058,Кредит наличными,Отделение,Сибирский,2500000,2025-05-05 10:24:00,CRM,false
APP-203285,CL-423977,Кредитная карта,Отделение,Приволжский,150000,2025-06-27 12:44:00,АБС,false
APP-202829,CL-442021,Кредит для бизнеса,Партнёрская сеть,Южный,300000,2025-01-27 09:56:00,АБС,false
APP-202244,CL-430726,Кредит наличными,Корпоративный менеджер,Северо-Западный,800000,2025-05-06 15:37:00,АБС,false
APP-201535,CL-431121,Кредитная карта,Мобильное приложение,Центральный,300000,2025-06-16 15:24:00,CRM,false
APP-201238,CL-405991,Кредит наличными,Мобильное приложение,Центральный,800000,2025-01-19 18:06:00,CRM,false
APP-202901,CL-427683,Кредит наличными,Партнёрская сеть,Центральный,5000000,2025-04-25 19:35:00,CRM,false
APP-200006,CL-426165,Кредит наличными,Партнёрская сеть,Центральный,300000,2025-06-30 19:53:00,CRM,false
APP-200345,CL-412996,Кредит для бизнеса,Корпоративный менеджер,Центральный,500000,2025-07-08 15:12:00,АБС,false
APP-200119,CL-439928,Кредит для бизнеса,Мобильное приложение,Приволжский,1200000,2025-03-07 13:52:00,АБС,false
APP-200363,CL-405218,Кредит наличными,Мобильное приложение,Сибирский,800000,2025-04-30 08:57:00,АБС,false
APP-200282,CL-405023,Кредит наличными,Корпоративный менеджер,Сибирский,800000,2025-03-13 08:39:00,АБС,false
APP-202211,CL-439221,Кредит наличными,Отделение,Приволжский,2500000,2025-04-05 15:04:00,CRM,false
APP-200751,CL-427668,Автокредит,Корпоративный менеджер,Сибирский,1200000,2025-03-24 19:31:00,АБС,false
APP-200135,CL-455576,Кредит наличными,Мобильное приложение,Северо-Западный,2500000,2025-02-26 17:32:00,АБС,false
APP-202788,CL-454383,Автокредит,Отделение,Южный,2500000,2025-04-20 10:46:00,CRM,false
APP-201034,CL-438105,Кредит наличными,Мобильное приложение,Сибирский,800000,2025-07-24 08:01:00,CRM,false
APP-202927,CL-412411,Автокредит,Отделение,Северо-Западный,800000,2025-05-04 08:03:00,АБС,false
APP-200950,CL-445207,Кредит наличными,Партнёрская сеть,Приволжский,300000,2025-03-19 17:12:00,CRM,false
APP-200754,CL-425933,Кредит наличными,Партнёрская сеть,Центральный,500000,2025-02-05 12:32:00,CRM,false
APP-202474,CL-435881,Кредит наличными,Отделение,Сибирский,5000000,2025-06-09 10:35:00,АБС,false
APP-202163,CL-442561,Автокредит,Отделение,Приволжский,2500000,2025-01-07 09:15:00,АБС,false
APP-202084,CL-445597,Кредит наличными,Мобильное приложение,Центральный,300000,2025-05-29 11:08:00,АБС,false
APP-203210,CL-423230,Кредит наличными,Отделение,Приволжский,500000,2025-01-21 15:17:00,АБС,false
APP-201310,CL-457637,Кредит для бизнеса,Мобильное приложение,Южный,5000000,2025-06-25 13:08:00,АБС,false
APP-202457,CL-419306,Автокредит,Корпоративный менеджер,Центральный,300000,2025-03-11 18:19:00,АБС,false
APP-203063,CL-424702,Кредит для бизнеса,Мобильное приложение,Сибирский,2500000,2025-07-27 19:59:00,CRM,false
APP-203095,CL-459658,Кредит для бизнеса,Мобильное приложение,Северо-Западный,2500000,2025-06-12 14:03:00,АБС,false
APP-203143,CL-439757,Кредитная карта,Отделение,Центральный,2500000,2025-07-19 17:35:00,АБС,false
APP-200050,CL-444494,Кредит наличными,Мобильное приложение,Сибирский,500000,2025-07-22 13:24:00,АБС,false
APP-201293,CL-450207,Кредит для бизнеса,Мобильное приложение,Приволжский,2500000,2025-02-09 16:44:00,CRM,false
APP-203164,CL-422066,Кредит для бизнеса,Корпоративный менеджер,Сибирский,300000,2025-03-13 10:34:00,АБС,false
APP-202023,CL-424311,Кредитная карта,Мобильное приложение,Приволжский,1200000,2025-06-12 09:00:00,АБС,false
APP-203160,CL-433776,Кредит наличными,Партнёрская сеть,Сибирский,300000,2025-07-06 15:10:00,АБС,false
APP-202379,CL-450930,Кредит наличными,Мобильное приложение,Сибирский,300000,2025-03-25 19:32:00,АБС,false
APP-202773,CL-441859,Кредит наличными,Корпоративный менеджер,Центральный,1200000,2025-01-08 11:18:00,CRM,false
APP-200728,CL-404039,Кредитная карта,Партнёрская сеть,Приволжский,2500000,2025-01-13 16:31:00,АБС,false
APP-201512,CL-427274,Кредит наличными,Партнёрская сеть,Сибирский,2500000,2025-02-01 19:31:00,АБС,false
APP-200093,CL-451193,Кредит для бизнеса,Мобильное приложение,Центральный,150000,2025-05-20 15:20:00,CRM,false
APP-202426,CL-410379,Кредитная карта,Отделение,Центральный,800000,2025-02-08 13:34:00,АБС,false
APP-203099,CL-443059,Кредит для бизнеса,Мобильное приложение,Приволжский,150000,2025-02-02 13:54:00,АБС,false
APP-200425,CL-416066,Кредит наличными,Партнёрская сеть,Сибирский,800000,2025-07-04 10:25:00,CRM,false
APP-203597,CL-408223,Кредит наличными,Отделение,Южный,2500000,2025-02-16 08:45:00,CRM,false
APP-202273,CL-437062,Кредит наличными,Корпоративный менеджер,Южный,1200000,2025-04-03 09:13:00,АБС,false
APP-201786,CL-418971,Кредит для бизнеса,Мобильное приложение,Северо-Западный,5000000,2025-07-01 12:10:00,АБС,false
APP-203593,CL-423750,Кредитная карта,Мобильное приложение,Сибирский,800000,2025-01-08 10:15:00,АБС,false
APP-201505,CL-428516,Автокредит,Мобильное приложение,Центральный,5000000,2025-05-08 16:45:00,CRM,false
APP-203191,CL-422076,Кредит наличными,Отделение,Центральный,300000,2025-05-11 11:28:00,CRM,false
APP-200980,CL-407152,Кредит наличными,Мобильное приложение,Центральный,2500000,2025-06-08 16:27:00,CRM,false
APP-200116,CL-400847,Кредит наличными,Корпоративный менеджер,Южный,300000,2025-05-29 18:14:00,CRM,false
APP-200624,CL-456227,Кредитная карта,Мобильное приложение,Приволжский,5000000,2025-06-11 09:40:00,АБС,false
APP-201852,CL-409087,Кредит наличными,Мобильное приложение,Приволжский,300000,2025-07-11 13:08:00,АБС,false
APP-200008,CL-411801,Автокредит,Корпоративный менеджер,Сибирский,800000,2025-05-06 17:38:00,АБС,false
APP-203410,CL-414509,Кредит наличными,Мобильное приложение,Северо-Западный,150000,2025-06-25 15:25:00,CRM,false
APP-200454,CL-438175,Кредит наличными,Отделение,Южный,800000,2025-02-17 19:08:00,АБС,false
APP-203491,CL-443936,Кредит наличными,Отделение,Сибирский,150000,2025-02-21 15:46:00,АБС,false
APP-201046,CL-439838,Автокредит,Корпоративный менеджер,Центральный,500000,2025-03-18 17:29:00,CRM,false
APP-201822,CL-441009,Кредит наличными,Отделение,Сибирский,5000000,2025-04-07 08:30:00,АБС,false
APP-200465,CL-410378,Кредит наличными,Отделение,Центральный,800000,2025-05-25 15:04:00,CRM,false
APP-201371,CL-404282,Кредит наличными,Партнёрская сеть,Центральный,2500000,2025-02-28 09:25:00,АБС,false
APP-200276,CL-459311,Кредит наличными,Корпоративный менеджер,Центральный,2500000,2025-05-24 14:03:00,CRM,false
APP-203345,CL-445410,Кредитная карта,Отделение,Центральный,1200000,2025-07-07 13:33:00,АБС,false
APP-201640,CL-434440,Кредитная карта,Мобильное приложение,Приволжский,800000,2025-03-03 09:41:00,CRM,false
APP-200902,CL-414281,Кредитная карта,Мобильное приложение,Южный,1200000,2025-03-15 15:17:00,АБС,false
APP-202287,CL-410587,Кредит для бизнеса,Отделение,Приволжский,1200000,2025-05-13 12:18:00,АБС,false
APP-200049,CL-444066,Автокредит,Корпоративный менеджер,Приволжский,2500000,2025-05-04 12:32:00,АБС,false
APP-203536,CL-410433,Кредит для бизнеса,Отделение,Южный,5000000,2025-06-06 17:55:00,CRM,false
APP-202151,CL-450486,Кредит для бизнеса,Партнёрская сеть,Сибирский,150000,2025-03-23 12:05:00,CRM,false
APP-201347,CL-421923,Кредит наличными,Отделение,Центральный,5000000,2025-01-24 16:37:00,АБС,false
APP-200981,CL-441296,Кредит для бизнеса,Отделение,Северо-Западный,800000,2025-02-18 11:20:00,CRM,false
APP-200087,CL-459537,Кредит для бизнеса,Отделение,Приволжский,5000000,2025-07-23 08:03:00,АБС,false
APP-200520,CL-409066,Кредитная карта,Партнёрская сеть,Сибирский,5000000,2025-05-11 11:05:00,АБС,false
APP-203041,CL-446977,Кредитная карта,Отделение,Центральный,1200000,2025-07-04 15:52:00,АБС,false
APP-202585,CL-428320,Кредит наличными,Мобильное приложение,Центральный,2500000,2025-07-11 15:49:00,CRM,false
APP-200027,CL-408504,Кредит наличными,Партнёрская сеть,Центральный,5000000,2025-06-09 09:49:00,CRM,false
APP-202102,CL-433747,Кредит наличными,Мобильное приложение,Приволжский,2500000,2025-01-19 08:37:00,АБС,false
APP-202252,CL-457093,Кредит наличными,Партнёрская сеть,Приволжский,150000,2025-02-22 14:34:00,CRM,false
APP-203462,CL-416864,Кредитная карта,Партнёрская сеть,Центральный,500000,2025-06-05 15:59:00,АБС,false
APP-200993,CL-459799,Автокредит,Отделение,Сибирский,300000,2025-04-08 08:42:00,АБС,false
APP-201910,CL-445519,Кредит наличными,Партнёрская сеть,Приволжский,800000,2025-07-15 11:19:00,АБС,false
APP-203288,CL-413826,Кредит наличными,Отделение,Центральный,800000,2025-08-01 16:06:00,АБС,false
APP-201629,CL-454093,Кредитная карта,Мобильное приложение,Центральный,300000,2025-04-20 19:46:00,АБС,false
APP-201730,CL-410037,Кредит для бизнеса,Отделение,Центральный,500000,2025-06-16 12:50:00,АБС,false
APP-200588,CL-441796,Кредитная карта,Отделение,Приволжский,150000,2025-04-26 15:23:00,АБС,false
APP-203331,CL-426241,Кредит для бизнеса,Мобильное приложение,Центральный,300000,2025-02-01 16:58:00,АБС,false
APP-203190,CL-409299,Автокредит,Мобильное приложение,Приволжский,5000000,2025-04-19 16:56:00,CRM,false
APP-203176,CL-405544,Кредит наличными,Корпоративный менеджер,Сибирский,150000,2025-03-14 08:50:00,CRM,false
APP-200757,CL-418771,Автокредит,Отделение,Приволжский,500000,2025-02-14 09:05:00,АБС,false
APP-203520,CL-413711,Кредит наличными,Партнёрская сеть,Приволжский,1200000,2025-03-25 08:23:00,CRM,false
APP-200895,CL-400471,Кредит для бизнеса,Отделение,Центральный,300000,2025-04-25 10:31:00,CRM,false
APP-200404,CL-452165,Кредит наличными,Мобильное приложение,Северо-Западный,500000,2025-06-11 12:47:00,CRM,false
APP-202883,CL-404596,Кредит наличными,Партнёрская сеть,Южный,1200000,2025-07-14 16:48:00,АБС,false
APP-202485,CL-401603,Кредит наличными,Отделение,Южный,150000,2025-06-07 18:29:00,АБС,false
APP-201621,CL-437120,Кредит для бизнеса,Отделение,Южный,1200000,2025-04-26 12:42:00,АБС,false
APP-201119,CL-459694,Кредитная карта,Мобильное приложение,Центральный,1200000,2025-04-04 12:37:00,АБС,false
APP-200944,CL-459580,Кредитная карта,Партнёрская сеть,Приволжский,500000,2025-05-02 15:08:00,CRM,false
APP-202976,CL-436050,Кредит наличными,Мобильное приложение,Южный,1200000,2025-06-21 18:44:00,АБС,false
APP-203086,CL-428359,Автокредит,Мобильное приложение,Северо-Западный,300000,2025-03-01 10:44:00,CRM,false
APP-202067,CL-448285,Кредит наличными,Мобильное приложение,Северо-Западный,1200000,2025-01-12 10:55:00,АБС,false
APP-202914,CL-420590,Кредит для бизнеса,Партнёрская сеть,Приволжский,500000,2025-03-31 08:49:00,АБС,false
APP-203313,CL-408647,Кредит для бизнеса,Мобильное приложение,Южный,800000,2025-05-01 18:57:00,CRM,false
APP-202813,CL-449546,Кредит наличными,Партнёрская сеть,Сибирский,5000000,2025-06-06 18:47:00,АБС,false
APP-201226,CL-434491,Кредит наличными,Мобильное приложение,Центральный,5000000,2025-05-27 12:32:00,АБС,false
APP-200487,CL-456465,Кредит для бизнеса,Отделение,Северо-Западный,150000,2025-05-17 16:16:00,АБС,false
APP-201022,CL-455960,Кредитная карта,Отделение,Южный,500000,2025-05-11 18:30:00,АБС,false
APP-201983,CL-445261,Автокредит,Отделение,Приволжский,2500000,2025-04-10 16:48:00,АБС,false
APP-200517,CL-442342,Кредит наличными,Мобильное приложение,Центральный,2500000,2025-01-25 09:34:00,АБС,false
APP-201792,CL-424928,Кредитная карта,Отделение,Сибирский,1200000,2025-07-09 14:53:00,АБС,false
APP-201341,CL-403753,Кредит для бизнеса,Отделение,Центральный,1200000,2025-04-28 12:27:00,АБС,false
APP-200291,CL-409026,Кредит наличными,Партнёрская сеть,Приволжский,2500000,2025-04-22 14:39:00,АБС,false
APP-202948,CL-421373,Автокредит,Корпоративный менеджер,Северо-Западный,300000,2025-06-26 10:27:00,АБС,false
APP-201286,CL-434426,Автокредит,Мобильное приложение,Приволжский,150000,2025-06-04 18:08:00,CRM,false
APP-202796,CL-458947,Кредит для бизнеса,Мобильное приложение,Центральный,800000,2025-07-25 18:10:00,CRM,false
APP-201264,CL-410352,Автокредит,Отделение,Центральный,300000,2025-04-07 11:12:00,CRM,false
APP-201304,CL-437719,Кредитная карта,Корпоративный менеджер,Северо-Западный,500000,2025-02-03 17:40:00,АБС,false
APP-201612,CL-432951,Кредитная карта,Партнёрская сеть,Центральный,5000000,2025-06-01 14:11:00,CRM,false
APP-203393,CL-412237,Автокредит,Корпоративный менеджер,Приволжский,1200000,2025-07-29 10:37:00,CRM,false
APP-201893,CL-407987,Кредитная карта,Партнёрская сеть,Северо-Западный,5000000,2025-03-18 08:16:00,CRM,false
APP-200003,CL-452267,Кредитная карта,Отделение,Южный,5000000,2025-02-01 08:49:00,CRM,false
APP-201783,CL-449452,Кредитная карта,Мобильное приложение,Северо-Западный,300000,2025-03-14 12:54:00,CRM,false
APP-200689,CL-454753,Автокредит,Партнёрская сеть,Центральный,800000,2025-07-28 18:00:00,CRM,false
APP-203228,CL-417592,Кредитная карта,Отделение,Центральный,500000,2025-04-30 13:50:00,CRM,false
APP-201004,CL-431824,Кредитная карта,Мобильное приложение,Северо-Западный,500000,2025-06-14 10:06:00,АБС,false
APP-200410,CL-402036,Кредит наличными,Мобильное приложение,Северо-Западный,300000,2025-04-18 09:18:00,АБС,false
APP-201643,CL-458716,Кредит для бизнеса,Корпоративный менеджер,Сибирский,150000,2025-02-09 19:41:00,АБС,false
APP-202118,CL-438917,Кредит для бизнеса,Отделение,Центральный,2500000,2025-03-24 19:59:00,АБС,false
APP-201349,CL-435949,Кредитная карта,Мобильное приложение,Центральный,150000,2025-03-20 16:05:00,CRM,false
APP-200170,CL-434745,Кредит наличными,Корпоративный менеджер,Приволжский,1200000,2025-07-04 13:53:00,АБС,false
APP-202490,CL-429749,Кредит наличными,Партнёрская сеть,Северо-Западный,1200000,2025-01-06 12:07:00,CRM,false
APP-202289,CL-416125,Кредит для бизнеса,Корпоративный менеджер,Центральный,500000,2025-02-15 13:50:00,АБС,false
APP-200453,CL-442096,Кредитная карта,Партнёрская сеть,Центральный,800000,2025-07-21 09:17:00,CRM,false
APP-200391,CL-447837,Кредитная карта,Корпоративный менеджер,Сибирский,500000,2025-07-22 09:26:00,АБС,false
APP-200367,CL-406331,Кредит для бизнеса,Партнёрская сеть,Центральный,150000,2025-03-29 18:11:00,АБС,false
APP-200238,CL-413701,Кредит наличными,Мобильное приложение,Южный,300000,2025-01-20 10:28:00,АБС,false
APP-200507,CL-448532,Кредитная карта,Отделение,Приволжский,300000,2025-06-26 14:30:00,АБС,false
APP-200024,CL-459564,Кредитная карта,Мобильное приложение,Южный,2500000,2025-05-03 18:06:00,АБС,false
APP-202013,CL-430849,Кредит для бизнеса,Отделение,Сибирский,150000,2025-02-24 17:27:00,АБС,false
APP-202576,CL-TEST,Кредит наличными,Партнёрская сеть,Южный,2500000,2025-03-26 10:27:00,CRM,true
APP-203100,CL-454302,Кредит для бизнеса,Партнёрская сеть,Центральный,1200000,2025-07-18 12:52:00,АБС,false
APP-201741,CL-427939,Кредит наличными,Партнёрская сеть,Центральный,150000,2025-07-01 10:17:00,CRM,false
APP-201036,CL-427428,Кредитная карта,Корпоративный менеджер,Южный,500000,2025-03-14 19:25:00,АБС,false
APP-202672,CL-455538,Кредитная карта,Корпоративный менеджер,Центральный,500000,2025-01-28 14:06:00,АБС,false
APP-201810,CL-433255,Кредит для бизнеса,Корпоративный менеджер,Центральный,5000000,2025-05-30 09:20:00,АБС,false
APP-202515,CL-431633,Кредитная карта,Корпоративный менеджер,Южный,5000000,2025-01-16 19:20:00,АБС,false
APP-201439,CL-403533,Кредит наличными,Отделение,Центральный,500000,2025-07-08 18:57:00,АБС,false
APP-202886,CL-449106,Кредит наличными,Корпоративный менеджер,Приволжский,5000000,2025-06-28 11:22:00,CRM,false
APP-200844,CL-447188,Кредит наличными,Партнёрская сеть,Северо-Западный,5000000,2025-01-07 09:36:00,CRM,false
APP-200835,CL-445052,Кредит для бизнеса,Партнёрская сеть,Южный,1200000,2025-02-24 15:42:00,АБС,false
APP-201377,CL-422794,Кредит для бизнеса,Мобильное приложение,Северо-Западный,5000000,2025-02-08 17:17:00,CRM,false
APP-200988,CL-431716,Кредит для бизнеса,Корпоративный менеджер,Центральный,300000,2025-05-27 09:45:00,CRM,false
APP-203107,CL-443396,Кредитная карта,Отделение,Центральный,150000,2025-02-01 18:54:00,CRM,false
APP-201654,CL-426630,Кредит наличными,Корпоративный менеджер,Приволжский,500000,2025-04-24 12:27:00,АБС,false
APP-201456,CL-454880,Кредит наличными,Отделение,Сибирский,150000,2025-05-20 10:36:00,CRM,false
APP-202550,CL-417324,Кредит для бизнеса,Мобильное приложение,Приволжский,500000,2025-07-21 11:58:00,АБС,false
APP-202673,CL-454103,Кредит для бизнеса,Отделение,Приволжский,300000,2025-04-04 11:47:00,CRM,false
APP-203299,CL-415960,Кредит наличными,Партнёрская сеть,Северо-Западный,500000,2025-04-05 08:33:00,CRM,false
APP-200273,CL-401609,Автокредит,Мобильное приложение,Центральный,5000000,2025-06-29 11:38:00,АБС,false
APP-202650,CL-452543,Кредитная карта,Партнёрская сеть,Центральный,5000000,2025-01-28 17:58:00,АБС,false
APP-201328,CL-416644,Кредитная карта,Отделение,Северо-Западный,500000,2025-03-30 19:07:00,АБС,false
APP-200997,CL-414327,Кредитная карта,Корпоративный менеджер,Южный,5000000,2025-04-08 15:24:00,АБС,false
APP-201813,CL-458272,Кредитная карта,Мобильное приложение,Центральный,500000,2025-02-13 08:16:00,АБС,false
APP-200085,CL-415578,Кредит наличными,Корпоративный менеджер,Северо-Западный,150000,2025-03-23 19:09:00,CRM,false
APP-202477,CL-445778,Кредит наличными,Отделение,Приволжский,1200000,2025-05-13 13:40:00,АБС,false
APP-202240,CL-453647,Кредит наличными,Мобильное приложение,Центральный,500000,2025-04-24 19:18:00,CRM,false
APP-200730,CL-406793,Автокредит,Отделение,Северо-Западный,2500000,2025-01-17 14:24:00,CRM,false
APP-202049,CL-402236,Кредит наличными,Мобильное приложение,Приволжский,5000000,2025-03-19 19:10:00,CRM,false
APP-200821,CL-458128,Кредит для бизнеса,Отделение,Сибирский,2500000,2025-07-04 16:55:00,CRM,false
APP-202445,CL-451667,Кредит наличными,Отделение,Центральный,500000,2025-05-01 09:37:00,АБС,false
APP-200850,CL-406237,Кредит наличными,Отделение,Южный,150000,2025-07-14 11:06:00,АБС,false
APP-200221,CL-458625,Кредит наличными,Мобильное приложение,Приволжский,800000,2025-01-25 13:26:00,АБС,false
APP-202799,CL-453451,Кредит наличными,Отделение,Центральный,300000,2025-05-20 17:31:00,АБС,false
APP-202618,CL-453609,Автокредит,Отделение,Центральный,5000000,2025-01-27 10:14:00,АБС,false
APP-200320,CL-427843,Кредит наличными,Отделение,Приволжский,1200000,2025-05-20 19:05:00,АБС,false
APP-201409,CL-410202,Кредит для бизнеса,Корпоративный менеджер,Центральный,500000,2025-02-10 18:43:00,АБС,false
APP-201320,CL-435837,Кредит наличными,Корпоративный менеджер,Центральный,150000,2025-04-26 17:45:00,АБС,false
APP-201188,CL-407728,Кредитная карта,Партнёрская сеть,Приволжский,150000,2025-04-20 13:58:00,АБС,false
APP-201517,CL-453534,Кредит для бизнеса,Отделение,Центральный,300000,2025-05-06 13:36:00,CRM,false
APP-202683,CL-422483,Кредит для бизнеса,Мобильное приложение,Северо-Западный,500000,2025-03-16 10:17:00,АБС,false
APP-201400,CL-448758,Кредит для бизнеса,Партнёрская сеть,Сибирский,1200000,2025-04-09 11:30:00,АБС,false
APP-200073,CL-427858,Кредитная карта,Мобильное приложение,Южный,150000,2025-04-28 15:15:00,АБС,false
APP-202785,CL-413970,Кредит наличными,Отделение,Южный,150000,2025-03-31 17:49:00,АБС,false
APP-201935,CL-430713,Кредитная карта,Мобильное приложение,Сибирский,800000,2025-04-05 18:01:00,АБС,false
APP-203494,CL-440367,Кредит для бизнеса,Отделение,Приволжский,1200000,2025-04-24 10:13:00,CRM,false
APP-203352,CL-414038,Кредитная карта,Мобильное приложение,Центральный,150000,2025-07-20 08:13:00,АБС,false
APP-201162,CL-452998,Кредитная карта,Мобильное приложение,Сибирский,1200000,2025-03-26 14:51:00,CRM,false
APP-203546,CL-411608,Кредитная карта,Отделение,Центральный,300000,2025-07-01 15:03:00,АБС,false
APP-201271,CL-428667,Кредитная карта,Отделение,Приволжский,500000,2025-06-07 11:18:00,АБС,false
APP-200794,CL-446507,Кредит наличными,Мобильное приложение,Северо-Западный,2500000,2025-02-05 17:56:00,CRM,false
APP-202536,CL-408471,Кредит наличными,Партнёрская сеть,Центральный,300000,2025-02-13 10:51:00,CRM,false
APP-203114,CL-446876,Кредит наличными,Отделение,Северо-Западный,150000,2025-01-25 11:14:00,CRM,false
APP-203132,CL-417275,Кредит для бизнеса,Партнёрская сеть,Южный,800000,2025-03-18 15:07:00,АБС,false
APP-200657,CL-404046,Кредитная карта,Мобильное приложение,Сибирский,2500000,2025-01-11 16:25:00,АБС,false
APP-200236,CL-411626,Кредит для бизнеса,Отделение,Северо-Западный,800000,2025-04-07 12:26:00,АБС,false
APP-202806,CL-432365,Кредитная карта,Мобильное приложение,Северо-Западный,150000,2025-07-03 15:21:00,CRM,false
APP-202326,CL-423666,Кредит наличными,Отделение,Центральный,1200000,2025-02-19 08:28:00,АБС,false
APP-202371,CL-420119,Кредит для бизнеса,Корпоративный менеджер,Южный,2500000,2025-05-04 16:11:00,АБС,false
APP-202121,CL-424748,Кредит наличными,Корпоративный менеджер,Приволжский,500000,2025-05-26 17:44:00,АБС,false
APP-202022,CL-428750,Кредит наличными,Мобильное приложение,Центральный,5000000,2025-04-29 11:09:00,АБС,false
APP-201026,CL-421968,Кредит наличными,Отделение,Сибирский,1200000,2025-02-24 16:09:00,CRM,false
APP-201285,CL-450857,Кредит для бизнеса,Партнёрская сеть,Сибирский,150000,2025-06-15 09:23:00,CRM,false
APP-201397,CL-456138,Кредит наличными,Мобильное приложение,Центральный,150000,2025-06-14 19:36:00,CRM,false
APP-202124,CL-437783,Кредит для бизнеса,Мобильное приложение,Сибирский,800000,2025-07-23 18:26:00,АБС,false
APP-201708,CL-427250,Кредит наличными,Отделение,Сибирский,800000,2025-02-24 13:46:00,CRM,false
APP-202961,CL-413102,Кредит наличными,Партнёрская сеть,Центральный,5000000,2025-02-26 13:35:00,АБС,false
APP-200126,CL-415672,Кредитная карта,Отделение,Центральный,800000,2025-06-10 19:11:00,АБС,false
APP-200143,CL-429879,Автокредит,Мобильное приложение,Северо-Западный,5000000,2025-04-11 19:17:00,CRM,false
APP-203140,CL-433611,Автокредит,Партнёрская сеть,Сибирский,800000,2025-01-17 14:13:00,CRM,false
APP-201567,CL-418484,Кредит для бизнеса,Мобильное приложение,Северо-Западный,500000,2025-03-20 17:43:00,АБС,false
APP-200734,CL-433561,Кредит наличными,Партнёрская сеть,Северо-Западный,5000000,2025-04-11 19:55:00,АБС,false
APP-202486,CL-456844,Кредитная карта,Мобильное приложение,Приволжский,2500000,2025-04-08 15:03:00,АБС,false
APP-203540,CL-423355,Кредит для бизнеса,Отделение,Приволжский,300000,2025-07-09 19:21:00,CRM,false
APP-201736,CL-457823,Кредит наличными,Мобильное приложение,Сибирский,150000,2025-07-07 10:50:00,АБС,false
APP-201173,CL-435997,Кредитная карта,Партнёрская сеть,Центральный,1200000,2025-04-01 12:39:00,АБС,false
APP-201249,CL-405965,Кредит наличными,Отделение,Центральный,800000,2025-06-08 11:14:00,АБС,false
APP-200901,CL-418575,Автокредит,Партнёрская сеть,Центральный,1200000,2025-05-08 15:10:00,АБС,false
APP-201536,CL-449960,Кредит наличными,Отделение,Приволжский,1200000,2025-07-03 13:13:00,CRM,false
APP-202699,CL-448704,Кредит для бизнеса,Отделение,Центральный,800000,2025-02-19 17:10:00,CRM,false
APP-200556,CL-403996,Кредит наличными,Мобильное приложение,Северо-Западный,500000,2025-05-31 13:42:00,АБС,false
APP-201411,CL-452212,Кредитная карта,Мобильное приложение,Северо-Западный,150000,2025-03-02 14:38:00,CRM,false
APP-202656,CL-434648,Автокредит,Отделение,Центральный,150000,2025-07-17 13:15:00,CRM,false
APP-200108,CL-412462,Кредит для бизнеса,Отделение,Южный,500000,2025-03-27 16:18:00,АБС,false
APP-203225,CL-416914,Кредит наличными,Отделение,Северо-Западный,800000,2025-07-29 09:25:00,CRM,false
APP-203259,CL-408399,Кредит для бизнеса,Мобильное приложение,Сибирский,5000000,2025-05-09 18:51:00,CRM,false
APP-202850,CL-410497,Автокредит,Отделение,Приволжский,300000,2025-06-27 12:51:00,АБС,false
APP-203153,CL-409975,Кредит наличными,Мобильное приложение,Центральный,1200000,2025-06-12 18:58:00,АБС,false
APP-202397,CL-456234,Автокредит,Партнёрская сеть,Приволжский,5000000,2025-06-21 17:01:00,CRM,false
APP-200774,CL-443950,Кредит для бизнеса,Отделение,Приволжский,800000,2025-05-21 19:05:00,АБС,false
APP-202741,CL-TEST,Кредитная карта,Отделение,Центральный,150000,2025-07-28 08:24:00,CRM,true
APP-201244,CL-405674,Кредит для бизнеса,Партнёрская сеть,Сибирский,150000,2025-06-04 15:50:00,АБС,false
APP-202974,CL-459682,Кредит для бизнеса,Партнёрская сеть,Приволжский,5000000,2025-04-09 14:33:00,CRM,false
APP-200307,CL-456549,Кредитная карта,Мобильное приложение,Северо-Западный,500000,2025-02-05 10:44:00,АБС,false
APP-201913,CL-409167,Кредит наличными,Мобильное приложение,Приволжский,5000000,2025-05-24 09:55:00,АБС,false
APP-203577,CL-425009,Кредит для бизнеса,Мобильное приложение,Северо-Западный,1200000,2025-04-23 09:11:00,АБС,false
APP-203294,CL-447286,Кредит наличными,Корпоративный менеджер,Южный,800000,2025-04-27 16:31:00,АБС,false
APP-200275,CL-405413,Кредит наличными,Корпоративный менеджер,Центральный,300000,2025-03-06 17:22:00,CRM,false
APP-201221,CL-403654,Автокредит,Мобильное приложение,Южный,500000,2025-03-18 11:30:00,АБС,false
APP-203450,CL-420987,Кредит наличными,Партнёрская сеть,Сибирский,2500000,2025-01-21 17:02:00,CRM,false
APP-200673,CL-431960,Автокредит,Партнёрская сеть,Центральный,2500000,2025-03-12 11:31:00,АБС,false
APP-203117,CL-439390,Автокредит,Отделение,Северо-Западный,800000,2025-05-07 16:48:00,АБС,false
APP-203599,CL-412099,Кредитная карта,Партнёрская сеть,Сибирский,800000,2025-07-05 12:11:00,CRM,false
APP-202681,CL-444649,Кредит для бизнеса,Отделение,Приволжский,800000,2025-06-11 16:24:00,АБС,false
APP-200077,CL-402496,Кредит для бизнеса,Партнёрская сеть,Приволжский,5000000,2025-03-21 12:42:00,АБС,false
APP-202682,CL-420469,Кредит для бизнеса,Мобильное приложение,Сибирский,500000,2025-06-19 11:58:00,АБС,false
APP-201080,CL-447064,Кредит наличными,Партнёрская сеть,Сибирский,500000,2025-06-28 17:24:00,АБС,false
APP-201140,CL-453601,Кредит наличными,Корпоративный менеджер,Северо-Западный,500000,2025-02-14 19:12:00,АБС,false
APP-203408,CL-444683,Кредит для бизнеса,Отделение,Центральный,150000,2025-04-03 08:21:00,АБС,false
APP-200281,CL-457899,Автокредит,Мобильное приложение,Центральный,800000,2025-01-08 19:08:00,АБС,false
APP-202696,CL-423281,Кредитная карта,Отделение,Приволжский,1200000,2025-02-23 19:42:00,АБС,false
APP-200886,CL-434645,Кредит для бизнеса,Мобильное приложение,Южный,150000,2025-03-21 11:51:00,АБС,false
APP-203391,CL-402451,Автокредит,Мобильное приложение,Центральный,1200000,2025-02-21 17:56:00,АБС,false
APP-203401,CL-434983,Кредит наличными,Мобильное приложение,Северо-Западный,500000,2025-06-01 19:45:00,АБС,false
APP-203152,CL-459840,Кредит наличными,Мобильное приложение,Центральный,300000,2025-06-13 17:26:00,CRM,false
APP-200428,CL-439344,Кредитная карта,Партнёрская сеть,Центральный,2500000,2025-07-12 18:51:00,CRM,false
APP-201277,CL-415534,Кредит для бизнеса,Корпоративный менеджер,Сибирский,150000,2025-05-28 13:27:00,АБС,false
APP-202955,CL-408605,Кредитная карта,Отделение,Центральный,2500000,2025-03-28 18:56:00,АБС,false
APP-202805,CL-455748,Кредитная карта,Мобильное приложение,Северо-Западный,2500000,2025-05-14 15:44:00,АБС,false
APP-200028,CL-411681,Автокредит,Мобильное приложение,Северо-Западный,800000,2025-06-24 11:23:00,CRM,false
APP-200616,CL-403277,Кредитная карта,Партнёрская сеть,Центральный,150000,2025-05-04 12:59:00,АБС,false
APP-201021,CL-411124,Кредит наличными,Отделение,Северо-Западный,1200000,2025-02-15 09:15:00,АБС,false
APP-202234,CL-456703,Кредит наличными,Отделение,Центральный,1200000,2025-07-13 13:40:00,CRM,false
APP-202982,CL-427294,Кредит наличными,Отделение,Центральный,5000000,2025-03-07 08:30:00,АБС,false
APP-201590,CL-411987,Кредит наличными,Мобильное приложение,Центральный,2500000,2025-02-10 12:30:00,CRM,false
APP-203070,CL-410673,Кредит наличными,Корпоративный менеджер,Северо-Западный,150000,2025-03-16 16:35:00,CRM,false
APP-201652,CL-440755,Кредитная карта,Корпоративный менеджер,Северо-Западный,1200000,2025-03-06 09:28:00,АБС,false
APP-202551,CL-452102,Кредитная карта,Корпоративный менеджер,Сибирский,1200000,2025-01-11 18:17:00,CRM,false
APP-201254,CL-440235,Кредит для бизнеса,Партнёрская сеть,Центральный,2500000,2025-05-03 15:59:00,CRM,false
APP-202655,CL-445804,Кредит наличными,Партнёрская сеть,Приволжский,800000,2025-01-17 13:46:00,АБС,false
APP-200867,CL-418560,Кредит наличными,Отделение,Северо-Западный,500000,2025-05-13 09:40:00,АБС,false
APP-202178,CL-451161,Кредитная карта,Партнёрская сеть,Сибирский,5000000,2025-01-20 10:32:00,CRM,false
APP-203479,CL-TEST,Автокредит,Отделение,Южный,2500000,2025-05-07 11:52:00,АБС,true
APP-200599,CL-454202,Кредитная карта,Мобильное приложение,Центральный,300000,2025-04-13 11:55:00,CRM,false
APP-203431,CL-403795,Кредитная карта,Мобильное приложение,Сибирский,800000,2025-07-23 09:10:00,АБС,false
APP-200800,CL-456895,Кредит наличными,Партнёрская сеть,Центральный,500000,2025-01-19 13:26:00,АБС,false
APP-200191,CL-439075,Кредитная карта,Корпоративный менеджер,Приволжский,1200000,2025-06-11 11:22:00,АБС,false
APP-202921,CL-409138,Автокредит,Отделение,Приволжский,150000,2025-02-14 17:07:00,АБС,false
APP-200591,CL-449974,Автокредит,Мобильное приложение,Северо-Западный,1200000,2025-04-16 14:49:00,АБС,false
APP-202930,CL-405648,Кредитная карта,Мобильное приложение,Центральный,150000,2025-06-21 14:36:00,АБС,false
APP-203110,CL-442677,Кредитная карта,Мобильное приложение,Центральный,150000,2025-01-31 14:23:00,АБС,false
APP-203322,CL-443389,Автокредит,Отделение,Центральный,5000000,2025-01-30 14:11:00,CRM,false
APP-201389,CL-431278,Автокредит,Мобильное приложение,Центральный,2500000,2025-06-11 11:30:00,CRM,false
APP-201931,CL-437410,Кредит наличными,Отделение,Северо-Западный,800000,2025-06-18 12:48:00,АБС,false
APP-200456,CL-453932,Кредитная карта,Партнёрская сеть,Северо-Западный,1200000,2025-01-23 12:15:00,АБС,false
APP-203156,CL-432724,Автокредит,Мобильное приложение,Центральный,500000,2025-04-04 18:45:00,CRM,false
APP-202226,CL-419968,Кредит для бизнеса,Отделение,Центральный,2500000,2025-04-19 18:33:00,АБС,false
APP-201923,CL-428679,Кредит наличными,Отделение,Центральный,1200000,2025-02-05 18:25:00,АБС,false
APP-200505,CL-459999,Кредитная карта,Отделение,Сибирский,1200000,2025-02-06 18:30:00,CRM,false
APP-203092,CL-449461,Кредит наличными,Мобильное приложение,Центральный,2500000,2025-06-06 11:28:00,CRM,false
APP-201843,CL-441946,Кредит для бизнеса,Партнёрская сеть,Центральный,2500000,2025-05-21 08:09:00,CRM,false
APP-201346,CL-439002,Кредитная карта,Мобильное приложение,Сибирский,300000,2025-05-26 19:41:00,CRM,false
APP-201858,CL-408763,Кредит для бизнеса,Мобильное приложение,Сибирский,1200000,2025-07-14 09:11:00,АБС,false
APP-201635,CL-402371,Кредитная карта,Отделение,Сибирский,2500000,2025-04-14 13:11:00,АБС,false
APP-200304,CL-411181,Кредит наличными,Корпоративный менеджер,Южный,1200000,2025-02-17 13:52:00,АБС,false
APP-200326,CL-432194,Кредит наличными,Мобильное приложение,Центральный,300000,2025-04-24 13:26:00,АБС,false
APP-200956,CL-427830,Кредит наличными,Партнёрская сеть,Южный,5000000,2025-01-07 15:38:00,АБС,false
APP-202275,CL-405981,Автокредит,Мобильное приложение,Центральный,300000,2025-01-06 15:35:00,CRM,false
APP-200671,CL-452549,Кредит наличными,Партнёрская сеть,Северо-Западный,2500000,2025-06-18 16:50:00,АБС,false
APP-202878,CL-TEST,Автокредит,Мобильное приложение,Центральный,5000000,2025-03-27 09:08:00,АБС,true
APP-200354,CL-405545,Кредитная карта,Мобильное приложение,Южный,500000,2025-04-01 08:44:00,АБС,false
APP-201040,CL-436467,Кредит наличными,Корпоративный менеджер,Центральный,500000,2025-02-20 16:34:00,CRM,false
APP-200904,CL-403216,Кредитная карта,Отделение,Северо-Западный,2500000,2025-05-30 16:29:00,CRM,false
APP-200609,CL-453548,Кредит наличными,Корпоративный менеджер,Центральный,1200000,2025-01-31 19:42:00,CRM,false
APP-201977,CL-457713,Кредит наличными,Отделение,Центральный,800000,2025-04-20 17:32:00,АБС,false
APP-202389,CL-423086,Кредит для бизнеса,Мобильное приложение,Южный,2500000,2025-07-05 11:53:00,АБС,false
APP-203089,CL-444785,Кредит для бизнеса,Мобильное приложение,Приволжский,1200000,2025-04-24 10:05:00,АБС,false
APP-201857,CL-430816,Кредитная карта,Отделение,Сибирский,2500000,2025-07-14 13:19:00,АБС,false
APP-202614,CL-447560,Автокредит,Мобильное приложение,Северо-Западный,150000,2025-04-06 18:55:00,АБС,false
APP-200122,CL-TEST,Кредит наличными,Корпоративный менеджер,Южный,1200000,2025-05-21 15:28:00,CRM,true
APP-202847,CL-446504,Кредит наличными,Мобильное приложение,Приволжский,500000,2025-03-25 10:36:00,АБС,false
APP-203528,CL-458312,Кредитная карта,Отделение,Сибирский,2500000,2025-05-23 13:26:00,АБС,false
APP-202854,CL-443879,Автокредит,Отделение,Приволжский,300000,2025-02-27 08:59:00,CRM,false
APP-201179,CL-412227,Кредит наличными,Корпоративный менеджер,Приволжский,150000,2025-07-09 15:35:00,АБС,false
APP-200514,CL-440983,Кредит наличными,Мобильное приложение,Приволжский,800000,2025-04-10 10:14:00,АБС,false
APP-203314,CL-416945,Кредит для бизнеса,Отделение,Сибирский,800000,2025-07-28 10:28:00,АБС,false
APP-200176,CL-457285,Кредитная карта,Мобильное приложение,Южный,1200000,2025-02-10 18:43:00,АБС,false
APP-203347,CL-447692,Кредитная карта,Мобильное приложение,Сибирский,150000,2025-04-24 11:09:00,АБС,false
APP-203346,CL-404660,Кредит наличными,Партнёрская сеть,Центральный,800000,2025-04-19 08:57:00,АБС,false
APP-200344,CL-411422,Кредитная карта,Партнёрская сеть,Северо-Западный,2500000,2025-02-28 19:03:00,АБС,false
APP-200992,CL-416572,Автокредит,Отделение,Северо-Западный,800000,2025-07-14 08:58:00,CRM,false
APP-203525,CL-409467,Кредитная карта,Партнёрская сеть,Приволжский,300000,2025-05-04 18:09:00,АБС,false
APP-200679,CL-414956,Кредит для бизнеса,Отделение,Северо-Западный,500000,2025-02-27 10:59:00,АБС,false
APP-203293,CL-422505,Автокредит,Мобильное приложение,Северо-Западный,800000,2025-01-17 18:37:00,АБС,false
APP-201836,CL-438414,Автокредит,Отделение,Сибирский,5000000,2025-02-02 09:34:00,АБС,false
APP-200150,CL-437965,Кредит наличными,Корпоративный менеджер,Северо-Западный,800000,2025-04-16 16:11:00,CRM,false
APP-200511,CL-436979,Кредит наличными,Отделение,Центральный,150000,2025-05-04 16:04:00,CRM,false
APP-200160,CL-410752,Кредит наличными,Мобильное приложение,Сибирский,2500000,2025-03-03 19:52:00,АБС,false
APP-201430,CL-452051,Автокредит,Отделение,Центральный,500000,2025-02-22 16:03:00,АБС,false
APP-201894,CL-423266,Кредит наличными,Партнёрская сеть,Северо-Западный,800000,2025-04-09 19:37:00,АБС,false
APP-200612,CL-430747,Кредит для бизнеса,Отделение,Приволжский,5000000,2025-04-14 14:36:00,АБС,false
APP-201573,CL-446884,Кредитная карта,Отделение,Центральный,2500000,2025-05-10 19:28:00,АБС,false
APP-200501,CL-431642,Кредитная карта,Партнёрская сеть,Северо-Западный,800000,2025-01-31 13:00:00,АБС,false
APP-200927,CL-410333,Кредитная карта,Отделение,Сибирский,150000,2025-02-15 10:11:00,АБС,false
APP-200840,CL-437302,Кредитная карта,Отделение,Сибирский,5000000,2025-07-14 11:34:00,АБС,false
APP-202743,CL-411994,Автокредит,Партнёрская сеть,Северо-Западный,5000000,2025-06-20 13:34:00,CRM,false
APP-203239,CL-410084,Кредитная карта,Мобильное приложение,Южный,800000,2025-06-09 08:55:00,АБС,false
APP-200154,CL-406713,Кредит для бизнеса,Отделение,Северо-Западный,800000,2025-01-09 15:36:00,АБС,false
APP-201084,CL-423311,Кредит для бизнеса,Мобильное приложение,Центральный,150000,2025-07-30 19:08:00,АБС,false
APP-203245,CL-451159,Кредит наличными,Мобильное приложение,Северо-Западный,2500000,2025-06-11 16:00:00,АБС,false
APP-202957,CL-423572,Кредит наличными,Отделение,Северо-Западный,1200000,2025-02-06 09:50:00,CRM,false
APP-200748,CL-TEST,Кредитная карта,Партнёрская сеть,Центральный,1200000,2025-04-22 14:49:00,CRM,true
APP-202717,CL-422687,Кредит наличными,Мобильное приложение,Сибирский,2500000,2025-04-19 10:33:00,АБС,false
APP-200063,CL-407347,Кредит для бизнеса,Мобильное приложение,Приволжский,150000,2025-07-29 14:49:00,CRM,false
APP-202759,CL-412441,Кредит наличными,Партнёрская сеть,Центральный,300000,2025-03-01 15:20:00,АБС,false
APP-203049,CL-433602,Автокредит,Отделение,Приволжский,150000,2025-04-23 13:47:00,CRM,false
APP-200090,CL-421427,Автокредит,Корпоративный менеджер,Приволжский,5000000,2025-05-31 08:34:00,CRM,false
APP-201289,CL-444022,Кредитная карта,Партнёрская сеть,Приволжский,1200000,2025-07-22 15:36:00,АБС,false
APP-200830,CL-408014,Кредит наличными,Отделение,Сибирский,150000,2025-07-11 19:15:00,АБС,false
APP-200694,CL-435142,Автокредит,Мобильное приложение,Центральный,1200000,2025-01-10 17:35:00,АБС,false
APP-203144,CL-413741,Кредит наличными,Мобильное приложение,Центральный,150000,2025-03-14 17:05:00,АБС,false
APP-200409,CL-422412,Автокредит,Мобильное приложение,Северо-Западный,300000,2025-04-05 08:55:00,АБС,false
APP-200128,CL-401729,Кредит наличными,Партнёрская сеть,Центральный,300000,2025-02-16 14:57:00,АБС,false
APP-201171,CL-433365,Кредит наличными,Отделение,Южный,2500000,2025-05-20 11:15:00,CRM,false
APP-200908,CL-413828,Кредит наличными,Партнёрская сеть,Центральный,1200000,2025-02-20 17:20:00,CRM,false
APP-203281,CL-400562,Кредитная карта,Отделение,Сибирский,2500000,2025-05-29 08:00:00,CRM,false
APP-201838,CL-428646,Кредитная карта,Мобильное приложение,Северо-Западный,150000,2025-06-17 10:41:00,CRM,false
APP-201873,CL-445342,Кредит для бизнеса,Мобильное приложение,Центральный,2500000,2025-05-04 08:30:00,АБС,false
APP-200015,CL-420931,Кредит наличными,Мобильное приложение,Южный,500000,2025-01-07 17:18:00,CRM,false
APP-201796,CL-427433,Кредит для бизнеса,Корпоративный менеджер,Приволжский,150000,2025-04-23 08:58:00,АБС,false
APP-202108,CL-458009,Кредитная карта,Корпоративный менеджер,Приволжский,800000,2025-02-03 18:23:00,АБС,false
APP-202559,CL-438527,Кредит наличными,Мобильное приложение,Сибирский,300000,2025-05-24 14:41:00,CRM,false
APP-201844,CL-433454,Кредит наличными,Мобильное приложение,Центральный,1200000,2025-02-10 11:50:00,CRM,false
APP-201259,CL-444343,Кредит наличными,Мобильное приложение,Приволжский,1200000,2025-04-09 14:52:00,АБС,false
APP-201985,CL-401391,Кредит наличными,Корпоративный менеджер,Северо-Западный,5000000,2025-04-28 10:26:00,CRM,false
APP-202128,CL-403402,Кредит наличными,Мобильное приложение,Приволжский,2500000,2025-07-28 14:44:00,АБС,false
APP-203448,CL-427625,Автокредит,Отделение,Центральный,2500000,2025-03-24 08:38:00,CRM,false
APP-203508,CL-438572,Кредит наличными,Партнёрская сеть,Южный,500000,2025-07-26 16:14:00,АБС,false
APP-202365,CL-410954,Кредит наличными,Партнёрская сеть,Южный,150000,2025-06-11 18:10:00,АБС,false
APP-200187,CL-450118,Кредит наличными,Корпоративный менеджер,Центральный,800000,2025-05-02 15:29:00,CRM,false
APP-200484,CL-407362,Кредитная карта,Отделение,Сибирский,300000,2025-07-03 19:01:00,CRM,false
APP-201135,CL-422844,Кредитная карта,Партнёрская сеть,Сибирский,500000,2025-03-14 19:48:00,CRM,false
APP-202553,CL-445581,Кредит для бизнеса,Мобильное приложение,Северо-Западный,1200000,2025-02-27 17:40:00,АБС,false
APP-200470,CL-425632,Кредит наличными,Мобильное приложение,Южный,2500000,2025-05-29 13:26:00,CRM,false
APP-200137,CL-418094,Кредит для бизнеса,Мобильное приложение,Центральный,500000,2025-04-04 16:39:00,CRM,false
APP-201846,CL-403765,Кредит для бизнеса,Партнёрская сеть,Сибирский,1200000,2025-04-07 13:53:00,АБС,false
APP-202473,CL-458893,Кредит для бизнеса,Корпоративный менеджер,Южный,5000000,2025-07-31 19:35:00,АБС,false
APP-200502,CL-445490,Кредит для бизнеса,Мобильное приложение,Южный,2500000,2025-01-25 18:05:00,АБС,false
APP-200758,CL-428037,Кредит наличными,Отделение,Сибирский,800000,2025-03-31 16:02:00,CRM,false
APP-200257,CL-404912,Автокредит,Партнёрская сеть,Северо-Западный,5000000,2025-07-03 16:37:00,АБС,false
APP-201868,CL-440719,Кредит для бизнеса,Партнёрская сеть,Приволжский,150000,2025-02-07 15:39:00,АБС,false
APP-201802,CL-437845,Автокредит,Отделение,Приволжский,2500000,2025-03-31 17:31:00,АБС,false
APP-203052,CL-439785,Кредитная карта,Партнёрская сеть,Центральный,500000,2025-03-16 15:52:00,CRM,false
APP-200048,CL-435691,Кредит для бизнеса,Мобильное приложение,Южный,800000,2025-01-07 14:39:00,CRM,false
APP-203209,CL-444584,Автокредит,Мобильное приложение,Центральный,800000,2025-05-14 12:30:00,АБС,false
APP-201316,CL-411693,Кредитная карта,Мобильное приложение,Сибирский,300000,2025-06-12 10:39:00,CRM,false
APP-200747,CL-429397,Кредит для бизнеса,Мобильное приложение,Северо-Западный,1200000,2025-06-30 11:22:00,CRM,false
APP-201063,CL-423583,Кредитная карта,Мобильное приложение,Приволжский,1200000,2025-01-26 17:00:00,АБС,false
APP-201639,CL-428604,Автокредит,Отделение,Центральный,1200000,2025-07-22 17:18:00,АБС,false
APP-200525,CL-429150,Автокредит,Мобильное приложение,Приволжский,800000,2025-03-20 14:14:00,АБС,false
APP-202381,CL-440533,Кредит наличными,Отделение,Сибирский,300000,2025-06-24 14:33:00,АБС,false
APP-200067,CL-431931,Кредит наличными,Корпоративный менеджер,Северо-Западный,800000,2025-06-27 16:35:00,CRM,false
APP-202592,CL-409012,Кредит для бизнеса,Корпоративный менеджер,Приволжский,500000,2025-04-04 13:35:00,CRM,false
APP-201485,CL-422291,Кредит для бизнеса,Отделение,Приволжский,800000,2025-06-22 15:02:00,АБС,false
APP-203260,CL-427394,Автокредит,Отделение,Центральный,2500000,2025-07-01 13:57:00,CRM,false
APP-203474,CL-445082,Автокредит,Мобильное приложение,Сибирский,300000,2025-07-10 16:12:00,АБС,false
APP-202259,CL-437842,Кредит наличными,Мобильное приложение,Северо-Западный,800000,2025-05-06 12:15:00,АБС,false
APP-200577,CL-431444,Кредит для бизнеса,Мобильное приложение,Северо-Западный,150000,2025-06-04 08:51:00,АБС,false
APP-203484,CL-454473,Кредит наличными,Партнёрская сеть,Приволжский,150000,2025-05-17 14:19:00,CRM,false
APP-202580,CL-457528,Кредитная карта,Отделение,Приволжский,800000,2025-06-24 19:40:00,АБС,false
APP-200383,CL-415908,Кредит наличными,Отделение,Северо-Западный,2500000,2025-04-26 12:09:00,CRM,false
APP-201756,CL-412980,Кредит для бизнеса,Мобильное приложение,Северо-Западный,2500000,2025-02-27 12:07:00,АБС,false
APP-202019,CL-441702,Автокредит,Отделение,Приволжский,500000,2025-04-30 08:32:00,АБС,false
APP-201603,CL-425292,Автокредит,Отделение,Сибирский,5000000,2025-01-25 16:54:00,АБС,false
APP-202467,CL-456923,Кредит наличными,Партнёрская сеть,Центральный,800000,2025-04-12 15:07:00,АБС,false
APP-200551,CL-431636,Кредит наличными,Корпоративный менеджер,Приволжский,150000,2025-07-06 08:21:00,АБС,false
APP-201890,CL-428625,Кредитная карта,Мобильное приложение,Южный,150000,2025-02-12 12:30:00,АБС,false
APP-203523,CL-456754,Кредит наличными,Корпоративный менеджер,Приволжский,150000,2025-03-23 13:59:00,АБС,false
APP-200299,CL-432711,Автокредит,Партнёрская сеть,Центральный,1200000,2025-02-24 14:02:00,АБС,false
APP-202511,CL-453151,Кредит для бизнеса,Мобильное приложение,Северо-Западный,1200000,2025-03-01 16:08:00,АБС,false
APP-203098,CL-441647,Кредитная карта,Отделение,Сибирский,800000,2025-04-11 16:40:00,CRM,false
APP-202422,CL-439694,Автокредит,Мобильное приложение,Центральный,300000,2025-03-17 09:06:00,CRM,false
APP-203293,CL-422505,Автокредит,Мобильное приложение,Северо-Западный,800000,2025-01-17 18:37:00,АБС,false
APP-200226,CL-443144,Кредит наличными,Корпоративный менеджер,Центральный,5000000,2025-05-29 18:02:00,АБС,false
APP-202338,CL-408994,Кредит наличными,Корпоративный менеджер,Приволжский,5000000,2025-02-03 11:34:00,АБС,false
APP-202784,CL-422528,Кредит наличными,Отделение,Южный,5000000,2025-03-26 12:49:00,CRM,false
APP-202644,CL-428992,Автокредит,Мобильное приложение,Приволжский,1200000,2025-01-30 15:03:00,CRM,false
APP-202142,CL-406533,Кредит наличными,Мобильное приложение,Южный,5000000,2025-07-26 10:19:00,CRM,false
APP-200494,CL-455686,Кредит наличными,Мобильное приложение,Южный,150000,2025-01-07 14:15:00,CRM,false
APP-202129,CL-457616,Кредит наличными,Отделение,Северо-Западный,500000,2025-01-30 11:11:00,CRM,false
APP-203572,CL-441813,Кредит наличными,Мобильное приложение,Приволжский,300000,2025-07-17 18:26:00,АБС,false
APP-202266,CL-422127,Кредит для бизнеса,Мобильное приложение,Северо-Западный,800000,2025-06-08 08:19:00,АБС,false
APP-203532,CL-436719,Кредит для бизнеса,Партнёрская сеть,Приволжский,5000000,2025-02-03 10:59:00,CRM,false
APP-201860,CL-457951,Кредитная карта,Партнёрская сеть,Центральный,2500000,2025-07-22 08:20:00,АБС,false
APP-200278,CL-411358,Автокредит,Мобильное приложение,Южный,1200000,2025-05-30 08:38:00,АБС,false
APP-202926,CL-413436,Кредитная карта,Мобильное приложение,Приволжский,300000,2025-06-14 19:10:00,АБС,false
APP-203174,CL-423247,Кредитная карта,Корпоративный менеджер,Северо-Западный,2500000,2025-01-18 17:00:00,АБС,false
APP-202897,CL-405116,Кредитная карта,Мобильное приложение,Северо-Западный,5000000,2025-04-12 13:14:00,АБС,false
APP-200362,CL-439219,Автокредит,Корпоративный менеджер,Центральный,1200000,2025-06-03 11:14:00,АБС,false
APP-200182,CL-450715,Кредитная карта,Отделение,Северо-Западный,500000,2025-06-04 15:15:00,CRM,false
APP-203205,CL-436700,Кредитная карта,Отделение,Северо-Западный,800000,2025-05-27 13:14:00,CRM,false
APP-200683,CL-444929,Кредит для бизнеса,Отделение,Северо-Западный,800000,2025-04-12 16:12:00,CRM,false
APP-200316,CL-442683,Кредитная карта,Мобильное приложение,Южный,5000000,2025-02-23 10:44:00,CRM,false
APP-203053,CL-451829,Кредит наличными,Корпоративный менеджер,Сибирский,500000,2025-07-22 10:23:00,АБС,false
APP-203250,CL-420594,Кредитная карта,Мобильное приложение,Южный,1200000,2025-05-03 14:21:00,АБС,false
APP-202770,CL-440028,Кредит наличными,Мобильное приложение,Северо-Западный,1200000,2025-03-31 10:44:00,АБС,false
APP-200675,CL-442459,Кредит наличными,Корпоративный менеджер,Сибирский,5000000,2025-07-29 19:50:00,АБС,false
APP-203438,CL-453499,Кредитная карта,Мобильное приложение,Приволжский,2500000,2025-06-28 14:49:00,АБС,false
APP-201602,CL-431276,Автокредит,Отделение,Южный,500000,2025-06-07 14:03:00,CRM,false
APP-203223,CL-445740,Кредитная карта,Корпоративный менеджер,Центральный,150000,2025-04-08 11:26:00,АБС,false
APP-202383,CL-458150,Автокредит,Отделение,Центральный,300000,2025-02-21 17:54:00,АБС,false
APP-200002,CL-422473,Кредит наличными,Партнёрская сеть,Центральный,800000,2025-02-14 17:38:00,CRM,false
APP-200157,CL-435324,Кредит для бизнеса,Отделение,Центральный,500000,2025-04-05 09:02:00,CRM,false
APP-200989,CL-429487,Кредитная карта,Отделение,Сибирский,1200000,2025-02-02 10:02:00,АБС,false
APP-202987,CL-401542,Кредит наличными,Отделение,Центральный,300000,2025-05-19 09:24:00,АБС,false
APP-200100,CL-426396,Кредитная карта,Мобильное приложение,Центральный,300000,2025-05-03 13:15:00,АБС,false
APP-200962,CL-409796,Кредит наличными,Партнёрская сеть,Южный,500000,2025-04-08 13:49:00,CRM,false
APP-200267,CL-417063,Кредит наличными,Мобильное приложение,Южный,500000,2025-02-27 13:52:00,АБС,false
APP-200261,CL-434578,Автокредит,Мобильное приложение,Центральный,2500000,2025-01-22 18:31:00,CRM,false
APP-202263,CL-458689,Кредитная карта,Мобильное приложение,Северо-Западный,2500000,2025-02-17 15:55:00,АБС,false
APP-200183,CL-457534,Кредит наличными,Корпоративный менеджер,Центральный,500000,2025-05-12 15:11:00,CRM,false
APP-202573,CL-423432,Кредитная карта,Мобильное приложение,Центральный,1200000,2025-06-13 08:56:00,CRM,false
APP-203207,CL-410975,Кредит для бизнеса,Корпоративный менеджер,Центральный,500000,2025-05-20 09:46:00,АБС,false
APP-200370,CL-444570,Кредит наличными,Отделение,Северо-Западный,150000,2025-05-09 11:42:00,АБС,false
APP-200012,CL-436768,Кредит наличными,Отделение,Северо-Западный,500000,2025-03-10 10:14:00,АБС,false
APP-200169,CL-436332,Кредитная карта,Отделение,Северо-Западный,2500000,2025-05-15 18:14:00,АБС,false
APP-200650,CL-434630,Кредит наличными,Корпоративный менеджер,Приволжский,5000000,2025-03-07 10:54:00,АБС,false
APP-202533,CL-438478,Автокредит,Корпоративный менеджер,Центральный,2500000,2025-06-21 15:56:00,CRM,false
APP-203295,CL-420041,Кредитная карта,Отделение,Северо-Западный,2500000,2025-06-09 13:36:00,АБС,false
APP-202648,CL-TEST,Кредит для бизнеса,Корпоративный менеджер,Северо-Западный,500000,2025-04-02 09:39:00,АБС,true
APP-200674,CL-430023,Кредит наличными,Корпоративный менеджер,Центральный,150000,2025-05-05 08:48:00,АБС,false
APP-201059,CL-420179,Кредит наличными,Корпоративный менеджер,Центральный,800000,2025-06-12 08:37:00,АБС,false
APP-200330,CL-404125,Кредит для бизнеса,Мобильное приложение,Северо-Западный,150000,2025-06-19 19:11:00,АБС,false
APP-202529,CL-420012,Автокредит,Мобильное приложение,Центральный,1200000,2025-05-15 18:07:00,АБС,false
APP-203138,CL-425265,Кредит наличными,Мобильное приложение,Центральный,1200000,2025-01-15 08:52:00,АБС,false
APP-200941,CL-408009,Кредит для бизнеса,Отделение,Центральный,300000,2025-07-01 12:50:00,CRM,false
APP-200799,CL-401855,Кредит для бизнеса,Отделение,Северо-Западный,5000000,2025-03-12 15:18:00,АБС,false
APP-203364,CL-441318,Кредитная карта,Мобильное приложение,Северо-Западный,1200000,2025-07-27 11:19:00,CRM,false
APP-201862,CL-441127,Кредитная карта,Мобильное приложение,Южный,800000,2025-04-07 11:51:00,CRM,false
APP-203045,CL-413679,Кредит наличными,Партнёрская сеть,Приволжский,2500000,2025-06-18 18:12:00,АБС,false
APP-201160,CL-420663,Кредитная карта,Отделение,Приволжский,2500000,2025-01-20 08:05:00,CRM,false
APP-200264,CL-437425,Кредитная карта,Отделение,Центральный,1200000,2025-07-10 12:57:00,АБС,false
APP-202923,CL-420849,Кредитная карта,Отделение,Южный,1200000,2025-03-29 17:15:00,CRM,false
APP-202687,CL-448186,Кредит наличными,Мобильное приложение,Южный,5000000,2025-03-23 09:17:00,АБС,false
APP-201426,CL-416356,Кредитная карта,Отделение,Северо-Западный,2500000,2025-04-09 14:44:00,CRM,false
APP-200402,CL-452040,Кредит наличными,Мобильное приложение,Центральный,500000,2025-04-20 11:24:00,АБС,false
APP-201429,CL-449058,Кредит наличными,Партнёрская сеть,Сибирский,5000000,2025-08-01 19:07:00,АБС,false
APP-202940,CL-437778,Автокредит,Мобильное приложение,Центральный,150000,2025-01-15 15:41:00,АБС,false
APP-203253,CL-401231,Автокредит,Мобильное приложение,Приволжский,800000,2025-05-04 09:58:00,CRM,false
APP-201479,CL-454353,Кредит наличными,Отделение,Сибирский,150000,2025-01-14 16:38:00,CRM,false
APP-201592,CL-455895,Автокредит,Партнёрская сеть,Центральный,5000000,2025-06-04 19:37:00,CRM,false
APP-202723,CL-440542,Кредитная карта,Мобильное приложение,Южный,300000,2025-06-24 17:23:00,CRM,false
APP-201869,CL-444058,Автокредит,Корпоративный менеджер,Центральный,2500000,2025-04-11 11:17:00,CRM,false
APP-202941,CL-421016,Кредит наличными,Корпоративный менеджер,Сибирский,5000000,2025-05-28 17:53:00,АБС,false
APP-202718,CL-405964,Кредит наличными,Отделение,Центральный,2500000,2025-05-30 12:30:00,АБС,false
APP-201742,CL-453268,Кредит наличными,Мобильное приложение,Северо-Западный,500000,2025-06-20 14:46:00,АБС,false
APP-200979,CL-436309,Кредит наличными,Мобильное приложение,Южный,5000000,2025-06-06 10:29:00,АБС,false
APP-201235,CL-415756,Кредит для бизнеса,Мобильное приложение,Сибирский,500000,2025-07-15 15:33:00,АБС,false
APP-200118,CL-455543,Кредит наличными,Корпоративный менеджер,Южный,150000,2025-04-22 17:33:00,CRM,false
APP-202568,CL-452851,Кредитная карта,Партнёрская сеть,Северо-Западный,5000000,2025-05-24 19:25:00,АБС,false
APP-201287,CL-401803,Кредит наличными,Отделение,Сибирский,300000,2025-03-06 19:26:00,АБС,false
APP-202036,CL-404018,Кредит наличными,Партнёрская сеть,Центральный,800000,2025-03-19 13:52:00,CRM,false
APP-202044,CL-451902,Кредит для бизнеса,Корпоративный менеджер,Сибирский,2500000,2025-04-24 15:59:00,АБС,false
APP-201061,CL-439086,Кредитная карта,Отделение,Северо-Западный,800000,2025-01-15 08:15:00,АБС,false
APP-203539,CL-406146,Кредитная карта,Отделение,Центральный,5000000,2025-02-27 16:51:00,CRM,false
APP-202534,CL-457513,Автокредит,Мобильное приложение,Центральный,5000000,2025-07-22 19:49:00,CRM,false
APP-200070,CL-415281,Кредитная карта,Отделение,Южный,300000,2025-05-06 09:59:00,АБС,false
APP-201540,CL-415562,Кредит наличными,Партнёрская сеть,Южный,1200000,2025-04-29 08:24:00,АБС,false
APP-201073,CL-442429,Кредитная карта,Отделение,Центральный,1200000,2025-07-04 09:48:00,АБС,false
APP-201016,CL-445443,Кредит для бизнеса,Корпоративный менеджер,Центральный,150000,2025-07-04 12:10:00,АБС,false
APP-201807,CL-449869,Кредитная карта,Партнёрская сеть,Северо-Западный,2500000,2025-04-02 19:34:00,АБС,false
APP-201083,CL-452645,Кредит наличными,Мобильное приложение,Южный,150000,2025-06-08 09:49:00,АБС,false
APP-202060,CL-450936,Кредит для бизнеса,Партнёрская сеть,Сибирский,500000,2025-03-15 09:43:00,АБС,false
APP-201697,CL-418880,Кредитная карта,Мобильное приложение,Центральный,300000,2025-05-26 09:02:00,CRM,false
APP-200190,CL-433419,Автокредит,Отделение,Северо-Западный,150000,2025-02-17 19:45:00,АБС,false
APP-202146,CL-448111,Кредит наличными,Отделение,Центральный,300000,2025-07-17 13:31:00,АБС,false
APP-200125,CL-455235,Автокредит,Партнёрская сеть,Центральный,150000,2025-04-25 17:27:00,CRM,false
APP-201139,CL-446478,Кредит для бизнеса,Отделение,Северо-Западный,300000,2025-01-26 08:16:00,АБС,false
APP-201666,CL-413262,Кредит наличными,Мобильное приложение,Сибирский,300000,2025-06-08 15:26:00,АБС,false
APP-201187,CL-427627,Кредитная карта,Партнёрская сеть,Южный,2500000,2025-08-03 08:02:00,АБС,false
APP-203256,CL-428129,Кредит для бизнеса,Мобильное приложение,Сибирский,5000000,2025-06-08 18:42:00,АБС,false
APP-202902,CL-444296,Кредит наличными,Корпоративный менеджер,Южный,5000000,2025-04-09 09:55:00,CRM,false
APP-201988,CL-402938,Кредит наличными,Отделение,Сибирский,2500000,2025-03-23 08:56:00,АБС,false
APP-200872,CL-420694,Кредитная карта,Партнёрская сеть,Северо-Западный,1200000,2025-07-12 08:35:00,CRM,false
APP-201076,CL-452685,Кредит для бизнеса,Отделение,Северо-Западный,5000000,2025-03-23 14:19:00,АБС,false
APP-202522,CL-416386,Кредитная карта,Мобильное приложение,Центральный,1200000,2025-05-06 09:56:00,CRM,false
APP-203549,CL-449044,Кредитная карта,Отделение,Сибирский,800000,2025-06-24 15:07:00,АБС,false
APP-200379,CL-416691,Кредитная карта,Корпоративный менеджер,Приволжский,500000,2025-04-16 11:19:00,CRM,false
APP-203587,CL-450580,Кредит наличными,Корпоративный менеджер,Центральный,150000,2025-01-29 11:03:00,АБС,false
APP-203478,CL-404203,Кредит для бизнеса,Отделение,Южный,300000,2025-04-25 11:35:00,АБС,false
APP-200359,CL-424075,Кредит для бизнеса,Корпоративный менеджер,Приволжский,5000000,2025-07-15 11:04:00,АБС,false
APP-202292,CL-446582,Кредит для бизнеса,Отделение,Северо-Западный,300000,2025-05-14 18:23:00,АБС,false
APP-201110,CL-440207,Кредитная карта,Партнёрская сеть,Северо-Западный,500000,2025-03-29 17:00:00,АБС,false
APP-201818,CL-411892,Кредит для бизнеса,Партнёрская сеть,Центральный,5000000,2025-05-15 19:29:00,АБС,false
APP-201276,CL-433623,Кредит наличными,Отделение,Центральный,300000,2025-03-11 16:23:00,АБС,false
APP-201995,CL-TEST,Кредит наличными,Отделение,Центральный,5000000,2025-05-22 12:06:00,АБС,true
APP-202658,CL-436885,Кредит наличными,Мобильное приложение,Центральный,300000,2025-01-07 08:42:00,АБС,false
APP-202097,CL-407854,Кредит для бизнеса,Мобильное приложение,Северо-Западный,150000,2025-06-22 16:33:00,CRM,false
APP-200270,CL-454510,Кредит наличными,Партнёрская сеть,Центральный,150000,2025-06-21 14:00:00,АБС,false
APP-202588,CL-420920,Кредит наличными,Мобильное приложение,Приволжский,800000,2025-01-31 08:36:00,АБС,false
APP-201829,CL-411391,Кредит наличными,Мобильное приложение,Приволжский,500000,2025-02-09 17:17:00,CRM,false
APP-200175,CL-435753,Кредит для бизнеса,Корпоративный менеджер,Приволжский,300000,2025-03-22 16:51:00,АБС,false
APP-200634,CL-428382,Кредит наличными,Отделение,Северо-Западный,150000,2025-07-15 17:22:00,АБС,false
APP-201605,CL-456100,Кредит наличными,Корпоративный менеджер,Сибирский,800000,2025-01-23 16:50:00,CRM,false
APP-201748,CL-401007,Кредит наличными,Партнёрская сеть,Центральный,1200000,2025-02-13 15:27:00,АБС,false
APP-200885,CL-445427,Кредит наличными,Мобильное приложение,Северо-Западный,300000,2025-03-27 14:14:00,АБС,false
APP-200968,CL-426152,Автокредит,Отделение,Центральный,2500000,2025-04-20 19:27:00,CRM,false
APP-201975,CL-450721,Автокредит,Мобильное приложение,Южный,1200000,2025-05-13 10:26:00,АБС,false
APP-202455,CL-455056,Кредит наличными,Мобильное приложение,Центральный,300000,2025-02-20 17:17:00,АБС,false
APP-202359,CL-414595,Кредит наличными,Мобильное приложение,Северо-Западный,300000,2025-02-25 17:24:00,CRM,false
APP-201448,CL-457024,Автокредит,Мобильное приложение,Сибирский,1200000,2025-01-31 19:54:00,АБС,false
APP-200000,CL-444953,Автокредит,Корпоративный менеджер,Северо-Западный,150000,2025-05-17 10:35:00,АБС,false
APP-202134,CL-410412,Кредитная карта,Отделение,Северо-Западный,1200000,2025-04-25 10:53:00,CRM,false
APP-201223,CL-451645,Кредит наличными,Отделение,Северо-Западный,5000000,2025-01-17 10:01:00,АБС,false
APP-203183,CL-414994,Автокредит,Мобильное приложение,Центральный,500000,2025-04-06 17:35:00,АБС,false
APP-203068,CL-432945,Кредит наличными,Отделение,Центральный,1200000,2025-05-08 12:27:00,CRM,false
APP-202619,CL-456156,Автокредит,Корпоративный менеджер,Южный,1200000,2025-06-10 10:15:00,CRM,false
APP-201591,CL-445775,Кредит наличными,Партнёрская сеть,Центральный,500000,2025-07-18 17:08:00,АБС,false
APP-201641,CL-455693,Кредит наличными,Партнёрская сеть,Северо-Западный,5000000,2025-07-04 10:11:00,CRM,false
APP-200534,CL-438653,Кредит наличными,Партнёрская сеть,Северо-Западный,800000,2025-01-15 18:37:00,АБС,false
APP-201379,CL-438508,Кредит наличными,Партнёрская сеть,Южный,500000,2025-04-25 15:39:00,АБС,false
APP-201325,CL-411692,Кредит для бизнеса,Партнёрская сеть,Южный,800000,2025-06-09 08:37:00,АБС,false
APP-202011,CL-400265,Кредит наличными,Мобильное приложение,Южный,300000,2025-07-24 09:25:00,CRM,false
APP-200283,CL-421797,Кредитная карта,Мобильное приложение,Приволжский,1200000,2025-02-11 17:15:00,CRM,false
APP-202258,CL-426331,Автокредит,Мобильное приложение,Центральный,800000,2025-01-09 17:20:00,АБС,false
APP-203321,CL-414126,Кредит наличными,Мобильное приложение,Центральный,800000,2025-03-13 17:31:00,АБС,false
APP-203459,CL-440894,Кредит наличными,Мобильное приложение,Приволжский,800000,2025-01-22 15:14:00,CRM,false
APP-203336,CL-441869,Кредит для бизнеса,Партнёрская сеть,Приволжский,5000000,2025-04-10 18:06:00,CRM,false
APP-200660,CL-453503,Кредит наличными,Отделение,Северо-Западный,300000,2025-05-01 12:26:00,АБС,false
APP-200947,CL-446759,Кредитная карта,Отделение,Центральный,500000,2025-07-23 17:29:00,АБС,false
APP-201557,CL-453904,Кредит наличными,Корпоративный менеджер,Приволжский,300000,2025-06-28 16:13:00,АБС,false
APP-202181,CL-442706,Кредит для бизнеса,Партнёрская сеть,Сибирский,500000,2025-03-16 14:58:00,АБС,false
APP-202136,CL-452956,Кредит наличными,Мобильное приложение,Южный,5000000,2025-03-23 19:51:00,АБС,false
APP-200095,CL-409770,Кредит для бизнеса,Отделение,Южный,5000000,2025-01-12 13:35:00,CRM,false
APP-202715,CL-432554,Кредит наличными,Мобильное приложение,Приволжский,150000,2025-07-30 09:49:00,АБС,false
APP-203316,CL-412665,Кредит для бизнеса,Мобильное приложение,Приволжский,2500000,2025-04-19 17:33:00,АБС,false
APP-201203,CL-402221,Кредитная карта,Отделение,Центральный,300000,2025-05-26 16:37:00,АБС,false
APP-203567,CL-448945,Кредит наличными,Корпоративный менеджер,Центральный,800000,2025-05-16 10:42:00,CRM,false
APP-200549,CL-405376,Кредитная карта,Мобильное приложение,Приволжский,500000,2025-02-15 13:41:00,CRM,false
APP-202739,CL-439419,Автокредит,Корпоративный менеджер,Сибирский,150000,2025-01-17 08:14:00,АБС,false
APP-201368,CL-444268,Кредит наличными,Мобильное приложение,Центральный,300000,2025-01-15 08:49:00,CRM,false
APP-201503,CL-451603,Кредитная карта,Партнёрская сеть,Северо-Западный,1200000,2025-07-10 14:39:00,АБС,false
APP-202095,CL-439160,Кредит наличными,Мобильное приложение,Приволжский,1200000,2025-06-15 08:11:00,АБС,false
APP-201074,CL-408789,Кредитная карта,Корпоративный менеджер,Центральный,5000000,2025-06-16 09:40:00,CRM,false
APP-201053,CL-448526,Кредит наличными,Отделение,Южный,1200000,2025-01-22 18:26:00,АБС,false
APP-200075,CL-457000,Кредитная карта,Отделение,Северо-Западный,1200000,2025-03-10 18:54:00,АБС,false
APP-202634,CL-435195,Кредит наличными,Отделение,Сибирский,5000000,2025-05-20 10:14:00,АБС,false
APP-201062,CL-420582,Кредит наличными,Партнёрская сеть,Южный,2500000,2025-05-14 15:08:00,АБС,false
APP-200737,CL-447467,Кредит наличными,Корпоративный менеджер,Сибирский,2500000,2025-07-16 19:24:00,CRM,false
APP-202166,CL-400312,Кредитная карта,Партнёрская сеть,Центральный,5000000,2025-06-14 17:23:00,АБС,false
APP-200845,CL-450708,Кредитная карта,Отделение,Сибирский,300000,2025-07-18 10:11:00,CRM,false
APP-200724,CL-400575,Кредитная карта,Мобильное приложение,Южный,5000000,2025-02-03 15:41:00,АБС,false
APP-201513,CL-441373,Кредит наличными,Мобильное приложение,Южный,150000,2025-01-28 19:33:00,CRM,false
APP-201041,CL-447808,Кредит для бизнеса,Отделение,Приволжский,150000,2025-04-12 12:42:00,АБС,false
APP-202037,CL-454830,Кредит наличными,Отделение,Центральный,1200000,2025-04-10 16:55:00,АБС,false
APP-203128,CL-446097,Кредитная карта,Мобильное приложение,Центральный,500000,2025-04-28 08:50:00,CRM,false
APP-201827,CL-440740,Автокредит,Мобильное приложение,Приволжский,150000,2025-01-24 14:03:00,CRM,false
APP-200462,CL-419394,Кредит для бизнеса,Партнёрская сеть,Приволжский,1200000,2025-01-19 18:51:00,АБС,false
APP-202051,CL-405068,Кредит наличными,Мобильное приложение,Южный,150000,2025-02-17 10:07:00,АБС,false
APP-203200,CL-439146,Кредит наличными,Партнёрская сеть,Приволжский,300000,2025-03-18 08:23:00,CRM,false
APP-202874,CL-459507,Кредитная карта,Корпоративный менеджер,Центральный,150000,2025-05-12 10:13:00,CRM,false
APP-203334,CL-410751,Кредит для бизнеса,Корпоративный менеджер,Южный,500000,2025-06-25 15:11:00,CRM,false
APP-201117,CL-445955,Кредит для бизнеса,Мобильное приложение,Южный,300000,2025-04-08 09:36:00,АБС,false
APP-203212,CL-407858,Кредит наличными,Отделение,Центральный,1200000,2025-03-25 16:06:00,АБС,false
APP-201097,CL-410500,Кредит наличными,Мобильное приложение,Южный,2500000,2025-02-22 15:35:00,АБС,false
APP-200869,CL-431648,Кредит наличными,Партнёрская сеть,Приволжский,800000,2025-06-23 13:52:00,АБС,false
APP-203171,CL-456459,Кредитная карта,Партнёрская сеть,Сибирский,300000,2025-02-28 08:40:00,АБС,false
APP-201570,CL-445167,Кредитная карта,Отделение,Сибирский,300000,2025-07-07 09:52:00,АБС,false
APP-201867,CL-411190,Кредит наличными,Корпоративный менеджер,Приволжский,300000,2025-07-21 13:33:00,АБС,false
APP-203311,CL-412772,Кредит для бизнеса,Мобильное приложение,Центральный,300000,2025-05-29 11:53:00,CRM,false
APP-200301,CL-417006,Кредитная карта,Мобильное приложение,Сибирский,2500000,2025-04-26 16:24:00,АБС,false
APP-201098,CL-428547,Кредит наличными,Партнёрская сеть,Центральный,300000,2025-01-27 17:37:00,АБС,false
APP-202670,CL-414548,Кредит для бизнеса,Корпоративный менеджер,Центральный,800000,2025-01-13 17:17:00,АБС,false
APP-203420,CL-410502,Кредит для бизнеса,Партнёрская сеть,Центральный,800000,2025-03-20 14:00:00,CRM,false
APP-203273,CL-442533,Автокредит,Корпоративный менеджер,Приволжский,300000,2025-01-27 10:01:00,АБС,false
APP-203394,CL-441143,Кредит наличными,Корпоративный менеджер,Сибирский,2500000,2025-08-01 10:19:00,АБС,false
APP-200423,CL-458159,Автокредит,Корпоративный менеджер,Приволжский,300000,2025-07-20 19:28:00,АБС,false
APP-201248,CL-407569,Кредит наличными,Отделение,Южный,5000000,2025-04-25 19:19:00,АБС,false
APP-203573,CL-401734,Кредит для бизнеса,Мобильное приложение,Приволжский,1200000,2025-07-03 16:50:00,АБС,false
APP-201529,CL-415350,Кредит наличными,Отделение,Центральный,500000,2025-01-24 18:35:00,АБС,false
APP-200475,CL-450095,Кредит наличными,Корпоративный менеджер,Приволжский,150000,2025-01-23 16:26:00,АБС,false
APP-202375,CL-442581,Кредитная карта,Корпоративный менеджер,Центральный,800000,2025-07-18 12:26:00,АБС,false
APP-203473,CL-410577,Кредит наличными,Мобильное приложение,Сибирский,150000,2025-02-28 14:51:00,АБС,false
APP-200589,CL-400446,Кредит для бизнеса,Мобильное приложение,Северо-Западный,2500000,2025-02-06 08:43:00,АБС,false
APP-202238,CL-414337,Кредитная карта,Мобильное приложение,Северо-Западный,800000,2025-07-05 17:01:00,АБС,false
APP-202291,CL-407447,Кредит наличными,Отделение,Центральный,1200000,2025-02-19 10:10:00,CRM,false
APP-203009,CL-450488,Кредитная карта,Отделение,Сибирский,500000,2025-04-13 09:38:00,АБС,false
APP-203233,CL-422506,Кредит для бизнеса,Отделение,Центральный,1200000,2025-01-08 16:49:00,АБС,false
APP-202966,CL-412278,Кредитная карта,Мобильное приложение,Сибирский,1200000,2025-05-22 09:39:00,CRM,false
APP-200488,CL-419848,Кредит для бизнеса,Отделение,Южный,500000,2025-05-25 10:24:00,АБС,false
APP-202976,CL-436050,Кредит наличными,Мобильное приложение,Южный,1200000,2025-06-21 18:44:00,АБС,false
APP-203072,CL-457756,Кредит для бизнеса,Мобильное приложение,Приволжский,800000,2025-02-13 16:03:00,CRM,false
APP-200698,CL-405269,Кредит наличными,Корпоративный менеджер,Южный,300000,2025-07-30 15:39:00,CRM,false
APP-202286,CL-444928,Кредит для бизнеса,Мобильное приложение,Северо-Западный,800000,2025-06-19 16:53:00,АБС,false
APP-202884,CL-427757,Автокредит,Мобильное приложение,Сибирский,300000,2025-04-10 15:53:00,CRM,false
APP-202841,CL-408163,Кредитная карта,Корпоративный менеджер,Южный,800000,2025-01-10 14:48:00,АБС,false
APP-202700,CL-409763,Кредитная карта,Партнёрская сеть,Центральный,300000,2025-02-24 17:24:00,CRM,false
APP-203553,CL-456874,Кредитная карта,Мобильное приложение,Приволжский,5000000,2025-04-09 18:31:00,АБС,false
APP-202944,CL-426614,Кредитная карта,Отделение,Северо-Западный,1200000,2025-02-24 16:25:00,CRM,false
APP-201239,CL-418172,Кредит наличными,Мобильное приложение,Приволжский,500000,2025-01-14 14:51:00,АБС,false
APP-201364,CL-430533,Кредит для бизнеса,Партнёрская сеть,Центральный,2500000,2025-03-31 14:34:00,АБС,false
APP-202237,CL-452602,Кредитная карта,Отделение,Южный,150000,2025-03-08 15:25:00,АБС,false
APP-202309,CL-438393,Кредитная карта,Корпоративный менеджер,Южный,1200000,2025-06-28 08:03:00,CRM,false
APP-202906,CL-459729,Кредитная карта,Корпоративный менеджер,Приволжский,2500000,2025-06-06 08:00:00,АБС,false
APP-202039,CL-439305,Кредит наличными,Отделение,Сибирский,300000,2025-07-06 11:12:00,АБС,false
APP-201177,CL-434121,Кредитная карта,Отделение,Приволжский,150000,2025-04-11 17:56:00,АБС,false
APP-202869,CL-450175,Кредитная карта,Корпоративный менеджер,Центральный,5000000,2025-07-16 08:19:00,CRM,false
APP-202892,CL-412987,Кредит наличными,Отделение,Приволжский,800000,2025-04-21 11:28:00,АБС,false
APP-203460,CL-416502,Кредит для бизнеса,Корпоративный менеджер,Северо-Западный,800000,2025-05-06 13:31:00,АБС,false
APP-203304,CL-449251,Кредит наличными,Отделение,Приволжский,300000,2025-02-17 15:40:00,АБС,false
APP-201787,CL-433191,Кредит для бизнеса,Мобильное приложение,Сибирский,500000,2025-03-03 12:40:00,АБС,false
APP-203199,CL-406504,Автокредит,Мобильное приложение,Приволжский,800000,2025-04-04 15:41:00,АБС,false
APP-202875,CL-450464,Кредитная карта,Мобильное приложение,Сибирский,5000000,2025-01-14 18:39:00,АБС,false
APP-201709,CL-401349,Кредит для бизнеса,Отделение,Сибирский,800000,2025-01-16 15:47:00,АБС,false
APP-200638,CL-409015,Кредит наличными,Партнёрская сеть,Сибирский,300000,2025-03-03 14:08:00,АБС,false
APP-202667,CL-451184,Кредит для бизнеса,Корпоративный менеджер,Центральный,150000,2025-03-20 11:57:00,CRM,false
APP-202403,CL-411849,Кредит наличными,Корпоративный менеджер,Южный,5000000,2025-02-08 13:42:00,АБС,false
APP-201443,CL-436680,Кредит наличными,Мобильное приложение,Центральный,1200000,2025-05-25 14:41:00,АБС,false
APP-203067,CL-448227,Кредит наличными,Отделение,Центральный,2500000,2025-01-13 15:55:00,АБС,false
APP-202086,CL-404486,Кредит для бизнеса,Корпоративный менеджер,Приволжский,150000,2025-01-31 10:46:00,CRM,false
APP-203265,CL-429356,Кредит наличными,Отделение,Центральный,5000000,2025-02-15 18:45:00,АБС,false
APP-200532,CL-402846,Кредит для бизнеса,Отделение,Центральный,2500000,2025-07-19 15:29:00,АБС,false
APP-201499,CL-438398,Автокредит,Корпоративный менеджер,Сибирский,2500000,2025-07-17 14:48:00,АБС,false
APP-202135,CL-428985,Кредитная карта,Мобильное приложение,Приволжский,800000,2025-05-13 09:51:00,АБС,false
APP-201273,CL-419645,Кредит наличными,Отделение,Центральный,150000,2025-07-25 16:58:00,АБС,false
APP-202438,CL-405110,Кредит наличными,Отделение,Южный,2500000,2025-02-11 17:29:00,АБС,false
APP-201816,CL-419152,Автокредит,Мобильное приложение,Северо-Западный,150000,2025-04-21 17:15:00,CRM,false
APP-200746,CL-431672,Кредит наличными,Отделение,Южный,2500000,2025-03-03 13:56:00,АБС,false
APP-203033,CL-448327,Кредитная карта,Отделение,Приволжский,150000,2025-04-12 08:48:00,АБС,false
APP-200654,CL-432353,Кредитная карта,Мобильное приложение,Центральный,2500000,2025-06-28 10:30:00,CRM,false
APP-201094,CL-404011,Кредитная карта,Мобильное приложение,Центральный,800000,2025-05-23 18:51:00,CRM,false
APP-201855,CL-448213,Кредит наличными,Мобильное приложение,Сибирский,800000,2025-02-21 10:20:00,CRM,false
APP-200528,CL-459234,Автокредит,Партнёрская сеть,Сибирский,5000000,2025-03-06 11:30:00,АБС,false
APP-201108,CL-413037,Кредит наличными,Корпоративный менеджер,Северо-Западный,5000000,2025-01-17 18:17:00,CRM,false
APP-200721,CL-439758,Кредитная карта,Мобильное приложение,Северо-Западный,2500000,2025-07-13 12:01:00,CRM,false
APP-200448,CL-445126,Автокредит,Партнёрская сеть,Сибирский,150000,2025-01-19 14:23:00,CRM,false
APP-201801,CL-405653,Кредит для бизнеса,Отделение,Южный,150000,2025-01-22 18:53:00,АБС,false
APP-202172,CL-433920,Кредит наличными,Отделение,Центральный,2500000,2025-04-24 10:32:00,CRM,false
APP-202183,CL-409658,Кредит для бизнеса,Отделение,Южный,500000,2025-02-12 16:53:00,АБС,false
APP-200720,CL-430345,Кредит наличными,Мобильное приложение,Северо-Западный,500000,2025-02-24 16:09:00,CRM,false
APP-200565,CL-423896,Кредит наличными,Партнёрская сеть,Сибирский,300000,2025-01-18 09:03:00,АБС,false
APP-203584,CL-441984,Автокредит,Мобильное приложение,Южный,2500000,2025-05-20 17:31:00,АБС,false
APP-202492,CL-449633,Кредит наличными,Мобильное приложение,Центральный,800000,2025-07-08 09:26:00,АБС,false
APP-202009,CL-436124,Кредитная карта,Отделение,Северо-Западный,150000,2025-06-29 19:14:00,АБС,false
APP-200272,CL-434268,Кредит для бизнеса,Отделение,Центральный,150000,2025-05-27 18:02:00,АБС,false
APP-200608,CL-414847,Кредит для бизнеса,Мобильное приложение,Северо-Западный,2500000,2025-05-06 14:16:00,АБС,false
APP-200935,CL-438442,Кредит для бизнеса,Корпоративный менеджер,Северо-Западный,2500000,2025-05-13 13:58:00,CRM,false
APP-202107,CL-426832,Кредит наличными,Мобильное приложение,Южный,800000,2025-01-15 09:42:00,CRM,false
APP-201687,CL-416531,Кредит наличными,Партнёрская сеть,Центральный,1200000,2025-08-02 15:22:00,АБС,false
APP-202219,CL-406636,Кредитная карта,Мобильное приложение,Приволжский,1200000,2025-04-09 10:37:00,CRM,false
APP-203344,CL-426103,Кредит для бизнеса,Партнёрская сеть,Приволжский,1200000,2025-07-13 09:24:00,CRM,false
APP-202189,CL-437663,Кредит наличными,Партнёрская сеть,Сибирский,150000,2025-04-08 14:51:00,АБС,false
APP-201710,CL-432673,Кредитная карта,Корпоративный менеджер,Сибирский,800000,2025-02-28 14:07:00,АБС,false
APP-200415,CL-437466,Автокредит,Корпоративный менеджер,Центральный,300000,2025-06-03 10:37:00,CRM,false
APP-200206,CL-439521,Автокредит,Мобильное приложение,Приволжский,1200000,2025-02-04 17:17:00,CRM,false
APP-200371,CL-456622,Кредит наличными,Отделение,Центральный,5000000,2025-06-06 09:02:00,CRM,false
APP-200605,CL-449037,Кредит наличными,Партнёрская сеть,Центральный,800000,2025-05-18 08:53:00,CRM,false
APP-201859,CL-419592,Кредитная карта,Отделение,Северо-Западный,800000,2025-03-25 14:23:00,АБС,false
APP-200595,CL-424172,Кредит наличными,Мобильное приложение,Приволжский,5000000,2025-01-24 14:37:00,АБС,false
APP-200743,CL-432826,Автокредит,Мобильное приложение,Южный,5000000,2025-03-13 17:36:00,CRM,false
APP-203030,CL-408553,Кредит наличными,Отделение,Центральный,2500000,2025-05-13 14:56:00,АБС,false
APP-201611,CL-400388,Кредит наличными,Корпоративный менеджер,Южный,800000,2025-01-16 11:52:00,АБС,false
APP-200911,CL-415139,Кредит наличными,Отделение,Сибирский,150000,2025-07-02 12:22:00,CRM,false
APP-200144,CL-456920,Кредитная карта,Мобильное приложение,Центральный,5000000,2025-04-11 08:26:00,CRM,false
APP-202803,CL-449903,Автокредит,Отделение,Приволжский,300000,2025-04-07 18:13:00,CRM,false
APP-201703,CL-414958,Автокредит,Партнёрская сеть,Северо-Западный,1200000,2025-02-19 15:14:00,АБС,false
APP-200506,CL-400245,Кредитная карта,Партнёрская сеть,Центральный,300000,2025-06-06 11:36:00,АБС,false
APP-200438,CL-419201,Кредитная карта,Мобильное приложение,Приволжский,300000,2025-01-15 13:21:00,АБС,false
APP-202876,CL-458755,Кредитная карта,Отделение,Приволжский,5000000,2025-07-17 15:19:00,CRM,false
APP-202374,CL-426230,Кредитная карта,Партнёрская сеть,Северо-Западный,800000,2025-04-19 19:52:00,АБС,false
APP-200971,CL-426019,Автокредит,Мобильное приложение,Центральный,150000,2025-04-29 12:36:00,АБС,false
APP-202138,CL-401430,Кредит для бизнеса,Партнёрская сеть,Приволжский,500000,2025-01-07 09:12:00,CRM,false
APP-200042,CL-459712,Кредит для бизнеса,Мобильное приложение,Северо-Западный,1200000,2025-07-01 08:15:00,CRM,false
APP-202719,CL-408689,Кредит наличными,Партнёрская сеть,Приволжский,300000,2025-06-06 08:20:00,АБС,false
APP-202938,CL-402706,Кредит наличными,Партнёрская сеть,Центральный,2500000,2025-03-20 12:38:00,АБС,false
APP-203558,CL-411009,Автокредит,Партнёрская сеть,Центральный,800000,2025-07-24 12:40:00,АБС,false
APP-200688,CL-408378,Кредит наличными,Партнёрская сеть,Сибирский,150000,2025-03-23 16:39:00,CRM,false
APP-200019,CL-400641,Кредитная карта,Корпоративный менеджер,Сибирский,500000,2025-03-21 16:07:00,АБС,false
APP-201576,CL-410446,Кредит наличными,Партнёрская сеть,Северо-Западный,150000,2025-05-30 14:53:00,АБС,false
APP-201308,CL-421053,Кредит наличными,Отделение,Северо-Западный,150000,2025-02-28 17:37:00,CRM,false
APP-201183,CL-432966,Автокредит,Мобильное приложение,Южный,2500000,2025-06-10 09:34:00,CRM,false
APP-203062,CL-409674,Кредит для бизнеса,Мобильное приложение,Сибирский,2500000,2025-07-18 12:31:00,АБС,false
APP-203510,CL-420407,Кредит для бизнеса,Корпоративный менеджер,Сибирский,2500000,2025-02-27 08:02:00,АБС,false
APP-202702,CL-TEST,Кредит для бизнеса,Мобильное приложение,Приволжский,150000,2025-02-01 10:56:00,АБС,true
APP-201842,CL-429248,Кредит для бизнеса,Корпоративный менеджер,Сибирский,500000,2025-01-12 10:49:00,АБС,false
APP-200687,CL-410838,Кредит для бизнеса,Мобильное приложение,Сибирский,500000,2025-03-02 18:51:00,CRM,false
APP-201474,CL-405304,Кредитная карта,Партнёрская сеть,Приволжский,5000000,2025-06-02 13:33:00,АБС,false
APP-202217,CL-459343,Кредит наличными,Партнёрская сеть,Приволжский,2500000,2025-06-15 16:29:00,АБС,false
APP-202590,CL-444421,Автокредит,Партнёрская сеть,Центральный,800000,2025-06-22 10:21:00,CRM,false
APP-201657,CL-414584,Кредит для бизнеса,Мобильное приложение,Сибирский,1200000,2025-01-07 17:23:00,CRM,false
APP-200185,CL-430817,Автокредит,Партнёрская сеть,Приволжский,800000,2025-06-23 10:37:00,CRM,false
APP-202442,CL-412749,Кредит для бизнеса,Партнёрская сеть,Центральный,300000,2025-04-21 19:04:00,CRM,false
APP-200389,CL-401683,Автокредит,Отделение,Приволжский,2500000,2025-03-04 15:24:00,АБС,false
APP-201112,CL-452086,Кредит наличными,Корпоративный менеджер,Сибирский,300000,2025-07-24 13:26:00,CRM,false
APP-202434,CL-435799,Кредит для бизнеса,Отделение,Северо-Западный,1200000,2025-05-03 17:39:00,CRM,false
APP-202591,CL-400954,Кредит наличными,Мобильное приложение,Южный,5000000,2025-04-02 12:51:00,АБС,false
APP-200712,CL-435324,Кредит наличными,Партнёрская сеть,Северо-Западный,150000,2025-01-21 16:20:00,CRM,false
APP-201081,CL-440728,Кредит наличными,Корпоративный менеджер,Сибирский,2500000,2025-02-01 16:30:00,CRM,false
APP-201774,CL-456292,Кредит наличными,Мобильное приложение,Центральный,500000,2025-06-13 14:21:00,CRM,false
APP-200692,CL-425799,Кредитная карта,Отделение,Центральный,500000,2025-04-30 11:52:00,CRM,false
APP-202814,CL-437362,Кредит для бизнеса,Партнёрская сеть,Приволжский,5000000,2025-04-21 19:50:00,АБС,false
APP-202437,CL-438961,Кредит наличными,Партнёрская сеть,Центральный,5000000,2025-05-03 10:58:00,АБС,false
APP-201820,CL-406847,Кредитная карта,Мобильное приложение,Сибирский,300000,2025-07-09 16:43:00,CRM,false
APP-200031,CL-453531,Кредит для бизнеса,Мобильное приложение,Северо-Западный,500000,2025-06-11 17:55:00,АБС,false
APP-202350,CL-446698,Кредит наличными,Корпоративный менеджер,Северо-Западный,500000,2025-04-10 17:18:00,CRM,false
APP-201625,CL-452007,Кредит для бизнеса,Партнёрская сеть,Центральный,2500000,2025-07-17 17:15:00,АБС,false
APP-202709,CL-405823,Кредит для бизнеса,Мобильное приложение,Приволжский,150000,2025-03-19 16:04:00,АБС,false
APP-202572,CL-406779,Кредит для бизнеса,Мобильное приложение,Центральный,2500000,2025-06-22 19:15:00,АБС,false
APP-202480,CL-440754,Кредит наличными,Мобильное приложение,Приволжский,1200000,2025-04-21 11:54:00,АБС,false
APP-202579,CL-420229,Кредит для бизнеса,Мобильное приложение,Сибирский,300000,2025-03-21 15:46:00,АБС,false
APP-200879,CL-440889,Автокредит,Корпоративный менеджер,Центральный,2500000,2025-06-24 18:21:00,АБС,false
APP-201462,CL-416812,Кредитная карта,Мобильное приложение,Северо-Западный,500000,2025-06-09 18:10:00,АБС,false
APP-200847,CL-400929,Кредит наличными,Мобильное приложение,Приволжский,300000,2025-07-29 19:40:00,АБС,false
APP-202584,CL-447891,Автокредит,Мобильное приложение,Приволжский,5000000,2025-04-19 18:58:00,АБС,false
APP-202502,CL-438129,Автокредит,Партнёрская сеть,Южный,150000,2025-04-19 16:33:00,CRM,false
APP-202789,CL-458635,Кредит наличными,Отделение,Центральный,800000,2025-01-14 14:57:00,CRM,false
APP-203226,CL-427098,Кредитная карта,Отделение,Приволжский,300000,2025-03-30 13:18:00,CRM,false
APP-201616,CL-422197,Кредитная карта,Корпоративный менеджер,Сибирский,800000,2025-07-02 11:48:00,CRM,false
APP-201776,CL-421442,Кредит для бизнеса,Мобильное приложение,Южный,300000,2025-06-15 08:21:00,CRM,false
APP-201047,CL-420857,Автокредит,Отделение,Сибирский,5000000,2025-03-24 08:55:00,АБС,false
APP-202818,CL-433460,Кредитная карта,Мобильное приложение,Центральный,300000,2025-05-18 18:03:00,АБС,false
APP-201121,CL-402888,Кредит наличными,Мобильное приложение,Северо-Западный,5000000,2025-06-08 12:05:00,CRM,false
APP-200893,CL-432234,Кредит наличными,Мобильное приложение,Центральный,300000,2025-03-06 10:26:00,АБС,false
APP-200279,CL-416351,Кредитная карта,Отделение,Северо-Западный,500000,2025-06-19 12:48:00,АБС,false
APP-202767,CL-437417,Кредит для бизнеса,Мобильное приложение,Центральный,300000,2025-04-15 10:53:00,АБС,false
APP-203307,CL-415442,Кредит наличными,Партнёрская сеть,Северо-Западный,150000,2025-07-20 15:26:00,АБС,false
APP-203229,CL-408094,Кредит наличными,Корпоративный менеджер,Центральный,150000,2025-07-10 09:46:00,CRM,false
APP-201755,CL-409740,Кредитная карта,Мобильное приложение,Приволжский,150000,2025-01-15 08:00:00,CRM,false
APP-203217,CL-440670,Кредитная карта,Корпоративный менеджер,Центральный,150000,2025-05-05 19:43:00,CRM,false
APP-201555,CL-417404,Кредит наличными,Мобильное приложение,Приволжский,800000,2025-07-15 17:16:00,CRM,false
APP-200818,CL-454227,Кредит наличными,Отделение,Южный,800000,2025-04-04 14:33:00,АБС,false
APP-201249,CL-405965,Кредит наличными,Отделение,Центральный,800000,2025-06-08 11:14:00,АБС,false
APP-200039,CL-419555,Кредит для бизнеса,Партнёрская сеть,Центральный,2500000,2025-06-23 18:22:00,CRM,false
APP-203495,CL-423291,Кредит наличными,Отделение,Южный,150000,2025-03-29 09:45:00,АБС,false
APP-202630,CL-445431,Кредит наличными,Партнёрская сеть,Северо-Западный,5000000,2025-05-17 09:58:00,АБС,false
APP-203282,CL-412443,Кредит наличными,Мобильное приложение,Центральный,1200000,2025-07-31 19:13:00,АБС,false
APP-203082,CL-403559,Кредит наличными,Отделение,Северо-Западный,500000,2025-07-28 08:26:00,АБС,false
APP-202133,CL-418884,Кредит наличными,Мобильное приложение,Северо-Западный,1200000,2025-02-16 19:19:00,CRM,false
APP-201569,CL-402437,Кредит наличными,Мобильное приложение,Сибирский,500000,2025-02-17 13:29:00,АБС,false
APP-200493,CL-410080,Кредитная карта,Отделение,Центральный,300000,2025-04-09 18:14:00,АБС,false
APP-201525,CL-456887,Кредит наличными,Партнёрская сеть,Приволжский,5000000,2025-06-03 19:42:00,CRM,false
APP-200542,CL-458112,Кредитная карта,Мобильное приложение,Центральный,2500000,2025-06-02 15:53:00,CRM,false
APP-201660,CL-447522,Кредитная карта,Отделение,Северо-Западный,150000,2025-06-11 12:08:00,АБС,false
APP-202393,CL-431118,Кредит для бизнеса,Отделение,Центральный,2500000,2025-06-08 19:27:00,CRM,false
APP-203425,CL-431064,Кредитная карта,Мобильное приложение,Центральный,150000,2025-07-25 10:58:00,CRM,false
APP-201934,CL-451947,Кредитная карта,Партнёрская сеть,Центральный,800000,2025-02-23 08:08:00,АБС,false
APP-200661,CL-443379,Кредит наличными,Отделение,Сибирский,1200000,2025-07-14 12:15:00,АБС,false
APP-203358,CL-427902,Кредит наличными,Партнёрская сеть,Приволжский,500000,2025-08-02 15:08:00,АБС,false
APP-202517,CL-414175,Кредит наличными,Партнёрская сеть,Сибирский,500000,2025-03-11 19:56:00,CRM,false
APP-201243,CL-410846,Кредит наличными,Партнёрская сеть,Приволжский,1200000,2025-01-31 16:37:00,CRM,false
APP-202528,CL-449053,Кредитная карта,Партнёрская сеть,Южный,150000,2025-03-19 10:04:00,АБС,false
APP-200032,CL-411339,Кредит наличными,Отделение,Центральный,800000,2025-05-30 14:20:00,CRM,false
APP-202176,CL-403562,Кредитная карта,Отделение,Центральный,300000,2025-06-14 14:15:00,CRM,false
APP-202310,CL-413740,Кредит для бизнеса,Мобильное приложение,Центральный,300000,2025-02-27 10:36:00,АБС,false
APP-202728,CL-415328,Кредит наличными,Мобильное приложение,Приволжский,1200000,2025-07-31 09:37:00,АБС,false
APP-201961,CL-440729,Автокредит,Мобильное приложение,Центральный,500000,2025-05-18 17:42:00,АБС,false
APP-200415,CL-437466,Автокредит,Корпоративный менеджер,Центральный,300000,2025-06-03 10:37:00,CRM,false
APP-202130,CL-413691,Кредитная карта,Мобильное приложение,Центральный,500000,2025-04-06 14:46:00,CRM,false
APP-200643,CL-415143,Кредит для бизнеса,Мобильное приложение,Приволжский,5000000,2025-05-09 15:26:00,CRM,false
APP-200808,CL-400181,Кредит наличными,Мобильное приложение,Приволжский,800000,2025-06-21 13:24:00,АБС,false
APP-200547,CL-404276,Кредитная карта,Отделение,Северо-Западный,2500000,2025-03-17 09:30:00,CRM,false
APP-202069,CL-453131,Кредит наличными,Мобильное приложение,Приволжский,300000,2025-02-20 10:41:00,АБС,false
APP-200043,CL-429978,Кредит наличными,Отделение,Северо-Западный,2500000,2025-01-14 11:37:00,АБС,false
APP-203543,CL-409289,Кредитная карта,Мобильное приложение,Центральный,500000,2025-04-29 09:59:00,АБС,false
APP-202098,CL-436246,Кредит наличными,Партнёрская сеть,Центральный,5000000,2025-03-01 19:36:00,АБС,false
APP-201003,CL-447401,Кредит для бизнеса,Отделение,Центральный,1200000,2025-06-04 12:36:00,CRM,false
APP-202159,CL-425934,Кредит наличными,Мобильное приложение,Северо-Западный,300000,2025-07-04 13:05:00,АБС,false
APP-202448,CL-401293,Кредит для бизнеса,Мобильное приложение,Центральный,300000,2025-03-30 08:13:00,АБС,false
APP-203457,CL-442213,Кредит наличными,Отделение,Приволжский,150000,2025-01-11 14:01:00,АБС,false
APP-200285,CL-408722,Кредитная карта,Мобильное приложение,Центральный,2500000,2025-02-28 11:37:00,CRM,false
APP-203433,CL-402586,Кредит для бизнеса,Отделение,Северо-Западный,300000,2025-01-18 09:59:00,АБС,false
APP-201971,CL-405923,Автокредит,Отделение,Центральный,800000,2025-04-16 11:53:00,CRM,false
APP-200543,CL-440917,Кредит наличными,Партнёрская сеть,Центральный,500000,2025-04-15 09:49:00,CRM,false
APP-202253,CL-407732,Кредит наличными,Мобильное приложение,Центральный,500000,2025-01-07 15:51:00,АБС,false
APP-202313,CL-415446,Кредитная карта,Отделение,Центральный,5000000,2025-01-31 13:19:00,АБС,false
APP-200934,CL-430955,Кредит для бизнеса,Партнёрская сеть,Центральный,500000,2025-07-07 16:45:00,АБС,false
APP-202692,CL-458441,Автокредит,Партнёрская сеть,Приволжский,300000,2025-03-16 08:28:00,АБС,false
APP-201356,CL-437740,Кредит для бизнеса,Корпоративный менеджер,Северо-Западный,300000,2025-06-23 12:56:00,АБС,false
APP-200860,CL-446351,Кредит для бизнеса,Мобильное приложение,Южный,5000000,2025-02-25 11:36:00,АБС,false
APP-201583,CL-425035,Кредит наличными,Партнёрская сеть,Приволжский,800000,2025-07-02 09:57:00,АБС,false
APP-200455,CL-416388,Кредитная карта,Корпоративный менеджер,Центральный,5000000,2025-06-22 16:47:00,АБС,false
APP-200625,CL-424912,Кредит наличными,Мобильное приложение,Сибирский,500000,2025-04-09 15:15:00,АБС,false
APP-200524,CL-406137,Автокредит,Мобильное приложение,Центральный,5000000,2025-01-16 12:11:00,CRM,false
APP-200987,CL-442910,Кредит наличными,Отделение,Приволжский,500000,2025-06-04 09:01:00,АБС,false
APP-201650,CL-433929,Кредит наличными,Отделение,Приволжский,1200000,2025-01-17 10:38:00,АБС,false
APP-200111,CL-411996,Кредитная карта,Партнёрская сеть,Приволжский,2500000,2025-05-05 12:15:00,CRM,false
APP-202489,CL-403512,Кредит наличными,Корпоративный менеджер,Центральный,1200000,2025-03-22 09:16:00,CRM,false
APP-203244,CL-413552,Кредитная карта,Партнёрская сеть,Сибирский,300000,2025-04-05 09:59:00,АБС,false
APP-203181,CL-441475,Кредит наличными,Партнёрская сеть,Северо-Западный,1200000,2025-06-14 08:13:00,АБС,false
APP-201613,CL-418901,Кредитная карта,Партнёрская сеть,Центральный,150000,2025-07-18 10:32:00,CRM,false
APP-203318,CL-418886,Автокредит,Отделение,Сибирский,800000,2025-02-18 15:50:00,CRM,false
APP-200114,CL-407773,Кредит наличными,Отделение,Сибирский,500000,2025-03-03 14:42:00,АБС,false
APP-203521,CL-432885,Кредит наличными,Партнёрская сеть,Сибирский,5000000,2025-02-18 17:12:00,АБС,false
APP-202465,CL-459674,Кредит наличными,Корпоративный менеджер,Южный,5000000,2025-07-07 09:33:00,АБС,false
APP-203021,CL-410768,Кредитная карта,Мобильное приложение,Приволжский,5000000,2025-01-28 13:34:00,АБС,false
APP-201343,CL-417728,Автокредит,Партнёрская сеть,Центральный,300000,2025-07-19 19:22:00,АБС,false
APP-202328,CL-445982,Кредит наличными,Партнёрская сеть,Приволжский,300000,2025-02-01 13:30:00,АБС,false
APP-202071,CL-427420,Кредит наличными,Партнёрская сеть,Южный,500000,2025-06-06 12:17:00,CRM,false
APP-201634,CL-455567,Автокредит,Мобильное приложение,Северо-Западный,800000,2025-05-18 17:07:00,АБС,false
APP-203440,CL-418788,Кредитная карта,Отделение,Приволжский,2500000,2025-02-26 17:22:00,CRM,false
APP-201924,CL-408765,Кредит наличными,Мобильное приложение,Центральный,500000,2025-01-12 12:09:00,CRM,false
APP-200479,CL-423485,Кредит наличными,Отделение,Северо-Западный,500000,2025-03-19 09:51:00,АБС,false
APP-202731,CL-450239,Кредит наличными,Мобильное приложение,Центральный,500000,2025-03-15 08:26:00,CRM,false
APP-201780,CL-404189,Кредит для бизнеса,Отделение,Южный,1200000,2025-02-21 08:52:00,CRM,false
APP-202578,CL-426621,Кредит наличными,Мобильное приложение,Центральный,800000,2025-03-15 12:47:00,CRM,false
APP-201572,CL-400041,Кредитная карта,Партнёрская сеть,Приволжский,2500000,2025-05-14 09:22:00,АБС,false
APP-202896,CL-452933,Кредит наличными,Партнёрская сеть,Приволжский,2500000,2025-07-06 14:18:00,CRM,false
APP-200923,CL-419059,Кредитная карта,Партнёрская сеть,Приволжский,150000,2025-08-02 10:27:00,CRM,false
APP-202716,CL-439649,Автокредит,Корпоративный менеджер,Центральный,1200000,2025-02-07 10:18:00,CRM,false
APP-202298,CL-440601,Кредит наличными,Мобильное приложение,Северо-Западный,2500000,2025-05-07 12:59:00,АБС,false
APP-202507,CL-419441,Автокредит,Мобильное приложение,Центральный,500000,2025-02-16 19:46:00,АБС,false
APP-200513,CL-441510,Кредит наличными,Мобильное приложение,Центральный,1200000,2025-06-07 17:44:00,CRM,false
APP-200756,CL-456448,Кредит для бизнеса,Мобильное приложение,Сибирский,1200000,2025-07-22 12:26:00,CRM,false
APP-200864,CL-434168,Кредитная карта,Корпоративный менеджер,Центральный,1200000,2025-05-06 11:59:00,АБС,false
APP-200401,CL-439828,Кредит наличными,Отделение,Северо-Западный,800000,2025-01-30 15:57:00,CRM,false
APP-201143,CL-443526,Кредитная карта,Отделение,Южный,150000,2025-06-21 16:58:00,CRM,false
APP-201208,CL-430242,Кредит наличными,Мобильное приложение,Приволжский,1200000,2025-04-24 15:18:00,АБС,false
APP-200974,CL-411261,Кредитная карта,Мобильное приложение,Приволжский,5000000,2025-05-21 08:23:00,АБС,false
APP-201031,CL-438825,Кредит наличными,Отделение,Центральный,500000,2025-02-13 10:41:00,АБС,false
APP-202745,CL-459045,Кредит для бизнеса,Отделение,Южный,150000,2025-02-05 08:32:00,АБС,false
APP-201388,CL-407536,Кредит для бизнеса,Отделение,Центральный,500000,2025-01-09 11:15:00,АБС,false
APP-202210,CL-405337,Кредит наличными,Отделение,Южный,1200000,2025-07-23 11:49:00,CRM,false
APP-202282,CL-437812,Автокредит,Мобильное приложение,Приволжский,2500000,2025-03-13 08:32:00,CRM,false
APP-202468,CL-445293,Кредит наличными,Корпоративный менеджер,Южный,800000,2025-01-28 09:04:00,CRM,false
APP-200715,CL-448469,Кредит для бизнеса,Отделение,Северо-Западный,300000,2025-04-27 09:52:00,АБС,false
APP-201979,CL-458938,Кредит наличными,Мобильное приложение,Центральный,500000,2025-07-24 10:08:00,АБС,false
