application_id,decision,decided_at,reason
APP-200000,Одобрено,2025-05-19 19:47:58,Одобрено
APP-200001,Одобрено,2025-07-28 16:16:01,Одобрено
APP-200002,Отказ,2025-02-14 22:15:55,Скоринговый балл ниже порога
APP-200003,Отказ,2025-02-05 03:13:22,Высокая долговая нагрузка
APP-200004,Отказ,2025-07-10 19:19:33,Высокая долговая нагрузка
APP-200005,Одобрено,2025-02-27 04:13:42,Одобрено
APP-200006,Отказ,2025-07-01 01:47:34,Скоринговый балл ниже порога
APP-200007,Отказ,2025-01-24 17:17:56,Скоринговый балл ниже порога
APP-200008,Одобрено,2025-05-09 10:02:04,Одобрено
APP-200009,Одобрено,2025-05-31 16:41:02,Одобрено
APP-200010,Одобрено,2025-01-16 07:45:45,Одобрено
APP-200011,Отказ,2025-03-16 01:29:56,Скоринговый балл ниже порога
APP-200012,Одобрено,2025-03-12 05:17:14,Одобрено
APP-200013,Отказ,2025-07-23 15:31:59,Скоринговый балл ниже порога
APP-200014,Одобрено,2025-02-28 07:22:58,Одобрено
APP-200015,Одобрено,2025-01-10 14:28:55,Одобрено
APP-200016,Отказ,2025-05-16 12:10:38,Клиент не явился за средствами
APP-200017,Отказ,2025-03-28 19:22:14,Скоринговый балл ниже порога
APP-200018,Одобрено,2025-04-12 20:36:47,Одобрено
APP-200019,Одобрено,2025-03-23 22:39:33,Одобрено
APP-200020,Одобрено,2025-02-05 22:32:40,Одобрено
APP-200021,Отказ,2025-07-27 15:53:30,Скоринговый балл ниже порога
APP-200022,Одобрено,2025-01-14 00:00:09,Одобрено
APP-200023,Отказ,2025-07-21 16:14:44,Высокая долговая нагрузка
APP-200024,Отказ,2025-05-03 23:55:07,Скоринговый балл ниже порога
APP-200025,Отказ,2025-02-01 12:45:38,Клиент отозвал заявку
APP-200026,Отказ,2025-06-08 10:26:17,Высокая долговая нагрузка
APP-200027,Отказ,2025-06-11 21:00:50,Клиент не явился за средствами
APP-200028,Отказ,2025-06-24 17:46:30,Скоринговый балл ниже порога
APP-200029,Одобрено,2025-04-17 11:06:01,Одобрено
APP-200030,Отказ,2025-06-30 04:26:31,Высокая долговая нагрузка
APP-200031,Одобрено,2025-06-13 08:18:18,Одобрено
APP-200032,Одобрено,2025-06-01 05:46:46,Одобрено
APP-200033,Отказ,2025-05-10 04:30:17,Высокая долговая нагрузка
APP-200034,Отказ,2025-02-19 09:44:50,Клиент отозвал заявку
APP-200035,Одобрено,2025-06-29 16:46:46,Одобрено
APP-200036,Отказ,2025-07-22 03:20:58,Высокая долговая нагрузка
APP-200037,Отказ,2025-01-22 14:51:15,Клиент отозвал заявку
APP-200038,Одобрено,2025-03-20 01:09:34,Одобрено
APP-200039,Одобрено,2025-06-28 22:11:45,Одобрено
APP-200040,Одобрено,2025-03-02 06:14:13,Одобрено
APP-200042,Отказ,2025-07-01 12:06:39,Скоринговый балл ниже порога
APP-200043,Отказ,2025-01-14 15:11:48,Скоринговый балл ниже порога
APP-200044,Одобрено,2025-05-26 03:52:40,Одобрено
APP-200045,Отказ,2025-01-27 12:45:04,Скоринговый балл ниже порога
APP-200046,Отказ,2025-02-05 18:21:29,Клиент не явился за средствами
APP-200047,Отказ,2025-07-02 21:14:31,Скоринговый балл ниже порога
APP-200048,Одобрено,2025-01-10 18:53:50,Одобрено
APP-200049,Отказ,2025-05-06 22:25:19,Клиент отозвал заявку
APP-200050,Отказ,2025-07-23 00:11:14,Скоринговый балл ниже порога
APP-200051,Одобрено,2025-08-04 18:15:55,Одобрено
APP-200052,Отказ,2025-04-28 16:04:37,Скоринговый балл ниже порога
APP-200053,Отказ,2025-06-26 06:53:08,Клиент отозвал заявку
APP-200054,Одобрено,2025-02-21 11:15:01,Одобрено
APP-200055,Одобрено,2025-06-18 11:44:39,Одобрено
APP-200056,Отказ,2025-04-07 01:00:09,Скоринговый балл ниже порога
APP-200057,Отказ,2025-06-02 15:48:00,Клиент не явился за средствами
APP-200058,Одобрено,2025-06-19 21:16:53,Одобрено
APP-200059,Одобрено,2025-03-24 08:37:28,Одобрено
APP-200060,Отказ,2025-06-11 15:08:52,Высокая долговая нагрузка
APP-200061,Отказ,2025-08-01 23:43:09,Высокая долговая нагрузка
APP-200062,Одобрено,2025-03-13 01:30:12,Одобрено
APP-200063,Одобрено,2025-08-01 11:53:13,Одобрено
APP-200064,Одобрено,2025-01-25 02:53:57,Одобрено
APP-200065,Одобрено,2025-01-16 17:52:23,Одобрено
APP-200066,Одобрено,2025-07-12 13:24:13,Одобрено
APP-200067,Отказ,2025-06-30 19:32:05,Высокая долговая нагрузка
APP-200068,Одобрено,2025-02-13 10:20:44,Одобрено
APP-200069,Одобрено,2025-03-02 09:40:26,Одобрено
APP-200070,Отказ,2025-05-07 21:26:59,Высокая долговая нагрузка
APP-200071,Одобрено,2025-03-18 12:46:46,Одобрено
APP-200072,Одобрено,2025-04-08 17:15:33,Одобрено
APP-200073,Одобрено,2025-05-01 04:35:56,Одобрено
APP-200074,Отказ,2025-02-26 01:35:48,Клиент отозвал заявку
APP-200075,Одобрено,2025-03-12 22:31:19,Одобрено
APP-200076,Одобрено,2025-05-15 09:43:33,Одобрено
APP-200077,Одобрено,2025-03-24 16:26:39,Одобрено
APP-200078,Отказ,2025-03-06 23:00:59,Скоринговый балл ниже порога
APP-200079,Отказ,2025-04-05 03:42:32,Высокая долговая нагрузка
APP-200080,Одобрено,2025-02-08 02:28:26,Одобрено
APP-200081,Одобрено,2025-02-25 18:56:25,TEST
APP-200082,Одобрено,2025-05-31 02:16:31,Одобрено
APP-200083,Одобрено,2025-03-16 04:20:40,Одобрено
APP-200084,Отказ,2025-06-02 18:49:33,Клиент отозвал заявку
APP-200085,Отказ,2025-03-26 19:33:37,Клиент не явился за средствами
APP-200086,Отказ,2025-02-24 23:36:34,Высокая долговая нагрузка
APP-200087,Одобрено,2025-07-27 04:00:17,Одобрено
APP-200088,Одобрено,2025-07-02 22:53:35,Одобрено
APP-200089,Одобрено,2025-06-24 13:47:14,Одобрено
APP-200090,Одобрено,2025-06-03 10:14:00,Одобрено
APP-200091,Отказ,2025-02-14 18:54:51,Клиент не явился за средствами
APP-200092,Одобрено,2025-05-05 11:56:22,TEST
APP-200093,Одобрено,2025-05-22 15:12:06,Одобрено
APP-200094,Отказ,2025-06-24 10:06:14,Клиент не явился за средствами
APP-200095,Одобрено,2025-01-16 00:11:45,Одобрено
APP-200096,Одобрено,2025-05-02 16:02:21,Одобрено
APP-200097,Одобрено,2025-04-13 14:54:19,Одобрено
APP-200098,Одобрено,2025-01-11 21:47:26,Одобрено
APP-200099,Одобрено,2025-01-20 18:24:21,Одобрено
APP-200100,Одобрено,2025-05-07 07:32:26,Одобрено
APP-200101,Одобрено,2025-05-10 18:13:20,Одобрено
APP-200102,Отказ,2025-01-12 21:11:54,Высокая долговая нагрузка
APP-200103,Одобрено,2025-04-17 12:46:22,Одобрено
APP-200104,Одобрено,2025-05-03 21:58:12,Одобрено
APP-200105,Одобрено,2025-06-15 20:17:52,Одобрено
APP-200106,Одобрено,2025-04-05 15:17:10,Одобрено
APP-200107,Отказ,2025-03-10 14:53:10,Неполный пакет документов
APP-200108,Отказ,2025-03-27 20:52:39,Неполный пакет документов
APP-200109,Одобрено,2025-05-22 03:15:56,Одобрено
APP-200110,Отказ,2025-04-08 23:20:00,Клиент отозвал заявку
APP-200111,Отказ,2025-05-08 17:58:38,Высокая долговая нагрузка
APP-200112,Отказ,2025-01-26 16:58:46,Клиент не явился за средствами
APP-200113,Одобрено,2025-05-23 03:09:09,Одобрено
APP-200114,Отказ,2025-03-05 23:25:57,Клиент не явился за средствами
APP-200115,Одобрено,2025-06-20 09:31:38,Одобрено
APP-200116,Отказ,2025-05-30 02:06:44,Скоринговый балл ниже порога
APP-200117,Отказ,2025-06-28 13:50:37,Скоринговый балл ниже порога
APP-200118,Одобрено,2025-04-26 05:35:09,Одобрено
APP-200119,Отказ,2025-03-07 18:17:17,Скоринговый балл ниже порога
APP-200120,Отказ,2025-03-25 12:43:39,Скоринговый балл ниже порога
APP-200121,Отказ,2025-05-12 20:24:22,Скоринговый балл ниже порога
APP-200122,Одобрено,2025-05-23 22:29:22,TEST
APP-200123,Одобрено,2025-03-12 06:56:46,Одобрено
APP-200124,Одобрено,2025-07-18 03:28:53,Одобрено
APP-200125,Одобрено,2025-04-29 04:40:42,Одобрено
APP-200126,Отказ,2025-06-21 14:11:32,Клиент не явился за средствами
APP-200127,Одобрено,2025-03-13 23:14:21,Одобрено
APP-200128,Отказ,2025-02-16 18:13:46,Скоринговый балл ниже порога
APP-200129,Отказ,2025-03-25 17:09:55,Клиент не явился за средствами
APP-200130,Отказ,2025-05-17 01:40:04,Высокая долговая нагрузка
APP-200131,Одобрено,2025-02-16 11:34:06,Одобрено
APP-200132,Одобрено,2025-02-24 05:07:42,Одобрено
APP-200133,Одобрено,2025-03-06 12:14:39,Одобрено
APP-200134,Отказ,2025-05-18 17:44:22,Скоринговый балл ниже порога
APP-200135,Одобрено,2025-03-02 14:03:02,Одобрено
APP-200136,Отказ,2025-08-01 17:19:43,Высокая долговая нагрузка
APP-200137,Одобрено,2025-04-07 10:34:50,Одобрено
APP-200138,Отказ,2025-01-18 04:18:48,Клиент отозвал заявку
APP-200139,Одобрено,2025-06-04 10:56:50,Одобрено
APP-200140,Отказ,2025-04-04 10:08:42,Высокая долговая нагрузка
APP-200141,Одобрено,2025-05-16 03:33:18,Одобрено
APP-200142,Отказ,2025-03-10 05:30:37,Клиент не явился за средствами
APP-200143,Одобрено,2025-04-14 08:58:07,Одобрено
APP-200144,Отказ,2025-04-17 00:14:05,Клиент не явился за средствами
APP-200145,Одобрено,2025-06-01 05:24:47,Одобрено
APP-200146,Одобрено,2025-05-02 02:11:43,Одобрено
APP-200147,Одобрено,2025-01-16 06:05:35,Одобрено
APP-200148,Одобрено,2025-01-31 06:56:52,Одобрено
APP-200149,Отказ,2025-07-27 02:11:04,Скоринговый балл ниже порога
APP-200150,Отказ,2025-04-16 20:43:10,Скоринговый балл ниже порога
APP-200151,Одобрено,2025-07-04 07:00:47,Одобрено
APP-200152,Одобрено,2025-07-22 15:11:43,Одобрено
APP-200153,Отказ,2025-01-28 00:40:40,Скоринговый балл ниже порога
APP-200154,Отказ,2025-01-11 20:13:47,Высокая долговая нагрузка
APP-200155,Отказ,2025-07-09 06:59:00,Клиент отозвал заявку
APP-200156,Одобрено,2025-01-25 17:07:16,Одобрено
APP-200157,Отказ,2025-04-06 21:14:31,Высокая долговая нагрузка
APP-200158,Одобрено,2025-01-30 01:50:14,Одобрено
APP-200159,Отказ,2025-02-04 22:03:29,Скоринговый балл ниже порога
APP-200160,Отказ,2025-03-04 01:26:41,Скоринговый балл ниже порога
APP-200161,Одобрено,2025-03-12 23:44:38,Одобрено
APP-200162,Одобрено,2025-02-22 12:36:46,Одобрено
APP-200163,Отказ,2025-05-07 12:43:34,Высокая долговая нагрузка
APP-200164,Отказ,2025-02-09 16:34:52,Скоринговый балл ниже порога
APP-200165,Одобрено,2025-02-06 13:02:12,Одобрено
APP-200166,Отказ,2025-02-26 04:29:30,Высокая долговая нагрузка
APP-200167,Одобрено,2025-07-11 09:25:47,Одобрено
APP-200168,Отказ,2025-05-04 00:06:25,Высокая долговая нагрузка
APP-200169,Отказ,2025-05-16 04:50:42,Скоринговый балл ниже порога
APP-200170,Отказ,2025-07-04 19:23:13,Скоринговый балл ниже порога
APP-200171,Отказ,2025-08-03 12:37:47,Неполный пакет документов
APP-200172,Одобрено,2025-07-18 01:03:46,TEST
APP-200173,Отказ,2025-05-16 13:59:18,Скоринговый балл ниже порога
APP-200174,Одобрено,2025-03-06 18:57:19,TEST
APP-200175,Отказ,2025-03-22 19:50:02,Скоринговый балл ниже порога
APP-200176,Одобрено,2025-02-15 03:39:54,Одобрено
APP-200177,Одобрено,2025-01-18 03:33:11,Одобрено
APP-200178,Одобрено,2025-03-15 09:59:36,Одобрено
APP-200179,Одобрено,2025-04-05 05:38:40,Одобрено
APP-200180,Одобрено,2025-04-01 22:15:34,Одобрено
APP-200181,Одобрено,2025-06-27 23:10:49,Одобрено
APP-200182,Одобрено,2025-06-08 05:08:24,Одобрено
APP-200183,Одобрено,2025-05-15 00:21:19,Одобрено
APP-200184,Отказ,2025-05-06 20:57:45,Скоринговый балл ниже порога
APP-200185,Отказ,2025-06-23 14:54:00,Скоринговый балл ниже порога
APP-200186,Отказ,2025-05-21 02:30:52,Высокая долговая нагрузка
APP-200187,Отказ,2025-05-02 18:44:20,Скоринговый балл ниже порога
APP-200188,Одобрено,2025-04-16 03:01:33,Одобрено
APP-200189,Одобрено,2025-02-24 17:34:22,Одобрено
APP-200190,Отказ,2025-02-18 02:19:28,Неполный пакет документов
APP-200192,Одобрено,2025-07-11 16:53:34,Одобрено
APP-200193,Отказ,2025-05-12 11:18:44,Неполный пакет документов
APP-200194,Отказ,2025-07-08 16:00:43,Скоринговый балл ниже порога
APP-200195,Одобрено,2025-06-01 03:03:16,Одобрено
APP-200196,Одобрено,2025-02-04 07:04:21,Одобрено
APP-200197,Одобрено,2025-06-17 22:42:35,Одобрено
APP-200198,Одобрено,2025-07-10 14:50:51,TEST
APP-200199,Одобрено,2025-02-19 03:46:25,Одобрено
APP-200200,Отказ,2025-07-13 05:27:09,Высокая долговая нагрузка
APP-200201,Отказ,2025-03-29 14:49:07,Скоринговый балл ниже порога
APP-200202,Одобрено,2025-03-27 12:53:02,Одобрено
APP-200203,Одобрено,2025-04-10 15:33:35,TEST
APP-200204,Одобрено,2025-08-04 09:40:27,Одобрено
APP-200205,Отказ,2025-06-10 16:50:21,Скоринговый балл ниже порога
APP-200206,Отказ,2025-02-05 00:19:22,Скоринговый балл ниже порога
APP-200207,Отказ,2025-01-21 18:22:14,Скоринговый балл ниже порога
APP-200208,Одобрено,2025-06-16 10:09:58,Одобрено
APP-200209,Отказ,2025-07-11 20:50:22,Неполный пакет документов
APP-200210,Одобрено,2025-04-25 13:24:32,Одобрено
APP-200211,Одобрено,2025-06-12 22:05:23,Одобрено
APP-200212,Отказ,2025-03-29 07:04:20,Клиент не явился за средствами
APP-200213,Отказ,2025-06-06 18:45:57,Скоринговый балл ниже порога
APP-200214,Отказ,2025-08-04 02:17:58,Скоринговый балл ниже порога
APP-200215,Одобрено,2025-01-11 00:28:30,Одобрено
APP-200216,Одобрено,2025-06-17 15:16:26,Одобрено
APP-200217,Отказ,2025-05-17 17:13:37,Клиент отозвал заявку
APP-200218,Отказ,2025-02-12 21:04:10,Скоринговый балл ниже порога
APP-200219,Одобрено,2025-02-28 05:59:03,Одобрено
APP-200220,Отказ,2025-03-12 15:56:20,Клиент не явился за средствами
APP-200221,Отказ,2025-01-27 10:07:42,Высокая долговая нагрузка
APP-200222,Одобрено,2025-05-10 10:58:03,Одобрено
APP-200223,Одобрено,2025-07-05 08:55:19,Одобрено
APP-200224,Одобрено,2025-01-22 03:02:46,Одобрено
APP-200225,Одобрено,2025-05-05 04:50:37,Одобрено
APP-200226,Отказ,2025-05-31 06:39:33,Высокая долговая нагрузка
APP-200227,Отказ,2025-02-06 20:14:18,Скоринговый балл ниже порога
APP-200228,Одобрено,2025-01-20 04:28:22,Одобрено
APP-200229,Одобрено,2025-03-28 12:51:47,Одобрено
APP-200230,Одобрено,2025-03-09 14:24:23,Одобрено
APP-200231,Отказ,2025-05-21 03:42:51,Клиент отозвал заявку
APP-200232,Одобрено,2025-03-15 08:26:26,Одобрено
APP-200233,Одобрено,2025-02-07 15:08:26,Одобрено
APP-200234,Отказ,2025-04-04 07:03:29,Клиент отозвал заявку
APP-200235,Одобрено,2025-07-05 10:42:44,Одобрено
APP-200236,Одобрено,2025-04-10 03:27:20,Одобрено
APP-200237,Отказ,2025-06-25 13:02:56,Клиент не явился за средствами
APP-200238,Одобрено,2025-01-22 07:25:38,Одобрено
APP-200239,Отказ,2025-02-18 02:08:53,Скоринговый балл ниже порога
APP-200240,Отказ,2025-05-03 16:30:46,Скоринговый балл ниже порога
APP-200241,Одобрено,2025-05-26 03:53:11,Одобрено
APP-200242,Отказ,2025-03-22 14:05:16,Клиент отозвал заявку
APP-200243,Отказ,2025-05-14 14:26:21,Высокая долговая нагрузка
APP-200244,Отказ,2025-06-12 19:15:47,Скоринговый балл ниже порога
APP-200245,Отказ,2025-04-28 05:56:53,Высокая долговая нагрузка
APP-200246,Одобрено,2025-03-06 20:39:14,Одобрено
APP-200247,Одобрено,2025-03-13 15:34:23,Одобрено
APP-200248,Одобрено,2025-01-22 20:26:58,Одобрено
APP-200249,Отказ,2025-07-07 17:12:26,Высокая долговая нагрузка
APP-200250,Одобрено,2025-01-27 03:03:06,Одобрено
APP-200251,Отказ,2025-02-18 19:03:27,Скоринговый балл ниже порога
APP-200252,Одобрено,2025-06-04 12:47:27,Одобрено
APP-200254,Одобрено,2025-02-04 21:23:15,Одобрено
APP-200255,Одобрено,2025-07-28 21:17:58,Одобрено
APP-200256,Одобрено,2025-02-18 06:45:46,Одобрено
APP-200257,Одобрено,2025-07-07 01:23:27,Одобрено
APP-200258,Отказ,2025-07-20 03:57:48,Клиент не явился за средствами
APP-200259,Одобрено,2025-07-04 08:33:05,Одобрено
APP-200260,Отказ,2025-04-30 16:39:15,Неполный пакет документов
APP-200261,Одобрено,2025-01-25 04:31:42,Одобрено
APP-200262,Отказ,2025-06-17 05:57:43,Высокая долговая нагрузка
APP-200263,Отказ,2025-01-11 17:43:00,Скоринговый балл ниже порога
APP-200264,Отказ,2025-07-11 02:44:34,Скоринговый балл ниже порога
APP-200265,Одобрено,2025-05-28 08:02:01,Одобрено
APP-200266,Одобрено,2025-02-20 00:29:20,Одобрено
APP-200267,Одобрено,2025-03-01 16:59:23,Одобрено
APP-200268,Отказ,2025-04-10 11:10:48,Высокая долговая нагрузка
APP-200269,Одобрено,2025-01-15 01:45:15,Одобрено
APP-200270,Отказ,2025-06-21 17:23:42,Скоринговый балл ниже порога
APP-200271,Отказ,2025-03-21 19:03:06,Неполный пакет документов
APP-200272,Отказ,2025-06-01 14:40:46,Высокая долговая нагрузка
APP-200273,Отказ,2025-06-30 20:10:41,Высокая долговая нагрузка
APP-200274,Отказ,2025-05-27 13:12:09,Скоринговый балл ниже порога
APP-200275,Одобрено,2025-03-09 16:36:33,Одобрено
APP-200276,Отказ,2025-05-26 01:58:02,Высокая долговая нагрузка
APP-200277,Одобрено,2025-07-17 06:01:36,Одобрено
APP-200278,Отказ,2025-06-01 13:07:41,Клиент не явился за средствами
APP-200279,Отказ,2025-06-20 18:57:11,Высокая долговая нагрузка
APP-200280,Отказ,2025-07-10 13:38:09,Скоринговый балл ниже порога
APP-200281,Одобрено,2025-01-11 02:12:49,Одобрено
APP-200282,Отказ,2025-03-13 12:17:18,Скоринговый балл ниже порога
APP-200283,Одобрено,2025-02-15 02:31:35,Одобрено
APP-200284,Отказ,2025-07-22 02:17:14,Высокая долговая нагрузка
APP-200285,Отказ,2025-02-28 16:53:30,Скоринговый балл ниже порога
APP-200286,Отказ,2025-04-26 03:23:36,Высокая долговая нагрузка
APP-200287,Одобрено,2025-06-15 05:18:51,Одобрено
APP-200288,Отказ,2025-06-07 20:01:36,Высокая долговая нагрузка
APP-200289,Отказ,2025-05-17 17:22:41,Клиент не явился за средствами
APP-200290,Отказ,2025-02-02 12:45:25,Клиент не явился за средствами
APP-200291,Одобрено,2025-04-25 12:12:31,Одобрено
APP-200292,Отказ,2025-02-10 01:25:19,Клиент не явился за средствами
APP-200293,Одобрено,2025-06-14 11:09:55,Одобрено
APP-200294,Отказ,2025-04-04 22:01:49,Скоринговый балл ниже порога
APP-200295,Отказ,2025-05-15 11:39:25,Клиент отозвал заявку
APP-200296,Отказ,2025-07-31 18:17:49,Скоринговый балл ниже порога
APP-200297,Одобрено,2025-02-25 01:59:27,Одобрено
APP-200298,Отказ,2025-07-18 12:34:38,Высокая долговая нагрузка
APP-200299,Отказ,2025-02-24 19:33:01,Скоринговый балл ниже порога
APP-200300,Отказ,2025-01-28 19:54:04,Скоринговый балл ниже порога
APP-200301,Одобрено,2025-04-29 21:53:32,Одобрено
APP-200302,Отказ,2025-03-15 22:35:28,Скоринговый балл ниже порога
APP-200303,Одобрено,2025-05-26 11:54:41,Одобрено
APP-200304,Отказ,2025-02-21 05:19:39,Высокая долговая нагрузка
APP-200305,Отказ,2025-05-10 23:02:50,Клиент отозвал заявку
APP-200306,Одобрено,2025-02-01 20:52:23,Одобрено
APP-200307,Одобрено,2025-02-08 17:58:20,Одобрено
APP-200308,Отказ,2025-06-14 14:30:49,Скоринговый балл ниже порога
APP-200309,Отказ,2025-07-31 05:12:33,Высокая долговая нагрузка
APP-200310,Одобрено,2025-04-13 18:45:16,Одобрено
APP-200311,Отказ,2025-05-15 17:51:35,Высокая долговая нагрузка
APP-200312,Одобрено,2025-03-12 02:19:57,Одобрено
APP-200313,Одобрено,2025-07-01 21:41:54,Одобрено
APP-200314,Одобрено,2025-06-22 09:23:56,Одобрено
APP-200315,Одобрено,2025-07-27 21:18:13,Одобрено
APP-200316,Одобрено,2025-02-26 12:14:54,Одобрено
APP-200317,Отказ,2025-03-26 12:47:30,Неполный пакет документов
APP-200319,Отказ,2025-01-15 05:58:11,Высокая долговая нагрузка
APP-200320,Одобрено,2025-05-24 00:51:25,Одобрено
APP-200321,Одобрено,2025-05-21 18:22:52,Одобрено
APP-200322,Отказ,2025-05-15 15:08:41,Неполный пакет документов
APP-200323,Одобрено,2025-06-17 11:30:11,Одобрено
APP-200324,Отказ,2025-01-09 12:57:55,Неполный пакет документов
APP-200325,Одобрено,2025-06-19 22:45:28,Одобрено
APP-200326,Отказ,2025-04-27 23:52:27,Клиент не явился за средствами
APP-200327,Отказ,2025-07-17 17:12:23,Скоринговый балл ниже порога
APP-200328,Отказ,2025-02-14 10:19:00,Высокая долговая нагрузка
APP-200329,Отказ,2025-01-26 14:16:49,Скоринговый балл ниже порога
APP-200330,Отказ,2025-06-21 10:12:47,Высокая долговая нагрузка
APP-200331,Одобрено,2025-01-29 21:50:27,Одобрено
APP-200332,Одобрено,2025-03-10 23:18:26,Одобрено
APP-200333,Отказ,2025-01-22 07:47:27,Клиент не явился за средствами
APP-200334,Отказ,2025-07-22 14:25:47,Скоринговый балл ниже порога
APP-200335,Отказ,2025-07-01 17:32:13,Клиент не явился за средствами
APP-200336,Одобрено,2025-02-17 11:18:59,Одобрено
APP-200337,Отказ,2025-03-12 22:37:36,Высокая долговая нагрузка
APP-200338,Отказ,2025-03-04 19:15:05,Скоринговый балл ниже порога
APP-200339,Отказ,2025-03-18 13:46:39,Высокая долговая нагрузка
APP-200340,Одобрено,2025-07-24 16:10:19,Одобрено
APP-200341,Одобрено,2025-06-08 07:27:14,Одобрено
APP-200342,Одобрено,2025-07-31 17:31:42,Одобрено
APP-200343,Отказ,2025-06-13 22:33:14,Скоринговый балл ниже порога
APP-200344,Одобрено,2025-03-03 16:22:29,Одобрено
APP-200345,Одобрено,2025-07-11 14:23:30,Одобрено
APP-200346,Одобрено,2025-03-11 11:30:52,Одобрено
APP-200347,Отказ,2025-04-15 07:47:56,Клиент не явился за средствами
APP-200348,Отказ,2025-02-24 22:09:41,Высокая долговая нагрузка
APP-200349,Отказ,2025-07-14 15:18:44,Скоринговый балл ниже порога
APP-200350,Одобрено,2025-01-23 18:56:20,Одобрено
APP-200351,Одобрено,2025-07-29 02:54:27,Одобрено
APP-200352,Одобрено,2025-05-05 02:59:14,Одобрено
APP-200353,Одобрено,2025-04-08 14:44:24,Одобрено
APP-200354,Одобрено,2025-04-04 21:16:08,Одобрено
APP-200355,Отказ,2025-01-28 17:12:24,Неполный пакет документов
APP-200357,Одобрено,2025-05-30 18:08:26,Одобрено
APP-200358,Отказ,2025-01-29 13:31:40,Неполный пакет документов
APP-200359,Одобрено,2025-07-18 10:39:03,Одобрено
APP-200360,Одобрено,2025-04-28 07:30:18,Одобрено
APP-200361,Отказ,2025-02-04 01:41:42,Скоринговый балл ниже порога
APP-200362,Отказ,2025-06-03 15:02:43,Неполный пакет документов
APP-200363,Отказ,2025-04-30 16:24:03,Скоринговый балл ниже порога
APP-200364,Одобрено,2025-05-05 23:29:32,Одобрено
APP-200366,Отказ,2025-06-09 03:07:13,Высокая долговая нагрузка
APP-200367,Отказ,2025-03-29 22:31:01,Скоринговый балл ниже порога
APP-200368,Одобрено,2025-03-26 03:51:34,Одобрено
APP-200369,Отказ,2025-04-19 22:18:44,Клиент отозвал заявку
APP-200370,Отказ,2025-05-10 16:15:39,Высокая долговая нагрузка
APP-200371,Одобрено,2025-06-09 03:04:23,Одобрено
APP-200372,Отказ,2025-05-01 07:22:07,Высокая долговая нагрузка
APP-200373,Отказ,2025-06-29 02:51:03,Клиент не явился за средствами
APP-200374,Отказ,2025-05-10 20:57:07,Скоринговый балл ниже порога
APP-200375,Одобрено,2025-03-10 21:04:21,Одобрено
APP-200376,Отказ,2025-05-05 00:28:43,Скоринговый балл ниже порога
APP-200377,Отказ,2025-04-19 23:52:06,Скоринговый балл ниже порога
APP-200378,Одобрено,2025-03-10 01:48:30,Одобрено
APP-200379,Одобрено,2025-04-18 20:24:54,Одобрено
APP-200380,Отказ,2025-07-01 01:29:43,Высокая долговая нагрузка
APP-200381,Отказ,2025-03-18 13:47:08,Скоринговый балл ниже порога
APP-200382,Одобрено,2025-03-25 11:29:29,Одобрено
APP-200383,Одобрено,2025-04-29 14:42:06,Одобрено
APP-200384,Отказ,2025-04-28 13:41:25,Клиент отозвал заявку
APP-200385,Одобрено,2025-02-18 08:35:07,Одобрено
APP-200386,Одобрено,2025-03-12 05:15:49,Одобрено
APP-200387,Одобрено,2025-04-30 05:02:36,Одобрено
APP-200388,Одобрено,2025-04-08 23:03:53,Одобрено
APP-200389,Отказ,2025-03-08 21:16:30,Клиент не явился за средствами
APP-200390,Отказ,2025-05-14 10:11:30,Клиент не явился за средствами
APP-200391,Отказ,2025-07-24 14:47:57,Клиент не явился за средствами
APP-200392,Отказ,2025-06-07 22:07:04,Высокая долговая нагрузка
APP-200393,Отказ,2025-04-05 02:59:55,Скоринговый балл ниже порога
APP-200394,Одобрено,2025-07-31 03:59:43,Одобрено
APP-200395,Отказ,2025-05-07 23:45:51,Скоринговый балл ниже порога
APP-200396,Отказ,2025-06-04 09:37:36,Клиент отозвал заявку
APP-200397,Одобрено,2025-03-15 00:17:13,Одобрено
APP-200398,Одобрено,2025-02-04 01:12:45,Одобрено
APP-200399,Одобрено,2025-02-12 22:36:42,Одобрено
APP-200400,Одобрено,2025-02-02 19:55:54,Одобрено
APP-200401,Одобрено,2025-02-03 23:03:08,Одобрено
APP-200402,Одобрено,2025-04-23 00:14:13,Одобрено
APP-200403,Одобрено,2025-04-11 20:35:35,Одобрено
APP-200404,Одобрено,2025-06-20 07:59:16,Одобрено
APP-200405,Одобрено,2025-05-02 05:03:54,Одобрено
APP-200406,Отказ,2025-07-03 20:19:21,Скоринговый балл ниже порога
APP-200407,Отказ,2025-06-12 02:57:08,Высокая долговая нагрузка
APP-200408,Одобрено,2025-06-28 06:11:17,Одобрено
APP-200409,Одобрено,2025-04-08 13:55:42,Одобрено
APP-200410,Отказ,2025-04-20 04:01:55,Высокая долговая нагрузка
APP-200411,Отказ,2025-06-30 13:33:12,Высокая долговая нагрузка
APP-200412,Отказ,2025-06-27 01:25:27,Высокая долговая нагрузка
APP-200413,Отказ,2025-05-22 21:50:05,Скоринговый балл ниже порога
APP-200414,Отказ,2025-03-18 18:28:20,Клиент отозвал заявку
APP-200415,Отказ,2025-06-03 15:51:53,Скоринговый балл ниже порога
APP-200416,Одобрено,2025-05-08 18:48:03,Одобрено
APP-200417,Одобрено,2025-06-24 16:27:44,Одобрено
APP-200418,Одобрено,2025-02-28 08:42:05,Одобрено
APP-200419,Одобрено,2025-07-20 20:56:43,Одобрено
APP-200420,Отказ,2025-02-12 15:33:28,Высокая долговая нагрузка
APP-200421,Отказ,2025-06-02 05:36:04,Клиент не явился за средствами
APP-200422,Одобрено,2025-01-27 09:42:22,Одобрено
APP-200423,Одобрено,2025-07-23 10:22:15,Одобрено
APP-200424,Отказ,2025-04-04 15:18:25,Скоринговый балл ниже порога
APP-200425,Одобрено,2025-07-07 15:36:57,Одобрено
APP-200426,Отказ,2025-07-17 03:24:15,Клиент не явился за средствами
APP-200427,Отказ,2025-08-02 22:16:30,Высокая долговая нагрузка
APP-200428,Одобрено,2025-07-17 03:20:12,Одобрено
APP-200429,Отказ,2025-03-29 17:15:42,Скоринговый балл ниже порога
APP-200430,Отказ,2025-01-18 11:08:44,Высокая долговая нагрузка
APP-200431,Отказ,2025-02-08 21:03:48,Высокая долговая нагрузка
APP-200432,Одобрено,2025-04-29 15:07:11,Одобрено
APP-200433,Одобрено,2025-06-05 10:22:20,Одобрено
APP-200434,Отказ,2025-04-17 16:29:31,Высокая долговая нагрузка
APP-200435,Одобрено,2025-02-27 13:47:56,TEST
APP-200436,Отказ,2025-06-10 19:26:04,Скоринговый балл ниже порога
APP-200437,Отказ,2025-01-25 05:42:07,Высокая долговая нагрузка
APP-200438,Отказ,2025-01-15 18:27:00,Скоринговый балл ниже порога
APP-200439,Одобрено,2025-07-08 15:59:42,Одобрено
APP-200440,Отказ,2025-08-03 09:21:30,Высокая долговая нагрузка
APP-200441,Отказ,2025-02-12 03:25:46,Скоринговый балл ниже порога
APP-200442,Отказ,2025-06-10 16:06:03,Клиент отозвал заявку
APP-200443,Отказ,2025-07-09 23:23:52,Скоринговый балл ниже порога
APP-200444,Одобрено,2025-02-13 15:22:13,Одобрено
APP-200445,Отказ,2025-01-21 04:54:16,Клиент не явился за средствами
APP-200446,Отказ,2025-05-11 18:55:26,Клиент не явился за средствами
APP-200447,Отказ,2025-06-17 11:34:53,Высокая долговая нагрузка
APP-200448,Отказ,2025-01-21 20:33:20,Высокая долговая нагрузка
APP-200449,Отказ,2025-03-15 15:44:39,Высокая долговая нагрузка
APP-200450,Одобрено,2025-02-21 00:41:24,Одобрено
APP-200451,Одобрено,2025-07-05 03:48:55,Одобрено
APP-200452,Одобрено,2025-03-28 23:03:34,Одобрено
APP-200453,Отказ,2025-07-21 15:23:15,Скоринговый балл ниже порога
APP-200454,Отказ,2025-02-19 21:44:59,Высокая долговая нагрузка
APP-200456,Отказ,2025-01-26 12:38:33,Клиент отозвал заявку
APP-200457,Отказ,2025-01-17 16:51:52,Скоринговый балл ниже порога
APP-200458,Одобрено,2025-06-09 02:34:45,Одобрено
APP-200459,Одобрено,2025-02-26 02:10:46,Одобрено
APP-200460,Одобрено,2025-02-02 06:28:28,Одобрено
APP-200461,Одобрено,2025-02-22 00:55:20,Одобрено
APP-200462,Одобрено,2025-01-23 01:23:08,Одобрено
APP-200463,Одобрено,2025-04-19 17:35:53,Одобрено
APP-200464,Отказ,2025-07-11 18:21:34,Клиент не явился за средствами
APP-200465,Одобрено,2025-05-29 06:25:10,Одобрено
APP-200466,Отказ,2025-03-22 18:43:56,Скоринговый балл ниже порога
APP-200467,Одобрено,2025-02-17 10:36:27,Одобрено
APP-200468,Отказ,2025-06-08 23:57:49,Клиент отозвал заявку
APP-200469,Одобрено,2025-05-07 00:54:53,Одобрено
APP-200470,Отказ,2025-05-31 00:56:44,Высокая долговая нагрузка
APP-200471,Отказ,2025-04-16 02:41:53,Высокая долговая нагрузка
APP-200472,Отказ,2025-04-03 23:32:48,Высокая долговая нагрузка
APP-200473,Одобрено,2025-02-16 13:12:15,Одобрено
APP-200474,Отказ,2025-04-17 11:09:41,Высокая долговая нагрузка
APP-200475,Отказ,2025-01-25 22:42:39,Высокая долговая нагрузка
APP-200476,Отказ,2025-03-13 08:34:05,Высокая долговая нагрузка
APP-200477,Отказ,2025-05-10 17:17:44,Скоринговый балл ниже порога
APP-200478,Одобрено,2025-05-21 06:24:46,Одобрено
APP-200479,Отказ,2025-03-19 18:21:26,Скоринговый балл ниже порога
APP-200480,Отказ,2025-05-12 01:31:32,Скоринговый балл ниже порога
APP-200481,Отказ,2025-04-12 22:19:08,Скоринговый балл ниже порога
APP-200482,Одобрено,2025-04-12 13:00:18,Одобрено
APP-200483,Отказ,2025-07-10 22:50:02,Клиент не явился за средствами
APP-200484,Одобрено,2025-07-05 16:45:47,Одобрено
APP-200485,Одобрено,2025-02-26 02:09:25,Одобрено
APP-200486,Одобрено,2025-01-26 00:53:32,Одобрено
APP-200487,Отказ,2025-05-20 11:20:57,Клиент не явился за средствами
APP-200488,Отказ,2025-05-26 13:25:26,Высокая долговая нагрузка
APP-200489,Одобрено,2025-03-05 22:34:44,Одобрено
APP-200490,Одобрено,2025-07-27 04:43:15,Одобрено
APP-200491,Одобрено,2025-07-24 01:16:21,Одобрено
APP-200492,Отказ,2025-01-30 19:09:43,Неполный пакет документов
APP-200494,Одобрено,2025-01-10 19:51:13,Одобрено
APP-200495,Одобрено,2025-06-18 03:28:44,TEST
APP-200496,Отказ,2025-01-06 13:49:38,Скоринговый балл ниже порога
APP-200497,Отказ,2025-07-27 19:53:07,Скоринговый балл ниже порога
APP-200498,Одобрено,2025-07-12 12:29:44,Одобрено
APP-200499,Одобрено,2025-05-11 00:21:11,Одобрено
APP-200500,Одобрено,2025-06-17 11:17:42,Одобрено
APP-200501,Отказ,2025-02-02 04:35:26,Высокая долговая нагрузка
APP-200502,Отказ,2025-01-25 22:34:21,Скоринговый балл ниже порога
APP-200503,Отказ,2025-05-08 10:32:37,Высокая долговая нагрузка
APP-200504,Одобрено,2025-08-05 04:45:32,Одобрено
APP-200505,Одобрено,2025-02-09 14:36:17,Одобрено
APP-200506,Отказ,2025-06-12 22:54:44,Клиент отозвал заявку
APP-200507,Одобрено,2025-06-27 23:06:47,Одобрено
APP-200508,Одобрено,2025-07-19 01:32:09,Одобрено
APP-200509,Одобрено,2025-06-05 10:09:41,Одобрено
APP-200510,Отказ,2025-01-22 17:57:44,Скоринговый балл ниже порога
APP-200511,Отказ,2025-05-04 22:29:26,Скоринговый балл ниже порога
APP-200512,Отказ,2025-07-14 01:10:45,Клиент не явился за средствами
APP-200513,Одобрено,2025-06-12 02:42:34,Одобрено
APP-200514,Одобрено,2025-04-14 07:25:00,Одобрено
APP-200515,Одобрено,2025-01-12 00:42:26,Одобрено
APP-200516,Одобрено,2025-06-21 17:30:05,Одобрено
APP-200517,Одобрено,2025-01-26 19:25:41,Одобрено
APP-200518,Отказ,2025-07-27 04:45:34,Высокая долговая нагрузка
APP-200519,Отказ,2025-05-05 18:23:05,Скоринговый балл ниже порога
APP-200520,Отказ,2025-05-16 14:06:30,Клиент не явился за средствами
APP-200521,Одобрено,2025-04-26 23:54:55,Одобрено
APP-200522,Одобрено,2025-01-28 11:07:25,Одобрено
APP-200523,Отказ,2025-04-18 11:08:19,Клиент не явился за средствами
APP-200524,Отказ,2025-01-20 09:56:01,Клиент отозвал заявку
APP-200525,Одобрено,2025-03-24 00:24:12,Одобрено
APP-200526,Одобрено,2025-05-21 19:25:03,Одобрено
APP-200527,Одобрено,2025-01-11 07:12:27,Одобрено
APP-200528,Отказ,2025-03-06 17:02:20,Скоринговый балл ниже порога
APP-200529,Одобрено,2025-07-31 16:03:32,Одобрено
APP-200530,Отказ,2025-03-01 22:02:35,Клиент отозвал заявку
APP-200531,Отказ,2025-02-23 13:59:57,Скоринговый балл ниже порога
APP-200532,Отказ,2025-07-21 01:12:17,Клиент отозвал заявку
APP-200533,Отказ,2025-07-09 18:36:15,Скоринговый балл ниже порога
APP-200534,Одобрено,2025-01-19 12:49:39,Одобрено
APP-200535,Одобрено,2025-06-02 08:02:23,Одобрено
APP-200536,Одобрено,2025-06-23 17:10:22,Одобрено
APP-200537,Отказ,2025-07-17 22:38:11,Скоринговый балл ниже порога
APP-200538,Отказ,2025-05-31 23:02:05,Высокая долговая нагрузка
APP-200539,Отказ,2025-06-21 18:14:19,Скоринговый балл ниже порога
APP-200540,Одобрено,2025-06-03 10:19:36,Одобрено
APP-200541,Отказ,2025-02-18 01:34:25,Скоринговый балл ниже порога
APP-200542,Отказ,2025-06-04 20:56:39,Высокая долговая нагрузка
APP-200543,Отказ,2025-04-15 12:22:36,Скоринговый балл ниже порога
APP-200544,Одобрено,2025-01-28 02:52:18,Одобрено
APP-200545,Отказ,2025-07-31 00:03:34,Скоринговый балл ниже порога
APP-200546,Отказ,2025-04-10 13:36:15,Скоринговый балл ниже порога
APP-200547,Одобрено,2025-03-19 11:23:56,Одобрено
APP-200548,Отказ,2025-02-21 10:41:04,Высокая долговая нагрузка
APP-200549,Отказ,2025-02-15 18:51:53,Скоринговый балл ниже порога
APP-200550,Отказ,2025-02-03 23:53:06,Высокая долговая нагрузка
APP-200551,Одобрено,2025-07-07 23:58:57,Одобрено
APP-200553,Одобрено,2025-05-09 06:34:53,TEST
APP-200554,Одобрено,2025-01-21 06:07:03,Одобрено
APP-200555,Одобрено,2025-07-02 05:44:27,Одобрено
APP-200556,Одобрено,2025-06-02 21:26:12,Одобрено
APP-200557,Одобрено,2025-04-06 15:22:27,Одобрено
APP-200558,Одобрено,2025-04-29 03:18:09,Одобрено
APP-200559,Одобрено,2025-03-04 07:49:46,Одобрено
APP-200560,Отказ,2025-01-16 07:29:30,Клиент отозвал заявку
APP-200561,Одобрено,2025-07-22 02:39:18,Одобрено
APP-200562,Отказ,2025-01-15 21:18:36,Скоринговый балл ниже порога
APP-200563,Одобрено,2025-07-02 03:39:54,Одобрено
APP-200564,Одобрено,2025-01-11 09:42:31,Одобрено
APP-200565,Отказ,2025-01-18 21:46:41,Скоринговый балл ниже порога
APP-200566,Отказ,2025-05-10 11:40:35,Неполный пакет документов
APP-200567,Отказ,2025-05-31 20:21:58,Скоринговый балл ниже порога
APP-200568,Отказ,2025-02-22 12:24:43,Клиент отозвал заявку
APP-200569,Отказ,2025-04-13 13:03:03,Неполный пакет документов
APP-200570,Отказ,2025-01-09 00:56:13,Скоринговый балл ниже порога
APP-200571,Отказ,2025-02-05 16:51:18,Неполный пакет документов
APP-200572,Одобрено,2025-05-29 12:47:25,Одобрено
APP-200573,Отказ,2025-06-07 07:26:09,Высокая долговая нагрузка
APP-200574,Одобрено,2025-03-26 13:08:54,Одобрено
APP-200575,Одобрено,2025-02-20 19:15:34,Одобрено
APP-200576,Отказ,2025-03-07 13:37:58,Высокая долговая нагрузка
APP-200577,Одобрено,2025-06-06 04:25:11,Одобрено
APP-200578,Одобрено,2025-03-20 14:23:16,Одобрено
APP-200579,Отказ,2025-06-13 22:41:50,Скоринговый балл ниже порога
APP-200580,Отказ,2025-05-29 03:44:04,Высокая долговая нагрузка
APP-200581,Одобрено,2025-04-03 11:53:31,Одобрено
APP-200582,Одобрено,2025-05-28 10:29:25,Одобрено
APP-200583,Отказ,2025-08-03 16:50:02,Скоринговый балл ниже порога
APP-200584,Отказ,2025-05-25 17:05:40,Скоринговый балл ниже порога
APP-200585,Одобрено,2025-02-24 15:38:58,Одобрено
APP-200586,Одобрено,2025-04-14 15:46:49,Одобрено
APP-200587,Одобрено,2025-03-30 13:53:46,Одобрено
APP-200589,Одобрено,2025-02-08 13:05:28,Одобрено
APP-200590,Отказ,2025-03-02 16:26:45,Высокая долговая нагрузка
APP-200591,Одобрено,2025-04-19 11:03:19,Одобрено
APP-200592,Одобрено,2025-06-11 06:41:14,Одобрено
APP-200593,Одобрено,2025-01-28 10:18:56,TEST
APP-200594,Отказ,2025-01-29 16:24:46,Высокая долговая нагрузка
APP-200595,Одобрено,2025-01-28 08:50:58,Одобрено
APP-200596,Отказ,2025-06-27 02:50:31,Скоринговый балл ниже порога
APP-200597,Одобрено,2025-05-27 10:26:05,Одобрено
APP-200598,Отказ,2025-01-31 10:57:42,Высокая долговая нагрузка
APP-200599,Отказ,2025-04-17 00:55:07,Клиент отозвал заявку
APP-200600,Одобрено,2025-04-02 08:35:19,Одобрено
APP-200601,Отказ,2025-05-29 08:23:27,Высокая долговая нагрузка
APP-200602,Одобрено,2025-06-16 11:48:43,Одобрено
APP-200603,Отказ,2025-03-13 08:43:08,Высокая долговая нагрузка
APP-200604,Отказ,2025-04-02 08:57:45,Клиент отозвал заявку
APP-200605,Одобрено,2025-05-21 11:12:37,Одобрено
APP-200606,Одобрено,2025-05-08 04:58:32,Одобрено
APP-200607,Отказ,2025-04-12 14:47:34,Высокая долговая нагрузка
APP-200608,Одобрено,2025-05-09 08:17:55,Одобрено
APP-200609,Отказ,2025-01-31 22:49:47,Скоринговый балл ниже порога
APP-200610,Одобрено,2025-02-03 07:10:51,Одобрено
APP-200611,Одобрено,2025-07-16 07:14:49,Одобрено
APP-200612,Отказ,2025-04-17 05:46:47,Клиент не явился за средствами
APP-200613,Отказ,2025-05-17 13:17:33,Скоринговый балл ниже порога
APP-200614,Одобрено,2025-03-31 22:46:13,Одобрено
APP-200615,Одобрено,2025-03-29 09:17:53,Одобрено
APP-200616,Одобрено,2025-05-07 18:25:00,Одобрено
APP-200617,Одобрено,2025-07-25 04:41:22,TEST
APP-200618,Отказ,2025-03-27 20:49:40,Высокая долговая нагрузка
APP-200619,Одобрено,2025-05-07 12:18:08,Одобрено
APP-200620,Одобрено,2025-06-20 07:55:13,Одобрено
APP-200621,Отказ,2025-06-07 15:30:20,Скоринговый балл ниже порога
APP-200622,Одобрено,2025-04-07 18:00:37,Одобрено
APP-200623,Отказ,2025-07-22 02:21:14,Высокая долговая нагрузка
APP-200624,Одобрено,2025-06-15 02:43:07,Одобрено
APP-200625,Одобрено,2025-04-12 18:59:59,Одобрено
APP-200626,Одобрено,2025-08-03 11:14:47,Одобрено
APP-200627,Одобрено,2025-05-14 08:48:36,Одобрено
APP-200628,Одобрено,2025-06-03 01:13:55,Одобрено
APP-200629,Одобрено,2025-05-02 03:47:00,Одобрено
APP-200630,Одобрено,2025-07-05 05:58:57,Одобрено
APP-200631,Одобрено,2025-06-04 06:01:43,Одобрено
APP-200632,Одобрено,2025-01-29 04:54:44,Одобрено
APP-200633,Одобрено,2025-04-02 16:38:02,Одобрено
APP-200634,Одобрено,2025-07-18 01:02:22,Одобрено
APP-200635,Одобрено,2025-04-19 00:53:29,Одобрено
APP-200636,Одобрено,2025-04-22 21:51:38,Одобрено
APP-200637,Одобрено,2025-02-28 05:49:13,Одобрено
APP-200638,Отказ,2025-03-03 20:36:43,Скоринговый балл ниже порога
APP-200639,Одобрено,2025-07-02 06:37:05,Одобрено
APP-200640,Отказ,2025-07-27 01:34:47,Высокая долговая нагрузка
APP-200641,Отказ,2025-03-16 17:32:15,Высокая долговая нагрузка
APP-200642,Одобрено,2025-05-02 04:54:12,Одобрено
APP-200643,Одобрено,2025-05-12 02:57:55,Одобрено
APP-200644,Одобрено,2025-03-10 19:19:49,Одобрено
APP-200645,Отказ,2025-03-08 00:26:56,Клиент не явился за средствами
APP-200646,Отказ,2025-06-29 01:14:44,Высокая долговая нагрузка
APP-200647,Отказ,2025-02-16 15:24:31,Высокая долговая нагрузка
APP-200648,Отказ,2025-03-23 10:17:20,Высокая долговая нагрузка
APP-200649,Отказ,2025-04-17 14:23:24,Высокая долговая нагрузка
APP-200650,Одобрено,2025-03-09 15:56:04,Одобрено
APP-200651,Одобрено,2025-07-07 11:33:46,Одобрено
APP-200652,Отказ,2025-04-28 09:55:49,Клиент не явился за средствами
APP-200653,Отказ,2025-03-31 23:24:26,Высокая долговая нагрузка
APP-200654,Отказ,2025-06-29 20:23:17,Высокая долговая нагрузка
APP-200655,Одобрено,2025-05-23 23:49:38,Одобрено
APP-200656,Одобрено,2025-03-31 09:58:55,Одобрено
APP-200657,Отказ,2025-01-14 08:32:11,Высокая долговая нагрузка
APP-200658,Одобрено,2025-05-04 20:26:41,Одобрено
APP-200659,Одобрено,2025-03-25 12:27:03,Одобрено
APP-200660,Отказ,2025-05-02 23:36:00,Высокая долговая нагрузка
APP-200661,Одобрено,2025-07-16 14:47:38,Одобрено
APP-200662,Одобрено,2025-06-01 19:11:55,Одобрено
APP-200663,Отказ,2025-06-02 16:56:43,Скоринговый балл ниже порога
APP-200664,Отказ,2025-01-31 07:17:28,Клиент не явился за средствами
APP-200665,Одобрено,2025-03-01 15:36:59,TEST
APP-200666,Одобрено,2025-04-05 21:46:28,Одобрено
APP-200667,Одобрено,2025-06-22 23:44:00,Одобрено
APP-200668,Отказ,2025-04-12 05:36:38,Высокая долговая нагрузка
APP-200669,Одобрено,2025-02-01 03:35:17,Одобрено
APP-200670,Отказ,2025-04-10 22:32:48,Клиент отозвал заявку
APP-200671,Одобрено,2025-06-22 16:09:32,Одобрено
APP-200673,Одобрено,2025-03-15 08:54:22,Одобрено
APP-200674,Отказ,2025-05-07 17:51:54,Клиент не явился за средствами
APP-200675,Одобрено,2025-08-01 14:51:34,Одобрено
APP-200676,Отказ,2025-05-21 19:16:50,Скоринговый балл ниже порога
APP-200677,Одобрено,2025-04-14 08:05:21,Одобрено
APP-200678,Отказ,2025-01-22 07:17:41,Клиент не явился за средствами
APP-200679,Одобрено,2025-03-02 06:19:30,Одобрено
APP-200680,Отказ,2025-03-29 15:48:08,Скоринговый балл ниже порога
APP-200681,Отказ,2025-03-04 05:54:58,Высокая долговая нагрузка
APP-200682,Одобрено,2025-05-12 18:49:38,Одобрено
APP-200683,Отказ,2025-04-12 22:31:15,Скоринговый балл ниже порога
APP-200684,Одобрено,2025-07-06 15:05:01,Одобрено
APP-200685,Одобрено,2025-02-10 15:01:39,Одобрено
APP-200686,Одобрено,2025-04-10 15:27:41,Одобрено
APP-200687,Отказ,2025-03-06 07:01:43,Клиент не явился за средствами
APP-200689,Отказ,2025-07-29 00:49:54,Скоринговый балл ниже порога
APP-200690,Отказ,2025-05-19 20:39:18,Скоринговый балл ниже порога
APP-200691,Отказ,2025-03-06 03:40:51,Клиент не явился за средствами
APP-200692,Отказ,2025-04-30 16:00:36,Скоринговый балл ниже порога
APP-200693,Отказ,2025-04-23 00:22:27,Высокая долговая нагрузка
APP-200694,Отказ,2025-01-11 18:33:15,Высокая долговая нагрузка
APP-200695,Отказ,2025-07-24 20:50:01,Высокая долговая нагрузка
APP-200696,Одобрено,2025-03-25 23:11:00,Одобрено
APP-200697,Отказ,2025-05-22 16:12:54,Скоринговый балл ниже порога
APP-200698,Отказ,2025-08-06 21:18:47,Клиент отозвал заявку
APP-200699,Отказ,2025-06-20 02:44:52,Скоринговый балл ниже порога
APP-200700,Отказ,2025-05-28 01:59:28,Высокая долговая нагрузка
APP-200701,Отказ,2025-07-01 20:35:26,Скоринговый балл ниже порога
APP-200702,Отказ,2025-06-23 10:06:30,Высокая долговая нагрузка
APP-200703,Отказ,2025-02-23 02:25:51,Высокая долговая нагрузка
APP-200704,Одобрено,2025-02-27 21:57:24,Одобрено
APP-200705,Отказ,2025-04-16 19:31:51,Скоринговый балл ниже порога
APP-200706,Отказ,2025-07-08 13:34:13,Скоринговый балл ниже порога
APP-200707,Одобрено,2025-04-06 04:20:52,Одобрено
APP-200708,Отказ,2025-03-05 14:23:50,Скоринговый балл ниже порога
APP-200710,Одобрено,2025-04-12 01:44:31,Одобрено
APP-200711,Отказ,2025-03-27 21:15:51,Скоринговый балл ниже порога
APP-200712,Отказ,2025-01-21 20:29:58,Скоринговый балл ниже порога
APP-200713,Одобрено,2025-04-01 09:31:26,Одобрено
APP-200714,Одобрено,2025-07-15 13:48:44,Одобрено
APP-200715,Одобрено,2025-04-29 10:54:03,Одобрено
APP-200716,Одобрено,2025-05-24 21:15:36,Одобрено
APP-200717,Одобрено,2025-01-30 04:19:50,Одобрено
APP-200718,Одобрено,2025-01-22 04:21:05,Одобрено
APP-200719,Одобрено,2025-06-15 02:58:09,Одобрено
APP-200720,Одобрено,2025-02-28 20:12:32,Одобрено
APP-200721,Отказ,2025-07-13 15:26:06,Скоринговый балл ниже порога
APP-200722,Отказ,2025-04-06 19:28:34,Неполный пакет документов
APP-200723,Одобрено,2025-07-02 11:41:56,Одобрено
APP-200724,Одобрено,2025-02-07 03:56:29,Одобрено
APP-200725,Отказ,2025-04-29 19:31:47,Скоринговый балл ниже порога
APP-200726,Одобрено,2025-07-27 02:00:17,Одобрено
APP-200727,Отказ,2025-05-08 13:30:22,Скоринговый балл ниже порога
APP-200728,Отказ,2025-01-16 09:01:15,Клиент отозвал заявку
APP-200729,Одобрено,2025-07-24 04:06:31,Одобрено
APP-200730,Отказ,2025-01-19 14:46:48,Высокая долговая нагрузка
APP-200731,Отказ,2025-06-09 17:53:15,Скоринговый балл ниже порога
APP-200732,Отказ,2025-03-08 06:57:29,Клиент отозвал заявку
APP-200733,Отказ,2025-07-24 23:43:50,Скоринговый балл ниже порога
APP-200734,Одобрено,2025-04-16 17:32:30,Одобрено
APP-200735,Одобрено,2025-06-05 08:34:19,Одобрено
APP-200736,Отказ,2025-03-08 23:45:25,Клиент не явился за средствами
APP-200737,Одобрено,2025-07-18 09:40:08,Одобрено
APP-200738,Одобрено,2025-06-01 08:36:12,Одобрено
APP-200739,Отказ,2025-06-07 05:16:24,Высокая долговая нагрузка
APP-200740,Отказ,2025-02-24 23:28:11,Высокая долговая нагрузка
APP-200741,Одобрено,2025-06-12 03:46:14,Одобрено
APP-200742,Отказ,2025-01-11 20:18:20,Скоринговый балл ниже порога
APP-200743,Одобрено,2025-03-15 19:10:03,Одобрено
APP-200744,Отказ,2025-05-09 09:19:45,Высокая долговая нагрузка
APP-200745,Отказ,2025-01-11 16:32:35,Высокая долговая нагрузка
APP-200746,Одобрено,2025-03-05 02:24:47,Одобрено
APP-200747,Одобрено,2025-07-02 08:56:21,Одобрено
APP-200748,Одобрено,2025-04-25 15:15:27,TEST
APP-200749,Одобрено,2025-07-02 07:46:07,Одобрено
APP-200750,Отказ,2025-02-16 18:02:55,Скоринговый балл ниже порога
APP-200751,Одобрено,2025-03-27 19:36:13,Одобрено
APP-200752,Одобрено,2025-06-10 19:32:01,Одобрено
APP-200753,Отказ,2025-04-01 19:39:47,Скоринговый балл ниже порога
APP-200754,Одобрено,2025-02-09 06:53:21,Одобрено
APP-200755,Одобрено,2025-03-09 15:48:09,Одобрено
APP-200756,Одобрено,2025-07-25 05:32:45,Одобрено
APP-200757,Одобрено,2025-02-18 04:21:07,Одобрено
APP-200758,Отказ,2025-03-31 21:00:44,Скоринговый балл ниже порога
APP-200759,Отказ,2025-02-15 04:11:29,Высокая долговая нагрузка
APP-200760,Отказ,2025-05-30 20:54:57,Скоринговый балл ниже порога
APP-200761,Одобрено,2025-04-19 10:04:27,Одобрено
APP-200762,Отказ,2025-04-13 23:43:44,Клиент отозвал заявку
APP-200763,Отказ,2025-06-05 09:47:07,Клиент не явился за средствами
APP-200764,Одобрено,2025-04-09 00:42:38,Одобрено
APP-200765,Отказ,2025-05-16 14:20:44,Неполный пакет документов
APP-200766,Отказ,2025-06-10 12:28:42,Скоринговый балл ниже порога
APP-200767,Одобрено,2025-06-11 22:15:03,TEST
APP-200768,Одобрено,2025-04-11 05:11:31,Одобрено
APP-200769,Одобрено,2025-04-22 07:42:48,Одобрено
APP-200770,Отказ,2025-04-14 20:54:43,Клиент не явился за средствами
APP-200771,Одобрено,2025-04-21 15:00:18,Одобрено
APP-200772,Одобрено,2025-05-18 00:39:02,Одобрено
APP-200773,Отказ,2025-03-15 21:57:33,Высокая долговая нагрузка
APP-200774,Отказ,2025-05-23 12:59:08,Клиент отозвал заявку
APP-200775,Отказ,2025-07-25 08:31:04,Высокая долговая нагрузка
APP-200776,Одобрено,2025-03-31 11:35:23,Одобрено
APP-200777,Отказ,2025-07-06 16:23:38,Скоринговый балл ниже порога
APP-200778,Отказ,2025-01-07 00:09:49,Скоринговый балл ниже порога
APP-200779,Одобрено,2025-02-05 12:36:26,Одобрено
APP-200780,Одобрено,2025-02-17 08:46:58,Одобрено
APP-200781,Отказ,2025-01-26 13:33:59,Клиент отозвал заявку
APP-200782,Одобрено,2025-07-17 23:33:31,Одобрено
APP-200783,Отказ,2025-04-22 17:14:57,Высокая долговая нагрузка
APP-200784,Одобрено,2025-06-02 21:44:23,Одобрено
APP-200785,Одобрено,2025-05-26 13:18:51,Одобрено
APP-200786,Отказ,2025-05-17 09:27:40,Высокая долговая нагрузка
APP-200788,Отказ,2025-05-19 16:00:14,Клиент не явился за средствами
APP-200789,Отказ,2025-04-04 21:55:23,Скоринговый балл ниже порога
APP-200790,Одобрено,2025-04-25 19:21:13,Одобрено
APP-200791,Отказ,2025-01-12 00:45:54,Высокая долговая нагрузка
APP-200792,Одобрено,2025-04-01 21:08:01,Одобрено
APP-200793,Одобрено,2025-01-19 19:40:15,Одобрено
APP-200794,Отказ,2025-02-05 22:55:48,Скоринговый балл ниже порога
APP-200795,Отказ,2025-03-13 22:09:27,Клиент не явился за средствами
APP-200796,Отказ,2025-03-24 10:04:00,Высокая долговая нагрузка
APP-200798,Одобрено,2025-05-22 23:53:32,Одобрено
APP-200799,Отказ,2025-03-15 01:12:28,Клиент отозвал заявку
APP-200800,Отказ,2025-01-19 18:56:03,Скоринговый балл ниже порога
APP-200801,Одобрено,2025-06-12 02:47:31,Одобрено
APP-200802,Одобрено,2025-04-13 04:50:08,Одобрено
APP-200803,Одобрено,2025-06-19 13:54:29,Одобрено
APP-200804,Одобрено,2025-03-16 20:08:30,Одобрено
APP-200805,Отказ,2025-07-08 06:34:53,Клиент не явился за средствами
APP-200806,Отказ,2025-03-25 08:44:50,Клиент не явился за средствами
APP-200807,Отказ,2025-06-13 16:19:48,Скоринговый балл ниже порога
APP-200808,Одобрено,2025-06-24 08:12:35,Одобрено
APP-200809,Отказ,2025-01-12 20:50:48,Клиент не явился за средствами
APP-200810,Одобрено,2025-07-02 15:52:27,Одобрено
APP-200811,Отказ,2025-07-30 00:10:11,Скоринговый балл ниже порога
APP-200812,Отказ,2025-07-18 21:50:13,Скоринговый балл ниже порога
APP-200813,Одобрено,2025-04-01 08:43:41,Одобрено
APP-200814,Отказ,2025-04-13 14:09:18,Неполный пакет документов
APP-200815,Отказ,2025-06-01 00:04:03,Высокая долговая нагрузка
APP-200816,Отказ,2025-07-15 01:12:19,Скоринговый балл ниже порога
APP-200817,Одобрено,2025-03-02 01:35:19,Одобрено
APP-200818,Отказ,2025-04-06 23:43:57,Высокая долговая нагрузка
APP-200819,Отказ,2025-03-10 00:34:20,Высокая долговая нагрузка
APP-200820,Одобрено,2025-02-07 18:41:02,Одобрено
APP-200821,Отказ,2025-07-04 18:58:38,Неполный пакет документов
APP-200822,Отказ,2025-03-11 22:00:33,Высокая долговая нагрузка
APP-200823,Отказ,2025-02-10 01:26:10,Высокая долговая нагрузка
APP-200824,Одобрено,2025-01-14 01:27:28,Одобрено
APP-200825,Отказ,2025-02-17 14:08:46,Клиент не явился за средствами
APP-200826,Одобрено,2025-07-10 08:33:16,TEST
APP-200827,Одобрено,2025-05-05 07:23:31,Одобрено
APP-200828,Отказ,2025-05-18 20:47:11,Скоринговый балл ниже порога
APP-200829,Отказ,2025-06-16 03:20:11,Скоринговый балл ниже порога
APP-200830,Отказ,2025-07-15 01:11:52,Клиент не явился за средствами
APP-200831,Одобрено,2025-04-13 16:02:28,Одобрено
APP-200832,Одобрено,2025-01-10 16:58:47,Одобрено
APP-200833,Одобрено,2025-04-03 21:07:07,Одобрено
APP-200834,Отказ,2025-04-14 16:38:33,Скоринговый балл ниже порога
APP-200835,Отказ,2025-02-27 05:55:15,Высокая долговая нагрузка
APP-200836,Одобрено,2025-07-17 14:16:22,Одобрено
APP-200837,Одобрено,2025-03-14 21:36:33,Одобрено
APP-200838,Отказ,2025-04-21 19:01:50,Высокая долговая нагрузка
APP-200839,Одобрено,2025-04-28 20:08:02,Одобрено
APP-200840,Одобрено,2025-07-16 15:32:02,Одобрено
APP-200841,Одобрено,2025-02-12 11:06:15,Одобрено
APP-200842,Одобрено,2025-06-17 06:17:14,Одобрено
APP-200843,Одобрено,2025-04-29 00:21:49,Одобрено
APP-200844,Одобрено,2025-01-11 09:42:14,Одобрено
APP-200845,Одобрено,2025-07-23 18:55:53,Одобрено
APP-200846,Одобрено,2025-07-09 22:12:51,Одобрено
APP-200847,Отказ,2025-08-02 07:21:24,Клиент не явился за средствами
APP-200848,Одобрено,2025-05-04 15:41:26,Одобрено
APP-200849,Отказ,2025-07-18 19:48:40,Скоринговый балл ниже порога
APP-200850,Одобрено,2025-07-17 02:50:33,Одобрено
APP-200852,Одобрено,2025-01-18 00:14:16,Одобрено
APP-200853,Отказ,2025-03-29 03:17:46,Высокая долговая нагрузка
APP-200854,Отказ,2025-01-28 20:26:02,Неполный пакет документов
APP-200855,Одобрено,2025-03-03 11:27:03,Одобрено
APP-200856,Отказ,2025-01-20 05:02:55,Высокая долговая нагрузка
APP-200857,Отказ,2025-05-31 19:46:12,Клиент отозвал заявку
APP-200858,Отказ,2025-03-04 03:13:15,Клиент отозвал заявку
APP-200859,Отказ,2025-05-23 18:32:04,Скоринговый балл ниже порога
APP-200860,Отказ,2025-02-25 17:38:12,Скоринговый балл ниже порога
APP-200861,Отказ,2025-03-09 20:37:28,Скоринговый балл ниже порога
APP-200862,Отказ,2025-05-17 23:23:18,Скоринговый балл ниже порога
APP-200863,Одобрено,2025-07-15 07:10:48,Одобрено
APP-200864,Отказ,2025-05-08 04:18:21,Высокая долговая нагрузка
APP-200865,Одобрено,2025-02-18 22:42:26,Одобрено
APP-200866,Одобрено,2025-02-24 06:12:40,Одобрено
APP-200867,Отказ,2025-05-15 06:26:59,Клиент не явился за средствами
APP-200868,Отказ,2025-01-08 20:15:46,Высокая долговая нагрузка
APP-200869,Отказ,2025-06-23 20:49:33,Скоринговый балл ниже порога
APP-200870,Одобрено,2025-04-30 21:41:06,Одобрено
APP-200871,Одобрено,2025-02-02 18:29:07,Одобрено
APP-200872,Одобрено,2025-07-16 02:34:53,Одобрено
APP-200873,Одобрено,2025-03-01 18:03:51,TEST
APP-200874,Одобрено,2025-01-12 00:53:35,Одобрено
APP-200875,Отказ,2025-02-04 17:36:15,Скоринговый балл ниже порога
APP-200876,Одобрено,2025-08-05 15:55:19,Одобрено
APP-200877,Одобрено,2025-05-19 07:41:19,Одобрено
APP-200878,Одобрено,2025-05-09 04:26:50,Одобрено
APP-200879,Отказ,2025-06-24 23:50:44,Скоринговый балл ниже порога
APP-200880,Одобрено,2025-01-23 15:43:06,Одобрено
APP-200881,Отказ,2025-02-17 18:07:26,Высокая долговая нагрузка
APP-200882,Отказ,2025-03-16 10:55:15,Неполный пакет документов
APP-200883,Одобрено,2025-04-21 07:23:51,Одобрено
APP-200884,Отказ,2025-07-09 20:08:27,Скоринговый балл ниже порога
APP-200885,Отказ,2025-03-29 22:59:51,Клиент отозвал заявку
APP-200886,Отказ,2025-03-23 01:39:22,Высокая долговая нагрузка
APP-200887,Одобрено,2025-02-18 17:52:57,Одобрено
APP-200888,Одобрено,2025-01-10 03:49:56,Одобрено
APP-200889,Отказ,2025-02-02 19:32:21,Скоринговый балл ниже порога
APP-200890,Отказ,2025-05-19 13:56:04,Высокая долговая нагрузка
APP-200891,Одобрено,2025-05-09 19:56:01,Одобрено
APP-200892,Отказ,2025-07-24 13:40:13,Неполный пакет документов
APP-200893,Одобрено,2025-03-11 13:19:01,Одобрено
APP-200894,Отказ,2025-07-09 16:38:36,Высокая долговая нагрузка
APP-200895,Отказ,2025-04-29 13:57:37,Клиент не явился за средствами
APP-200896,Одобрено,2025-02-13 05:58:28,Одобрено
APP-200897,Одобрено,2025-06-17 04:56:38,Одобрено
APP-200898,Одобрено,2025-06-15 13:08:17,Одобрено
APP-200899,Отказ,2025-03-30 02:18:40,Высокая долговая нагрузка
APP-200900,Одобрено,2025-03-03 17:07:15,Одобрено
APP-200901,Одобрено,2025-05-10 21:45:27,Одобрено
APP-200902,Отказ,2025-03-15 21:01:37,Неполный пакет документов
APP-200903,Одобрено,2025-03-20 08:14:29,Одобрено
APP-200904,Одобрено,2025-06-02 06:30:26,Одобрено
APP-200905,Отказ,2025-04-21 16:18:52,Клиент отозвал заявку
APP-200906,Одобрено,2025-06-30 08:17:26,Одобрено
APP-200907,Отказ,2025-06-15 20:59:23,Высокая долговая нагрузка
APP-200908,Отказ,2025-02-23 07:23:07,Высокая долговая нагрузка
APP-200909,Отказ,2025-06-10 12:47:17,Клиент не явился за средствами
APP-200910,Отказ,2025-02-03 18:58:35,Скоринговый балл ниже порога
APP-200911,Отказ,2025-07-05 10:29:10,Высокая долговая нагрузка
APP-200912,Одобрено,2025-04-28 09:37:49,Одобрено
APP-200913,Отказ,2025-07-25 16:25:55,Скоринговый балл ниже порога
APP-200914,Одобрено,2025-05-12 21:47:08,Одобрено
APP-200915,Одобрено,2025-06-24 06:31:50,Одобрено
APP-200916,Одобрено,2025-03-15 12:35:37,Одобрено
APP-200917,Одобрено,2025-05-07 01:42:03,Одобрено
APP-200918,Одобрено,2025-05-03 19:38:39,Одобрено
APP-200919,Отказ,2025-01-23 01:09:44,Скоринговый балл ниже порога
APP-200920,Отказ,2025-02-10 13:47:59,Высокая долговая нагрузка
APP-200921,Одобрено,2025-06-09 19:34:29,Одобрено
APP-200922,Отказ,2025-07-01 19:42:35,Неполный пакет документов
APP-200923,Отказ,2025-08-02 17:22:42,Скоринговый балл ниже порога
APP-200924,Отказ,2025-04-18 22:03:55,Высокая долговая нагрузка
APP-200925,Отказ,2025-05-18 20:03:54,Скоринговый балл ниже порога
APP-200926,Отказ,2025-03-23 16:18:00,Скоринговый балл ниже порога
APP-200927,Одобрено,2025-02-17 19:51:37,Одобрено
APP-200928,Одобрено,2025-04-09 11:28:46,Одобрено
APP-200929,Отказ,2025-01-10 00:15:23,Скоринговый балл ниже порога
APP-200930,Одобрено,2025-06-24 01:08:55,Одобрено
APP-200931,Отказ,2025-03-24 19:03:51,Скоринговый балл ниже порога
APP-200932,Одобрено,2025-05-04 21:27:11,Одобрено
APP-200933,Одобрено,2025-04-28 19:14:32,Одобрено
APP-200934,Отказ,2025-07-07 21:18:55,Скоринговый балл ниже порога
APP-200935,Одобрено,2025-05-15 15:10:13,Одобрено
APP-200936,Одобрено,2025-06-10 21:08:15,Одобрено
APP-200937,Одобрено,2025-03-21 21:49:36,Одобрено
APP-200938,Одобрено,2025-06-15 22:07:32,Одобрено
APP-200939,Одобрено,2025-02-12 20:39:10,Одобрено
APP-200940,Отказ,2025-05-26 17:04:59,Скоринговый балл ниже порога
APP-200941,Отказ,2025-07-04 18:34:28,Клиент не явился за средствами
APP-200942,Отказ,2025-04-23 20:02:57,Скоринговый балл ниже порога
APP-200943,Одобрено,2025-04-27 02:54:36,Одобрено
APP-200944,Одобрено,2025-05-06 04:50:54,Одобрено
APP-200945,Одобрено,2025-05-07 06:29:04,Одобрено
APP-200946,Одобрено,2025-07-27 23:47:21,Одобрено
APP-200947,Одобрено,2025-07-28 07:09:56,Одобрено
APP-200948,Одобрено,2025-06-09 15:27:58,Одобрено
APP-200949,Отказ,2025-01-22 15:26:45,Скоринговый балл ниже порога
APP-200950,Одобрено,2025-03-24 06:17:08,Одобрено
APP-200951,Одобрено,2025-07-18 05:56:50,Одобрено
APP-200952,Одобрено,2025-04-17 13:36:52,Одобрено
APP-200953,Отказ,2025-05-06 00:30:55,Скоринговый балл ниже порога
APP-200954,Отказ,2025-04-15 04:26:49,Клиент отозвал заявку
APP-200955,Отказ,2025-05-20 06:27:55,Клиент отозвал заявку
APP-200956,Отказ,2025-01-09 14:44:40,Высокая долговая нагрузка
APP-200957,Отказ,2025-04-08 02:27:33,Высокая долговая нагрузка
APP-200958,Отказ,2025-06-09 11:44:53,Неполный пакет документов
APP-200959,Отказ,2025-07-22 23:59:48,Скоринговый балл ниже порога
APP-200960,Отказ,2025-05-09 20:56:08,Клиент не явился за средствами
APP-200961,Одобрено,2025-06-29 13:44:29,Одобрено
APP-200962,Одобрено,2025-04-16 23:04:23,Одобрено
APP-200963,Отказ,2025-03-13 16:04:16,Высокая долговая нагрузка
APP-200964,Одобрено,2025-04-15 05:03:26,Одобрено
APP-200965,Одобрено,2025-08-10 17:12:25,Одобрено
APP-200966,Отказ,2025-03-21 17:58:57,Скоринговый балл ниже порога
APP-200967,Отказ,2025-05-10 12:31:57,Высокая долговая нагрузка
APP-200968,Одобрено,2025-04-22 11:25:36,Одобрено
APP-200969,Одобрено,2025-08-03 16:53:30,Одобрено
APP-200970,Отказ,2025-06-07 06:14:23,Высокая долговая нагрузка
APP-200971,Отказ,2025-05-01 07:12:38,Высокая долговая нагрузка
APP-200972,Одобрено,2025-01-28 21:28:43,Одобрено
APP-200973,Одобрено,2025-01-17 05:04:47,Одобрено
APP-200974,Отказ,2025-05-23 17:07:20,Высокая долговая нагрузка
APP-200975,Одобрено,2025-05-21 10:55:38,Одобрено
APP-200976,Одобрено,2025-01-10 05:21:18,Одобрено
APP-200977,Отказ,2025-05-16 05:00:47,Высокая долговая нагрузка
APP-200978,Одобрено,2025-03-23 07:38:37,Одобрено
APP-200979,Одобрено,2025-06-10 19:46:54,Одобрено
APP-200980,Отказ,2025-06-08 17:38:08,Неполный пакет документов
APP-200981,Одобрено,2025-02-21 12:40:44,Одобрено
APP-200983,Отказ,2025-06-28 07:40:43,Высокая долговая нагрузка
APP-200984,Отказ,2025-04-17 02:45:15,Клиент отозвал заявку
APP-200985,Одобрено,2025-06-17 16:18:31,Одобрено
APP-200986,Отказ,2025-03-06 22:52:30,Скоринговый балл ниже порога
APP-200987,Одобрено,2025-06-07 16:54:12,Одобрено
APP-200988,Отказ,2025-05-29 06:02:17,Клиент отозвал заявку
APP-200989,Отказ,2025-02-02 22:22:30,Скоринговый балл ниже порога
APP-200990,Отказ,2025-02-11 15:47:26,Скоринговый балл ниже порога
APP-200991,Отказ,2025-05-17 21:47:01,Скоринговый балл ниже порога
APP-200992,Отказ,2025-07-16 18:29:13,Высокая долговая нагрузка
APP-200993,Отказ,2025-04-08 15:08:31,Скоринговый балл ниже порога
APP-200995,Одобрено,2025-01-24 07:23:04,Одобрено
APP-200996,Одобрено,2025-01-22 03:08:04,Одобрено
APP-200997,Отказ,2025-04-10 02:45:02,Клиент отозвал заявку
APP-200998,Одобрено,2025-05-01 10:22:11,Одобрено
APP-200999,Одобрено,2025-08-04 06:54:28,Одобрено
APP-201000,Отказ,2025-03-24 07:39:37,Высокая долговая нагрузка
APP-201001,Одобрено,2025-04-29 16:54:14,Одобрено
APP-201002,Одобрено,2025-03-07 13:58:34,Одобрено
APP-201003,Отказ,2025-06-06 23:34:11,Высокая долговая нагрузка
APP-201004,Отказ,2025-06-16 01:13:08,Высокая долговая нагрузка
APP-201005,Одобрено,2025-02-16 21:01:10,Одобрено
APP-201007,Одобрено,2025-03-16 19:48:39,Одобрено
APP-201008,Одобрено,2025-05-19 17:23:44,Одобрено
APP-201009,Одобрено,2025-06-26 11:43:24,Одобрено
APP-201010,Отказ,2025-03-04 18:28:20,Скоринговый балл ниже порога
APP-201011,Отказ,2025-07-06 13:00:08,Высокая долговая нагрузка
APP-201012,Отказ,2025-02-04 16:28:54,Скоринговый балл ниже порога
APP-201013,Отказ,2025-07-20 15:32:24,Скоринговый балл ниже порога
APP-201014,Одобрено,2025-01-11 06:36:10,Одобрено
APP-201015,Отказ,2025-01-18 13:20:49,Клиент отозвал заявку
APP-201016,Отказ,2025-07-05 18:32:47,Высокая долговая нагрузка
APP-201017,Отказ,2025-04-13 18:07:29,Скоринговый балл ниже порога
APP-201018,Одобрено,2025-05-23 09:23:45,Одобрено
APP-201019,Одобрено,2025-04-11 10:13:54,Одобрено
APP-201020,Отказ,2025-05-12 17:08:17,Неполный пакет документов
APP-201021,Отказ,2025-02-15 17:22:48,Скоринговый балл ниже порога
APP-201022,Одобрено,2025-05-14 14:59:10,Одобрено
APP-201023,Отказ,2025-04-02 20:35:22,Скоринговый балл ниже порога
APP-201024,Одобрено,2025-06-30 22:41:40,Одобрено
APP-201025,Отказ,2025-05-03 14:00:03,Клиент не явился за средствами
APP-201027,Одобрено,2025-03-23 00:35:28,Одобрено
APP-201028,Отказ,2025-01-20 23:43:26,Высокая долговая нагрузка
APP-201029,Отказ,2025-05-23 19:22:31,Скоринговый балл ниже порога
APP-201030,Отказ,2025-02-21 20:18:18,Скоринговый балл ниже порога
APP-201031,Одобрено,2025-02-17 10:36:36,Одобрено
APP-201032,Отказ,2025-03-03 15:49:43,Высокая долговая нагрузка
APP-201033,Одобрено,2025-02-21 00:38:54,Одобрено
APP-201034,Одобрено,2025-07-28 22:32:48,Одобрено
APP-201035,Одобрено,2025-05-12 08:56:19,Одобрено
APP-201036,Одобрено,2025-03-17 03:51:40,Одобрено
APP-201037,Отказ,2025-02-07 15:19:31,Скоринговый балл ниже порога
APP-201038,Отказ,2025-03-02 20:46:21,Скоринговый балл ниже порога
APP-201039,Одобрено,2025-06-14 08:37:25,Одобрено
APP-201040,Одобрено,2025-02-22 20:13:45,Одобрено
APP-201041,Отказ,2025-04-15 09:35:37,Клиент отозвал заявку
APP-201042,Одобрено,2025-04-19 17:28:04,Одобрено
APP-201043,Одобрено,2025-02-03 14:04:25,Одобрено
APP-201044,Одобрено,2025-06-16 06:56:24,Одобрено
APP-201045,Отказ,2025-05-17 20:45:03,Скоринговый балл ниже порога
APP-201046,Отказ,2025-03-18 20:42:01,Неполный пакет документов
APP-201047,Отказ,2025-03-24 12:02:04,Скоринговый балл ниже порога
APP-201048,Одобрено,2025-06-13 19:03:26,Одобрено
APP-201049,Отказ,2025-07-29 11:59:29,Высокая долговая нагрузка
APP-201050,Отказ,2025-03-31 14:57:36,Высокая долговая нагрузка
APP-201051,Отказ,2025-03-25 16:36:56,Скоринговый балл ниже порога
APP-201052,Отказ,2025-07-14 14:59:58,Высокая долговая нагрузка
APP-201054,Отказ,2025-06-01 12:36:05,Неполный пакет документов
APP-201055,Отказ,2025-04-15 12:07:36,Неполный пакет документов
APP-201056,Отказ,2025-03-20 15:15:15,Скоринговый балл ниже порога
APP-201057,Отказ,2025-03-20 16:45:37,Скоринговый балл ниже порога
APP-201058,Отказ,2025-07-08 05:34:20,Клиент не явился за средствами
APP-201059,Отказ,2025-06-15 01:33:04,Высокая долговая нагрузка
APP-201060,Одобрено,2025-06-11 10:45:45,Одобрено
APP-201061,Одобрено,2025-01-19 00:05:59,Одобрено
APP-201062,Отказ,2025-05-15 01:49:08,Скоринговый балл ниже порога
APP-201063,Одобрено,2025-01-30 06:51:16,Одобрено
APP-201064,Одобрено,2025-02-09 00:31:43,Одобрено
APP-201065,Отказ,2025-04-21 03:15:17,Клиент не явился за средствами
APP-201066,Одобрено,2025-01-13 17:10:01,Одобрено
APP-201067,Одобрено,2025-05-09 02:39:43,Одобрено
APP-201068,Отказ,2025-01-31 19:28:33,Скоринговый балл ниже порога
APP-201069,Одобрено,2025-04-08 07:43:57,Одобрено
APP-201070,Отказ,2025-05-16 14:16:28,Скоринговый балл ниже порога
APP-201071,Одобрено,2025-06-12 18:38:39,Одобрено
APP-201072,Одобрено,2025-01-22 00:14:52,Одобрено
APP-201073,Отказ,2025-07-04 12:19:33,Неполный пакет документов
APP-201074,Одобрено,2025-06-19 08:34:17,Одобрено
APP-201075,Отказ,2025-05-22 00:09:26,Скоринговый балл ниже порога
APP-201076,Отказ,2025-03-24 18:32:54,Высокая долговая нагрузка
APP-201077,Одобрено,2025-04-13 02:02:27,Одобрено
APP-201078,Отказ,2025-05-08 01:39:49,Скоринговый балл ниже порога
APP-201079,Одобрено,2025-04-02 20:40:46,Одобрено
APP-201080,Отказ,2025-06-30 18:09:37,Клиент отозвал заявку
APP-201081,Одобрено,2025-02-04 14:03:11,Одобрено
APP-201082,Одобрено,2025-01-20 14:05:30,Одобрено
APP-201083,Одобрено,2025-06-10 13:24:20,Одобрено
APP-201084,Одобрено,2025-08-04 13:43:34,Одобрено
APP-201085,Одобрено,2025-02-17 15:44:43,Одобрено
APP-201086,Отказ,2025-01-14 13:52:07,Неполный пакет документов
APP-201087,Отказ,2025-07-30 14:08:46,Клиент отозвал заявку
APP-201088,Одобрено,2025-08-04 09:58:15,Одобрено
APP-201089,Отказ,2025-07-29 18:07:24,Высокая долговая нагрузка
APP-201090,Одобрено,2025-06-02 10:20:41,Одобрено
APP-201091,Одобрено,2025-05-16 04:44:15,Одобрено
APP-201092,Отказ,2025-02-05 16:23:30,Скоринговый балл ниже порога
APP-201093,Отказ,2025-05-07 10:52:35,Высокая долговая нагрузка
APP-201094,Отказ,2025-05-23 22:44:34,Скоринговый балл ниже порога
APP-201095,Одобрено,2025-04-25 22:16:17,Одобрено
APP-201096,Одобрено,2025-02-28 12:14:55,Одобрено
APP-201097,Одобрено,2025-02-24 21:13:31,Одобрено
APP-201098,Одобрено,2025-02-01 15:58:32,Одобрено
APP-201099,Одобрено,2025-06-22 15:48:08,Одобрено
APP-201100,Одобрено,2025-04-04 16:35:39,Одобрено
APP-201101,Отказ,2025-05-31 17:37:54,Скоринговый балл ниже порога
APP-201102,Одобрено,2025-02-11 17:46:37,Одобрено
APP-201103,Отказ,2025-02-16 08:31:48,Высокая долговая нагрузка
APP-201104,Одобрено,2025-05-13 21:15:50,Одобрено
APP-201105,Одобрено,2025-04-17 16:18:46,Одобрено
APP-201106,Отказ,2025-04-16 13:48:14,Скоринговый балл ниже порога
APP-201107,Отказ,2025-03-18 00:03:04,Высокая долговая нагрузка
APP-201108,Одобрено,2025-01-20 04:48:25,Одобрено
APP-201109,Одобрено,2025-04-16 03:28:59,Одобрено
APP-201110,Одобрено,2025-04-01 09:04:24,Одобрено
APP-201111,Отказ,2025-06-15 00:28:10,Скоринговый балл ниже порога
APP-201112,Отказ,2025-07-24 15:52:38,Неполный пакет документов
APP-201113,Одобрено,2025-02-08 11:09:46,Одобрено
APP-201114,Одобрено,2025-03-25 01:14:20,Одобрено
APP-201115,Отказ,2025-04-03 03:42:16,Скоринговый балл ниже порога
APP-201116,Отказ,2025-06-14 04:48:51,Высокая долговая нагрузка
APP-201118,Отказ,2025-03-20 20:31:52,Скоринговый балл ниже порога
APP-201119,Отказ,2025-04-06 17:51:19,Клиент не явился за средствами
APP-201120,Отказ,2025-04-24 10:29:01,Высокая долговая нагрузка
APP-201121,Одобрено,2025-06-11 07:31:57,Одобрено
APP-201122,Отказ,2025-01-13 01:28:54,Скоринговый балл ниже порога
APP-201123,Одобрено,2025-03-25 11:50:02,Одобрено
APP-201124,Отказ,2025-03-09 15:14:07,Скоринговый балл ниже порога
APP-201125,Отказ,2025-07-23 16:32:03,Скоринговый балл ниже порога
APP-201126,Одобрено,2025-03-07 16:28:15,Одобрено
APP-201127,Отказ,2025-05-31 23:14:17,Высокая долговая нагрузка
APP-201128,Одобрено,2025-04-28 06:49:54,Одобрено
APP-201129,Отказ,2025-04-05 02:08:39,Скоринговый балл ниже порога
APP-201130,Отказ,2025-05-11 06:24:54,Высокая долговая нагрузка
APP-201131,Одобрено,2025-08-04 18:06:57,Одобрено
APP-201132,Одобрено,2025-04-24 18:26:38,Одобрено
APP-201133,Одобрено,2025-01-19 02:15:52,Одобрено
APP-201134,Одобрено,2025-05-23 18:35:58,Одобрено
APP-201135,Одобрено,2025-03-19 20:06:09,Одобрено
APP-201136,Отказ,2025-08-02 01:38:22,Высокая долговая нагрузка
APP-201137,Одобрено,2025-02-26 02:03:35,Одобрено
APP-201138,Отказ,2025-02-18 15:32:21,Клиент не явился за средствами
APP-201139,Отказ,2025-01-28 12:05:20,Клиент не явился за средствами
APP-201140,Отказ,2025-02-16 08:07:30,Высокая долговая нагрузка
APP-201141,Одобрено,2025-03-11 06:23:21,Одобрено
APP-201142,Одобрено,2025-03-19 11:55:03,Одобрено
APP-201143,Одобрено,2025-06-24 19:23:31,Одобрено
APP-201144,Отказ,2025-04-06 17:44:22,Скоринговый балл ниже порога
APP-201145,Одобрено,2025-01-12 10:16:12,Одобрено
APP-201146,Отказ,2025-07-26 05:48:15,Клиент отозвал заявку
APP-201147,Отказ,2025-05-15 13:32:09,Клиент отозвал заявку
APP-201148,Отказ,2025-07-31 20:49:14,Скоринговый балл ниже порога
APP-201149,Отказ,2025-07-29 15:49:58,Высокая долговая нагрузка
APP-201150,Одобрено,2025-07-14 02:29:54,Одобрено
APP-201151,Одобрено,2025-05-01 14:19:24,Одобрено
APP-201152,Отказ,2025-05-07 23:33:35,Высокая долговая нагрузка
APP-201153,Одобрено,2025-04-30 10:26:23,Одобрено
APP-201154,Отказ,2025-05-24 19:28:28,Скоринговый балл ниже порога
APP-201155,Отказ,2025-07-25 00:07:59,Высокая долговая нагрузка
APP-201156,Одобрено,2025-02-16 02:11:58,Одобрено
APP-201157,Одобрено,2025-07-31 03:31:06,Одобрено
APP-201158,Одобрено,2025-03-30 10:48:02,Одобрено
APP-201159,Отказ,2025-05-24 18:20:58,Высокая долговая нагрузка
APP-201160,Отказ,2025-01-22 15:33:20,Клиент не явился за средствами
APP-201161,Отказ,2025-02-15 19:30:58,Клиент не явился за средствами
APP-201162,Одобрено,2025-03-30 05:36:23,Одобрено
APP-201163,Отказ,2025-01-17 23:18:17,Скоринговый балл ниже порога
APP-201164,Одобрено,2025-03-03 21:32:20,Одобрено
APP-201165,Отказ,2025-07-18 07:35:46,Высокая долговая нагрузка
APP-201166,Отказ,2025-05-02 17:17:18,Скоринговый балл ниже порога
APP-201167,Одобрено,2025-06-08 08:19:04,Одобрено
APP-201168,Отказ,2025-05-05 03:47:26,Клиент отозвал заявку
APP-201169,Одобрено,2025-01-18 00:25:51,Одобрено
APP-201170,Одобрено,2025-04-28 07:21:12,Одобрено
APP-201171,Одобрено,2025-05-23 18:54:57,Одобрено
APP-201172,Одобрено,2025-02-16 03:47:45,Одобрено
APP-201173,Одобрено,2025-04-04 04:09:41,Одобрено
APP-201174,Одобрено,2025-07-04 16:35:10,Одобрено
APP-201175,Одобрено,2025-02-19 04:25:30,Одобрено
APP-201176,Отказ,2025-04-10 09:56:29,Клиент не явился за средствами
APP-201177,Отказ,2025-04-14 06:37:01,Высокая долговая нагрузка
APP-201178,Одобрено,2025-04-11 02:22:41,Одобрено
APP-201179,Отказ,2025-07-09 18:43:04,Скоринговый балл ниже порога
APP-201180,Отказ,2025-08-05 23:31:59,Клиент не явился за средствами
APP-201181,Одобрено,2025-01-12 05:09:20,Одобрено
APP-201182,Отказ,2025-02-16 22:28:28,Скоринговый балл ниже порога
APP-201183,Отказ,2025-06-10 16:40:34,Скоринговый балл ниже порога
APP-201184,Отказ,2025-02-06 00:29:24,Высокая долговая нагрузка
APP-201185,Отказ,2025-04-23 22:26:02,Скоринговый балл ниже порога
APP-201186,Отказ,2025-02-21 22:50:50,Скоринговый балл ниже порога
APP-201187,Отказ,2025-08-07 23:50:38,Высокая долговая нагрузка
APP-201188,Отказ,2025-04-20 20:45:50,Скоринговый балл ниже порога
APP-201189,Одобрено,2025-03-25 08:29:32,Одобрено
APP-201190,Одобрено,2025-04-05 21:45:55,Одобрено
APP-201191,Одобрено,2025-06-18 02:11:56,Одобрено
APP-201192,Отказ,2025-05-05 17:30:48,Скоринговый балл ниже порога
APP-201193,Отказ,2025-06-05 05:07:11,Клиент не явился за средствами
APP-201194,Одобрено,2025-03-01 17:41:08,Одобрено
APP-201195,Одобрено,2025-06-21 02:02:30,Одобрено
APP-201196,Одобрено,2025-03-11 06:19:40,Одобрено
APP-201197,Одобрено,2025-07-04 21:49:55,Одобрено
APP-201198,Отказ,2025-05-24 09:17:07,Клиент не явился за средствами
APP-201199,Одобрено,2025-01-24 09:17:00,Одобрено
APP-201200,Одобрено,2025-03-30 16:55:14,Одобрено
APP-201201,Одобрено,2025-01-12 08:18:45,Одобрено
APP-201202,Одобрено,2025-03-29 08:20:10,TEST
APP-201203,Одобрено,2025-05-28 18:34:00,Одобрено
APP-201204,Одобрено,2025-02-10 12:51:14,Одобрено
APP-201205,Одобрено,2025-07-06 15:33:50,Одобрено
APP-201206,Одобрено,2025-05-11 14:23:22,Одобрено
APP-201207,Одобрено,2025-06-01 18:55:21,Одобрено
APP-201208,Одобрено,2025-04-28 20:11:45,Одобрено
APP-201209,Отказ,2025-07-24 11:12:32,Клиент не явился за средствами
APP-201210,Одобрено,2025-04-23 01:55:15,Одобрено
APP-201211,Одобрено,2025-04-05 04:00:12,Одобрено
APP-201212,Отказ,2025-05-26 08:03:18,Клиент не явился за средствами
APP-201213,Одобрено,2025-02-23 07:19:12,Одобрено
APP-201214,Отказ,2025-05-24 13:06:28,Скоринговый балл ниже порога
APP-201215,Отказ,2025-04-01 12:25:32,Неполный пакет документов
APP-201216,Отказ,2025-05-15 17:18:52,Высокая долговая нагрузка
APP-201217,Отказ,2025-06-06 03:34:13,Высокая долговая нагрузка
APP-201218,Отказ,2025-07-04 07:30:43,Клиент отозвал заявку
APP-201219,Одобрено,2025-04-01 11:07:23,Одобрено
APP-201220,Отказ,2025-07-24 14:52:18,Скоринговый балл ниже порога
APP-201221,Одобрено,2025-03-21 01:03:35,Одобрено
APP-201222,Отказ,2025-02-01 04:37:43,Высокая долговая нагрузка
APP-201223,Одобрено,2025-01-19 01:53:53,Одобрено
APP-201224,Отказ,2025-01-25 21:16:28,Скоринговый балл ниже порога
APP-201225,Отказ,2025-05-02 06:33:35,Клиент отозвал заявку
APP-201226,Отказ,2025-05-27 15:38:21,Неполный пакет документов
APP-201227,Отказ,2025-06-04 09:05:54,Высокая долговая нагрузка
APP-201228,Одобрено,2025-07-05 10:23:18,Одобрено
APP-201229,Одобрено,2025-05-10 15:09:56,Одобрено
APP-201230,Отказ,2025-04-11 14:49:32,Скоринговый балл ниже порога
APP-201231,Одобрено,2025-03-21 11:25:50,Одобрено
APP-201232,Одобрено,2025-01-27 10:44:25,Одобрено
APP-201233,Одобрено,2025-01-11 13:51:02,Одобрено
APP-201234,Отказ,2025-04-19 17:17:13,Клиент отозвал заявку
APP-201235,Одобрено,2025-07-17 14:56:40,Одобрено
APP-201236,Одобрено,2025-04-02 20:14:31,Одобрено
APP-201237,Отказ,2025-02-02 14:14:16,Скоринговый балл ниже порога
APP-201238,Отказ,2025-01-21 02:59:00,Высокая долговая нагрузка
APP-201239,Отказ,2025-01-18 09:33:46,Клиент не явился за средствами
APP-201240,Отказ,2025-05-28 11:38:39,Скоринговый балл ниже порога
APP-201241,Отказ,2025-04-02 12:40:09,Высокая долговая нагрузка
APP-201242,Отказ,2025-06-16 05:38:24,Высокая долговая нагрузка
APP-201243,Одобрено,2025-02-03 10:23:58,Одобрено
APP-201244,Одобрено,2025-06-10 05:12:13,Одобрено
APP-201245,Одобрено,2025-02-14 11:14:02,Одобрено
APP-201246,Одобрено,2025-07-27 09:55:05,Одобрено
APP-201247,Одобрено,2025-07-22 01:07:05,Одобрено
APP-201248,Одобрено,2025-04-28 12:33:54,Одобрено
APP-201249,Отказ,2025-06-11 08:30:01,Клиент не явился за средствами
APP-201250,Отказ,2025-03-18 22:44:23,Скоринговый балл ниже порога
APP-201251,Отказ,2025-04-29 18:57:19,Клиент не явился за средствами
APP-201252,Отказ,2025-03-09 23:24:05,Скоринговый балл ниже порога
APP-201253,Одобрено,2025-04-20 04:45:05,Одобрено
APP-201254,Отказ,2025-05-06 22:20:59,Клиент не явился за средствами
APP-201255,Отказ,2025-07-27 13:28:59,Скоринговый балл ниже порога
APP-201256,Отказ,2025-06-06 21:12:34,Клиент не явился за средствами
APP-201257,Отказ,2025-05-31 00:34:09,Клиент не явился за средствами
APP-201258,Одобрено,2025-04-02 14:35:56,Одобрено
APP-201259,Одобрено,2025-04-11 23:47:55,Одобрено
APP-201260,Отказ,2025-08-03 00:14:39,Высокая долговая нагрузка
APP-201261,Отказ,2025-05-19 22:44:17,Скоринговый балл ниже порога
APP-201262,Отказ,2025-07-10 15:46:37,Скоринговый балл ниже порога
APP-201263,Одобрено,2025-06-21 03:57:10,Одобрено
APP-201264,Одобрено,2025-04-11 04:31:53,Одобрено
APP-201265,Одобрено,2025-06-19 00:55:11,Одобрено
APP-201266,Отказ,2025-07-30 19:39:34,Неполный пакет документов
APP-201267,Отказ,2025-07-11 09:58:15,Высокая долговая нагрузка
APP-201268,Отказ,2025-02-26 17:08:13,Скоринговый балл ниже порога
APP-201269,Одобрено,2025-02-04 04:29:07,Одобрено
APP-201270,Одобрено,2025-03-04 21:21:21,Одобрено
APP-201271,Отказ,2025-06-11 22:29:23,Клиент не явился за средствами
APP-201272,Отказ,2025-02-08 18:08:16,Неполный пакет документов
APP-201273,Одобрено,2025-07-28 01:54:55,Одобрено
APP-201274,Отказ,2025-08-02 09:31:34,Высокая долговая нагрузка
APP-201275,Одобрено,2025-06-16 20:19:36,Одобрено
APP-201276,Одобрено,2025-03-18 11:20:47,Одобрено
APP-201277,Одобрено,2025-05-30 06:02:07,Одобрено
APP-201278,Одобрено,2025-05-27 23:31:16,Одобрено
APP-201279,Одобрено,2025-02-27 00:04:10,Одобрено
APP-201280,Одобрено,2025-01-30 19:01:44,Одобрено
APP-201281,Отказ,2025-01-30 20:19:30,Скоринговый балл ниже порога
APP-201282,Отказ,2025-05-31 20:28:12,Клиент отозвал заявку
APP-201283,Одобрено,2025-01-27 12:34:59,Одобрено
APP-201284,Отказ,2025-04-25 09:22:39,Высокая долговая нагрузка
APP-201285,Отказ,2025-06-15 15:29:14,Скоринговый балл ниже порога
APP-201286,Одобрено,2025-06-06 17:41:25,Одобрено
APP-201287,Одобрено,2025-03-15 15:31:57,Одобрено
APP-201288,Одобрено,2025-07-29 11:55:21,Одобрено
APP-201289,Одобрено,2025-07-27 16:33:28,Одобрено
APP-201290,Одобрено,2025-02-26 10:14:38,Одобрено
APP-201291,Одобрено,2025-08-07 04:46:19,Одобрено
APP-201292,Одобрено,2025-04-19 01:33:56,Одобрено
APP-201293,Отказ,2025-02-09 22:56:41,Скоринговый балл ниже порога
APP-201294,Одобрено,2025-01-26 11:32:36,Одобрено
APP-201295,Отказ,2025-01-18 20:33:49,Скоринговый балл ниже порога
APP-201296,Отказ,2025-05-18 20:14:34,Клиент отозвал заявку
APP-201297,Одобрено,2025-05-23 14:54:41,Одобрено
APP-201298,Одобрено,2025-05-19 05:27:07,Одобрено
APP-201299,Отказ,2025-04-26 21:45:02,Высокая долговая нагрузка
APP-201300,Отказ,2025-03-09 08:26:15,Клиент отозвал заявку
APP-201301,Отказ,2025-07-11 17:32:59,Клиент отозвал заявку
APP-201302,Одобрено,2025-03-20 00:08:09,Одобрено
APP-201303,Отказ,2025-06-13 19:21:42,Скоринговый балл ниже порога
APP-201304,Одобрено,2025-02-06 13:19:07,Одобрено
APP-201305,Одобрено,2025-05-12 01:04:27,Одобрено
APP-201307,Отказ,2025-02-16 04:42:35,Клиент не явился за средствами
APP-201308,Одобрено,2025-03-03 16:43:11,Одобрено
APP-201309,Одобрено,2025-06-13 11:01:22,Одобрено
APP-201310,Одобрено,2025-06-27 00:04:12,Одобрено
APP-201311,Отказ,2025-04-19 15:03:40,Высокая долговая нагрузка
APP-201312,Отказ,2025-02-12 22:08:28,Высокая долговая нагрузка
APP-201313,Отказ,2025-02-28 19:59:33,Неполный пакет документов
APP-201314,Одобрено,2025-02-25 22:08:17,Одобрено
APP-201315,Одобрено,2025-07-21 19:52:53,Одобрено
APP-201316,Одобрено,2025-06-14 17:53:08,Одобрено
APP-201317,Одобрено,2025-05-24 05:40:17,Одобрено
APP-201318,Отказ,2025-02-14 20:15:59,Скоринговый балл ниже порога
APP-201319,Отказ,2025-03-16 13:19:06,Скоринговый балл ниже порога
APP-201320,Одобрено,2025-04-29 07:22:15,Одобрено
APP-201321,Одобрено,2025-04-20 14:01:24,Одобрено
APP-201322,Отказ,2025-03-24 00:13:52,Клиент не явился за средствами
APP-201323,Отказ,2025-06-11 15:17:39,Высокая долговая нагрузка
APP-201324,Отказ,2025-02-26 05:06:31,Клиент не явился за средствами
APP-201325,Отказ,2025-06-12 10:43:36,Высокая долговая нагрузка
APP-201326,Отказ,2025-05-18 22:36:01,Высокая долговая нагрузка
APP-201327,Одобрено,2025-03-18 08:13:32,Одобрено
APP-201328,Одобрено,2025-04-04 21:42:12,Одобрено
APP-201329,Одобрено,2025-07-13 08:49:45,Одобрено
APP-201330,Одобрено,2025-04-18 03:17:01,TEST
APP-201331,Одобрено,2025-06-12 18:51:52,Одобрено
APP-201332,Одобрено,2025-05-11 00:01:30,Одобрено
APP-201333,Одобрено,2025-02-13 15:53:58,Одобрено
APP-201334,Одобрено,2025-03-19 05:59:05,Одобрено
APP-201335,Одобрено,2025-05-25 00:11:00,Одобрено
APP-201336,Отказ,2025-01-23 11:05:51,Высокая долговая нагрузка
APP-201337,Отказ,2025-06-16 16:47:22,Неполный пакет документов
APP-201338,Одобрено,2025-02-17 04:43:24,Одобрено
APP-201339,Отказ,2025-05-16 22:43:36,Высокая долговая нагрузка
APP-201340,Отказ,2025-02-27 08:32:43,Клиент отозвал заявку
APP-201341,Отказ,2025-04-30 06:29:59,Высокая долговая нагрузка
APP-201342,Одобрено,2025-01-10 04:35:15,Одобрено
APP-201343,Отказ,2025-07-20 03:37:41,Скоринговый балл ниже порога
APP-201344,Отказ,2025-04-12 01:03:19,Высокая долговая нагрузка
APP-201345,Одобрено,2025-07-06 15:13:22,Одобрено
APP-201346,Отказ,2025-05-29 11:34:48,Высокая долговая нагрузка
APP-201347,Одобрено,2025-01-28 05:57:54,Одобрено
APP-201348,Отказ,2025-01-09 15:07:56,Скоринговый балл ниже порога
APP-201349,Одобрено,2025-03-22 08:54:35,Одобрено
APP-201350,Отказ,2025-07-14 13:52:49,Высокая долговая нагрузка
APP-201351,Одобрено,2025-05-04 13:40:05,Одобрено
APP-201352,Отказ,2025-04-17 13:13:25,Высокая долговая нагрузка
APP-201353,Отказ,2025-01-18 17:20:57,Неполный пакет документов
APP-201354,Отказ,2025-07-30 04:03:43,Клиент не явился за средствами
APP-201355,Одобрено,2025-02-01 14:43:28,Одобрено
APP-201356,Отказ,2025-06-25 04:48:52,Клиент отозвал заявку
APP-201357,Отказ,2025-02-14 09:12:47,Клиент не явился за средствами
APP-201358,Одобрено,2025-04-23 03:14:51,Одобрено
APP-201359,Одобрено,2025-07-19 19:21:43,Одобрено
APP-201360,Отказ,2025-08-03 14:50:04,Высокая долговая нагрузка
APP-201362,Отказ,2025-03-02 15:19:02,Клиент не явился за средствами
APP-201363,Отказ,2025-04-21 17:30:03,Высокая долговая нагрузка
APP-201364,Одобрено,2025-04-04 15:23:59,Одобрено
APP-201365,Одобрено,2025-01-09 09:36:36,Одобрено
APP-201366,Одобрено,2025-05-11 19:55:22,Одобрено
APP-201367,Отказ,2025-06-30 18:27:06,Клиент не явился за средствами
APP-201368,Отказ,2025-01-17 03:08:13,Высокая долговая нагрузка
APP-201369,Отказ,2025-03-15 17:27:25,Клиент не явился за средствами
APP-201370,Одобрено,2025-07-27 21:57:34,Одобрено
APP-201371,Одобрено,2025-03-05 17:22:14,Одобрено
APP-201372,Отказ,2025-03-02 13:07:53,Клиент отозвал заявку
APP-201373,Отказ,2025-07-25 21:29:41,Скоринговый балл ниже порога
APP-201374,Одобрено,2025-07-21 21:47:44,Одобрено
APP-201375,Одобрено,2025-07-27 14:08:08,Одобрено
APP-201376,Отказ,2025-04-07 19:34:39,Скоринговый балл ниже порога
APP-201377,Одобрено,2025-02-11 12:44:31,Одобрено
APP-201378,Одобрено,2025-01-15 08:18:20,Одобрено
APP-201379,Одобрено,2025-04-29 21:35:55,Одобрено
APP-201380,Одобрено,2025-03-27 21:05:39,Одобрено
APP-201381,Отказ,2025-01-19 21:15:55,Скоринговый балл ниже порога
APP-201382,Одобрено,2025-07-22 16:10:46,Одобрено
APP-201383,Одобрено,2025-06-05 10:29:43,Одобрено
APP-201384,Отказ,2025-03-12 00:06:06,Скоринговый балл ниже порога
APP-201385,Отказ,2025-06-25 15:01:42,Скоринговый балл ниже порога
APP-201386,Одобрено,2025-05-27 19:55:03,Одобрено
APP-201387,Отказ,2025-06-08 20:02:17,Скоринговый балл ниже порога
APP-201388,Отказ,2025-01-09 14:49:10,Неполный пакет документов
APP-201389,Одобрено,2025-06-14 17:17:54,Одобрено
APP-201390,Отказ,2025-06-05 23:53:30,Высокая долговая нагрузка
APP-201391,Отказ,2025-06-30 17:53:38,Высокая долговая нагрузка
APP-201392,Отказ,2025-01-15 11:09:35,Высокая долговая нагрузка
APP-201393,Одобрено,2025-03-06 16:26:24,Одобрено
APP-201394,Одобрено,2025-03-10 13:19:07,Одобрено
APP-201395,Отказ,2025-02-05 17:27:39,Скоринговый балл ниже порога
APP-201396,Одобрено,2025-01-12 17:05:48,Одобрено
APP-201397,Отказ,2025-06-15 00:33:35,Скоринговый балл ниже порога
APP-201398,Одобрено,2025-03-15 22:30:15,Одобрено
APP-201399,Отказ,2025-01-23 03:31:16,Клиент не явился за средствами
APP-201400,Одобрено,2025-04-13 22:38:30,Одобрено
APP-201401,Одобрено,2025-07-06 06:22:55,Одобрено
APP-201402,Одобрено,2025-02-20 20:42:17,Одобрено
APP-201403,Одобрено,2025-03-13 15:23:41,Одобрено
APP-201404,Одобрено,2025-06-03 07:02:07,Одобрено
APP-201405,Одобрено,2025-03-07 20:29:41,Одобрено
APP-201406,Отказ,2025-04-26 19:17:23,Скоринговый балл ниже порога
APP-201407,Отказ,2025-02-03 19:07:41,Клиент не явился за средствами
APP-201408,Отказ,2025-07-10 21:06:23,Скоринговый балл ниже порога
APP-201409,Отказ,2025-02-13 14:23:48,Клиент не явился за средствами
APP-201410,Отказ,2025-04-30 11:24:13,Неполный пакет документов
APP-201411,Отказ,2025-03-02 22:15:24,Скоринговый балл ниже порога
APP-201412,Одобрено,2025-01-16 23:46:17,Одобрено
APP-201414,Отказ,2025-04-02 17:32:33,Скоринговый балл ниже порога
APP-201415,Одобрено,2025-05-30 13:50:56,Одобрено
APP-201416,Одобрено,2025-06-13 08:30:37,Одобрено
APP-201417,Одобрено,2025-04-11 04:39:45,Одобрено
APP-201418,Отказ,2025-03-21 08:34:03,Высокая долговая нагрузка
APP-201419,Одобрено,2025-04-12 04:19:34,Одобрено
APP-201420,Одобрено,2025-04-06 09:50:07,Одобрено
APP-201421,Одобрено,2025-03-23 03:00:03,Одобрено
APP-201422,Отказ,2025-01-06 15:32:16,Скоринговый балл ниже порога
APP-201423,Одобрено,2025-02-27 20:18:43,Одобрено
APP-201424,Одобрено,2025-03-03 22:23:37,Одобрено
APP-201425,Отказ,2025-05-23 20:54:47,Клиент не явился за средствами
APP-201426,Отказ,2025-04-11 18:21:25,Высокая долговая нагрузка
APP-201427,Отказ,2025-06-25 08:37:52,Высокая долговая нагрузка
APP-201428,Одобрено,2025-02-08 22:44:22,Одобрено
APP-201429,Одобрено,2025-08-04 13:07:36,Одобрено
APP-201430,Одобрено,2025-02-25 10:33:21,Одобрено
APP-201431,Отказ,2025-04-25 12:14:41,Высокая долговая нагрузка
APP-201432,Одобрено,2025-05-11 06:50:10,Одобрено
APP-201433,Отказ,2025-05-09 11:42:59,Высокая долговая нагрузка
APP-201434,Одобрено,2025-06-10 18:53:59,Одобрено
APP-201435,Отказ,2025-04-21 18:45:12,Клиент не явился за средствами
APP-201436,Одобрено,2025-07-20 00:21:15,Одобрено
APP-201437,Одобрено,2025-02-14 02:28:35,Одобрено
APP-201438,Одобрено,2025-06-10 09:05:34,Одобрено
APP-201439,Одобрено,2025-07-11 16:53:21,Одобрено
APP-201440,Отказ,2025-07-21 22:44:13,Скоринговый балл ниже порога
APP-201441,Одобрено,2025-04-29 08:17:38,Одобрено
APP-201442,Отказ,2025-01-21 17:07:06,Клиент отозвал заявку
APP-201443,Одобрено,2025-05-28 23:58:09,Одобрено
APP-201444,Отказ,2025-07-30 02:11:04,Клиент отозвал заявку
APP-201445,Отказ,2025-04-23 11:51:20,Высокая долговая нагрузка
APP-201446,Одобрено,2025-03-08 11:49:01,Одобрено
APP-201447,Одобрено,2025-03-11 11:09:16,Одобрено
APP-201448,Отказ,2025-01-31 21:40:39,Неполный пакет документов
APP-201449,Отказ,2025-07-11 14:40:57,Высокая долговая нагрузка
APP-201450,Отказ,2025-06-21 14:05:34,Высокая долговая нагрузка
APP-201451,Отказ,2025-05-26 06:39:01,Высокая долговая нагрузка
APP-201452,Одобрено,2025-08-05 01:14:00,Одобрено
APP-201453,Отказ,2025-04-17 05:12:11,Клиент отозвал заявку
APP-201454,Одобрено,2025-05-01 14:14:33,Одобрено
APP-201455,Одобрено,2025-06-16 07:46:31,Одобрено
APP-201456,Отказ,2025-05-20 13:24:03,Скоринговый балл ниже порога
APP-201457,Одобрено,2025-02-17 10:15:09,Одобрено
APP-201458,Одобрено,2025-01-09 17:41:36,Одобрено
APP-201459,Одобрено,2025-04-27 08:14:03,Одобрено
APP-201460,Отказ,2025-07-21 04:51:05,Высокая долговая нагрузка
APP-201461,Отказ,2025-05-18 20:03:21,Скоринговый балл ниже порога
APP-201462,Одобрено,2025-06-12 08:07:42,Одобрено
APP-201463,Отказ,2025-06-11 06:23:06,Клиент отозвал заявку
APP-201464,Одобрено,2025-01-27 21:59:45,Одобрено
APP-201465,Отказ,2025-01-09 19:24:22,Скоринговый балл ниже порога
APP-201466,Отказ,2025-04-02 14:27:45,Скоринговый балл ниже порога
APP-201467,Одобрено,2025-02-23 05:59:32,Одобрено
APP-201468,Одобрено,2025-04-15 05:05:01,Одобрено
APP-201469,Отказ,2025-05-10 07:54:52,Высокая долговая нагрузка
APP-201470,Одобрено,2025-06-08 09:50:22,Одобрено
APP-201471,Отказ,2025-07-23 09:06:54,Высокая долговая нагрузка
APP-201472,Одобрено,2025-02-24 04:21:57,Одобрено
APP-201473,Одобрено,2025-04-23 16:09:03,Одобрено
APP-201474,Одобрено,2025-06-07 18:06:18,Одобрено
APP-201475,Отказ,2025-05-24 03:59:08,Клиент не явился за средствами
APP-201476,Отказ,2025-06-23 08:04:12,Клиент не явился за средствами
APP-201477,Одобрено,2025-07-12 09:19:26,Одобрено
APP-201478,Отказ,2025-02-09 04:19:14,Клиент не явился за средствами
APP-201479,Отказ,2025-01-17 07:36:47,Высокая долговая нагрузка
APP-201480,Отказ,2025-01-14 15:52:59,Клиент не явился за средствами
APP-201481,Одобрено,2025-07-03 08:21:36,Одобрено
APP-201482,Одобрено,2025-05-09 22:40:30,Одобрено
APP-201483,Одобрено,2025-05-01 01:20:44,Одобрено
APP-201484,Отказ,2025-02-09 15:38:47,Скоринговый балл ниже порога
APP-201485,Одобрено,2025-06-26 00:34:20,Одобрено
APP-201487,Отказ,2025-04-26 20:08:57,Скоринговый балл ниже порога
APP-201488,Одобрено,2025-02-11 14:28:30,Одобрено
APP-201489,Отказ,2025-02-08 13:21:33,Неполный пакет документов
APP-201490,Одобрено,2025-07-09 04:12:09,Одобрено
APP-201491,Отказ,2025-05-09 17:02:59,Клиент отозвал заявку
APP-201492,Одобрено,2025-01-11 14:10:00,Одобрено
APP-201493,Отказ,2025-05-24 15:30:18,Скоринговый балл ниже порога
APP-201494,Отказ,2025-06-18 17:17:33,Высокая долговая нагрузка
APP-201495,Отказ,2025-06-09 10:29:25,Высокая долговая нагрузка
APP-201496,Отказ,2025-05-18 15:06:47,Скоринговый балл ниже порога
APP-201497,Одобрено,2025-07-27 19:34:56,Одобрено
APP-201499,Одобрено,2025-07-19 20:47:04,Одобрено
APP-201500,Одобрено,2025-03-30 13:13:26,Одобрено
APP-201501,Отказ,2025-05-18 23:30:37,Клиент отозвал заявку
APP-201502,Одобрено,2025-03-29 22:44:34,Одобрено
APP-201503,Одобрено,2025-07-13 11:08:20,Одобрено
APP-201504,Одобрено,2025-01-21 04:49:05,TEST
APP-201505,Одобрено,2025-05-11 22:32:00,Одобрено
APP-201506,Одобрено,2025-01-24 20:37:04,Одобрено
APP-201507,Отказ,2025-08-02 18:16:04,Клиент не явился за средствами
APP-201508,Отказ,2025-05-10 17:19:51,Скоринговый балл ниже порога
APP-201509,Одобрено,2025-07-19 08:21:20,Одобрено
APP-201510,Отказ,2025-05-02 17:55:28,Скоринговый балл ниже порога
APP-201511,Одобрено,2025-05-19 12:43:28,Одобрено
APP-201512,Отказ,2025-02-05 00:58:33,Клиент не явился за средствами
APP-201513,Отказ,2025-01-30 09:20:49,Высокая долговая нагрузка
APP-201514,Одобрено,2025-06-18 01:38:58,Одобрено
APP-201515,Отказ,2025-06-07 13:48:35,Скоринговый балл ниже порога
APP-201516,Одобрено,2025-04-26 06:10:42,Одобрено
APP-201517,Одобрено,2025-05-08 10:44:41,Одобрено
APP-201518,Одобрено,2025-08-02 17:20:31,TEST
APP-201519,Одобрено,2025-04-12 03:59:02,Одобрено
APP-201520,Одобрено,2025-05-03 20:59:51,Одобрено
APP-201521,Одобрено,2025-02-02 07:31:09,Одобрено
APP-201522,Отказ,2025-05-11 20:47:37,Скоринговый балл ниже порога
APP-201523,Одобрено,2025-06-13 04:12:15,Одобрено
APP-201524,Одобрено,2025-03-08 02:04:50,Одобрено
APP-201525,Отказ,2025-06-06 19:50:39,Клиент не явился за средствами
APP-201526,Одобрено,2025-06-26 10:37:24,Одобрено
APP-201527,Одобрено,2025-06-17 09:32:29,Одобрено
APP-201528,Отказ,2025-06-05 14:08:01,Высокая долговая нагрузка
APP-201529,Отказ,2025-01-26 10:49:52,Клиент отозвал заявку
APP-201530,Одобрено,2025-03-11 22:27:53,Одобрено
APP-201531,Одобрено,2025-01-16 09:06:53,Одобрено
APP-201532,Одобрено,2025-07-01 13:39:07,Одобрено
APP-201533,Одобрено,2025-05-02 22:39:15,Одобрено
APP-201534,Одобрено,2025-01-16 18:11:59,TEST
APP-201535,Одобрено,2025-06-19 16:03:52,Одобрено
APP-201536,Отказ,2025-07-03 15:51:48,Скоринговый балл ниже порога
APP-201537,Отказ,2025-03-25 16:07:20,Клиент не явился за средствами
APP-201538,Одобрено,2025-07-31 12:37:21,Одобрено
APP-201539,Отказ,2025-06-01 14:59:46,Неполный пакет документов
APP-201540,Отказ,2025-05-02 05:17:18,Клиент не явился за средствами
APP-201541,Отказ,2025-03-22 19:35:37,Скоринговый балл ниже порога
APP-201542,Отказ,2025-04-18 22:11:02,Скоринговый балл ниже порога
APP-201543,Отказ,2025-05-30 18:35:58,Клиент отозвал заявку
APP-201544,Одобрено,2025-04-06 02:04:29,Одобрено
APP-201545,Одобрено,2025-03-13 15:17:19,Одобрено
APP-201546,Отказ,2025-03-11 11:33:31,Клиент не явился за средствами
APP-201547,Отказ,2025-05-18 09:04:28,Высокая долговая нагрузка
APP-201548,Одобрено,2025-05-30 03:19:21,Одобрено
APP-201549,Одобрено,2025-07-08 11:41:15,Одобрено
APP-201550,Одобрено,2025-01-22 10:25:35,Одобрено
APP-201551,Отказ,2025-01-15 21:54:29,Скоринговый балл ниже порога
APP-201552,Одобрено,2025-07-24 01:29:34,Одобрено
APP-201553,Одобрено,2025-03-01 03:06:07,Одобрено
APP-201554,Одобрено,2025-06-24 07:15:45,Одобрено
APP-201555,Одобрено,2025-07-19 04:34:49,Одобрено
APP-201556,Одобрено,2025-05-22 17:39:36,Одобрено
APP-201557,Одобрено,2025-07-01 11:05:10,Одобрено
APP-201558,Одобрено,2025-08-05 13:49:55,Одобрено
APP-201559,Одобрено,2025-06-16 18:37:22,TEST
APP-201560,Отказ,2025-06-23 17:40:54,Высокая долговая нагрузка
APP-201561,Отказ,2025-05-20 15:07:08,Скоринговый балл ниже порога
APP-201562,Одобрено,2025-04-03 13:19:35,Одобрено
APP-201563,Одобрено,2025-03-15 07:02:30,Одобрено
APP-201564,Одобрено,2025-03-05 02:20:08,Одобрено
APP-201565,Одобрено,2025-05-09 18:43:56,Одобрено
APP-201566,Отказ,2025-01-29 02:07:57,Скоринговый балл ниже порога
APP-201567,Одобрено,2025-03-22 17:42:51,Одобрено
APP-201568,Одобрено,2025-06-06 19:01:30,Одобрено
APP-201569,Отказ,2025-02-18 13:30:22,Высокая долговая нагрузка
APP-201570,Отказ,2025-07-09 13:20:25,Высокая долговая нагрузка
APP-201571,Отказ,2025-01-29 11:41:36,Скоринговый балл ниже порога
APP-201572,Отказ,2025-05-14 14:19:20,Скоринговый балл ниже порога
APP-201573,Одобрено,2025-05-12 22:24:57,Одобрено
APP-201574,Отказ,2025-07-11 20:54:28,Скоринговый балл ниже порога
APP-201575,Одобрено,2025-01-27 21:56:17,Одобрено
APP-201576,Отказ,2025-05-30 18:21:18,Скоринговый балл ниже порога
APP-201577,Отказ,2025-06-13 18:23:46,Скоринговый балл ниже порога
APP-201578,Отказ,2025-02-27 16:42:05,Скоринговый балл ниже порога
APP-201579,Одобрено,2025-05-04 23:58:37,Одобрено
APP-201580,Одобрено,2025-05-28 17:32:52,Одобрено
APP-201581,Отказ,2025-05-05 14:09:14,Клиент не явился за средствами
APP-201582,Одобрено,2025-03-08 00:50:08,Одобрено
APP-201583,Одобрено,2025-07-05 13:28:15,Одобрено
APP-201584,Одобрено,2025-07-12 03:15:25,Одобрено
APP-201585,Отказ,2025-01-26 17:13:41,Скоринговый балл ниже порога
APP-201586,Одобрено,2025-04-03 22:57:54,Одобрено
APP-201587,Одобрено,2025-03-14 18:08:06,Одобрено
APP-201588,Отказ,2025-04-22 17:30:25,Высокая долговая нагрузка
APP-201589,Отказ,2025-03-04 17:33:36,Неполный пакет документов
APP-201590,Отказ,2025-02-10 20:28:33,Скоринговый балл ниже порога
APP-201591,Одобрено,2025-07-22 12:36:46,Одобрено
APP-201592,Отказ,2025-06-06 05:20:12,Высокая долговая нагрузка
APP-201593,Одобрено,2025-07-29 09:00:30,Одобрено
APP-201594,Отказ,2025-04-26 08:21:50,Высокая долговая нагрузка
APP-201595,Одобрено,2025-02-02 23:10:41,Одобрено
APP-201596,Отказ,2025-04-04 07:42:05,Клиент отозвал заявку
APP-201597,Отказ,2025-06-07 21:56:20,Скоринговый балл ниже порога
APP-201598,Отказ,2025-01-20 05:20:04,Клиент отозвал заявку
APP-201599,Одобрено,2025-05-07 17:01:13,Одобрено
APP-201600,Одобрено,2025-07-08 21:52:54,Одобрено
APP-201601,Одобрено,2025-06-13 05:48:23,Одобрено
APP-201602,Отказ,2025-06-09 10:10:44,Клиент не явился за средствами
APP-201603,Отказ,2025-01-26 17:44:33,Высокая долговая нагрузка
APP-201604,Отказ,2025-07-13 21:46:45,Скоринговый балл ниже порога
APP-201605,Одобрено,2025-01-27 00:08:07,Одобрено
APP-201606,Отказ,2025-06-06 16:01:52,Высокая долговая нагрузка
APP-201607,Одобрено,2025-06-04 22:54:20,Одобрено
APP-201608,Одобрено,2025-03-04 23:25:06,Одобрено
APP-201609,Отказ,2025-06-25 09:43:10,Высокая долговая нагрузка
APP-201610,Одобрено,2025-06-16 23:12:57,Одобрено
APP-201611,Отказ,2025-01-19 14:31:19,Клиент отозвал заявку
APP-201612,Одобрено,2025-06-05 03:37:51,Одобрено
APP-201613,Одобрено,2025-07-21 17:25:35,Одобрено
APP-201615,Отказ,2025-04-18 03:27:54,Высокая долговая нагрузка
APP-201616,Отказ,2025-07-04 11:36:08,Клиент отозвал заявку
APP-201617,Одобрено,2025-03-30 23:37:01,Одобрено
APP-201618,Одобрено,2025-02-12 16:17:31,TEST
APP-201619,Одобрено,2025-07-08 17:54:52,Одобрено
APP-201620,Одобрено,2025-05-28 06:05:20,Одобрено
APP-201622,Одобрено,2025-01-18 22:46:05,Одобрено
APP-201623,Отказ,2025-02-14 21:05:10,Скоринговый балл ниже порога
APP-201624,Отказ,2025-02-28 12:58:10,Неполный пакет документов
APP-201625,Одобрено,2025-07-20 09:50:21,Одобрено
APP-201626,Одобрено,2025-02-16 07:54:25,Одобрено
APP-201627,Одобрено,2025-01-14 01:47:58,Одобрено
APP-201628,Одобрено,2025-06-03 10:26:55,Одобрено
APP-201629,Одобрено,2025-04-22 18:05:06,Одобрено
APP-201630,Одобрено,2025-05-19 14:21:57,Одобрено
APP-201631,Одобрено,2025-05-18 23:10:50,Одобрено
APP-201632,Отказ,2025-06-04 05:22:30,Клиент отозвал заявку
APP-201633,Отказ,2025-06-09 17:35:12,Клиент не явился за средствами
APP-201634,Одобрено,2025-05-21 11:39:26,Одобрено
APP-201635,Одобрено,2025-04-17 11:46:33,Одобрено
APP-201636,Отказ,2025-07-08 18:50:13,Высокая долговая нагрузка
APP-201637,Отказ,2025-01-17 22:19:58,Скоринговый балл ниже порога
APP-201638,Одобрено,2025-05-19 07:05:30,Одобрено
APP-201639,Одобрено,2025-07-25 15:05:00,Одобрено
APP-201640,Отказ,2025-03-05 10:34:45,Высокая долговая нагрузка
APP-201641,Отказ,2025-07-04 13:16:09,Скоринговый балл ниже порога
APP-201642,Одобрено,2025-06-23 18:13:05,Одобрено
APP-201643,Одобрено,2025-02-12 09:06:03,Одобрено
APP-201644,Отказ,2025-05-15 18:58:56,Скоринговый балл ниже порога
APP-201645,Отказ,2025-04-02 13:04:36,Клиент отозвал заявку
APP-201646,Одобрено,2025-04-27 12:09:10,Одобрено
APP-201647,Отказ,2025-03-30 12:51:12,Скоринговый балл ниже порога
APP-201648,Отказ,2025-06-01 16:01:18,Скоринговый балл ниже порога
APP-201649,Одобрено,2025-02-09 12:44:43,Одобрено
APP-201650,Отказ,2025-01-20 10:12:27,Высокая долговая нагрузка
APP-201651,Одобрено,2025-05-15 13:28:32,Одобрено
APP-201652,Отказ,2025-03-06 11:22:23,Неполный пакет документов
APP-201653,Одобрено,2025-06-04 16:49:09,Одобрено
APP-201654,Отказ,2025-04-27 10:50:44,Высокая долговая нагрузка
APP-201655,Одобрено,2025-02-13 21:06:54,Одобрено
APP-201656,Одобрено,2025-05-22 22:01:47,Одобрено
APP-201657,Одобрено,2025-01-09 16:28:39,Одобрено
APP-201658,Отказ,2025-01-25 08:46:28,Клиент не явился за средствами
APP-201659,Отказ,2025-05-23 13:53:49,Высокая долговая нагрузка
APP-201660,Отказ,2025-06-11 14:08:05,Неполный пакет документов
APP-201662,Отказ,2025-04-22 01:01:46,Высокая долговая нагрузка
APP-201663,Отказ,2025-05-17 13:14:51,Высокая долговая нагрузка
APP-201664,Одобрено,2025-05-15 03:17:05,Одобрено
APP-201665,Одобрено,2025-03-31 08:33:34,Одобрено
APP-201666,Одобрено,2025-06-10 22:28:08,Одобрено
APP-201667,Отказ,2025-05-22 09:40:25,Высокая долговая нагрузка
APP-201668,Отказ,2025-04-30 07:39:02,Клиент не явился за средствами
APP-201669,Отказ,2025-03-07 21:56:52,Скоринговый балл ниже порога
APP-201670,Одобрено,2025-08-03 22:42:29,Одобрено
APP-201671,Одобрено,2025-01-23 04:56:38,Одобрено
APP-201672,Отказ,2025-01-12 10:09:29,Высокая долговая нагрузка
APP-201673,Одобрено,2025-03-31 13:33:03,Одобрено
APP-201674,Одобрено,2025-03-09 14:35:11,Одобрено
APP-201675,Одобрено,2025-02-28 14:13:37,Одобрено
APP-201676,Одобрено,2025-01-26 14:54:31,Одобрено
APP-201677,Одобрено,2025-07-04 21:54:00,Одобрено
APP-201678,Одобрено,2025-04-10 08:20:00,Одобрено
APP-201679,Отказ,2025-07-26 05:50:48,Высокая долговая нагрузка
APP-201680,Отказ,2025-03-06 03:30:36,Скоринговый балл ниже порога
APP-201681,Отказ,2025-03-24 14:45:30,Клиент не явился за средствами
APP-201683,Отказ,2025-01-29 12:04:00,Неполный пакет документов
APP-201684,Отказ,2025-03-01 14:37:35,Скоринговый балл ниже порога
APP-201685,Отказ,2025-04-12 18:37:45,Скоринговый балл ниже порога
APP-201686,Одобрено,2025-01-17 10:36:46,Одобрено
APP-201687,Отказ,2025-08-02 21:12:42,Скоринговый балл ниже порога
APP-201688,Одобрено,2025-07-25 19:23:16,Одобрено
APP-201689,Отказ,2025-02-18 15:39:52,Высокая долговая нагрузка
APP-201690,Одобрено,2025-05-27 17:24:43,Одобрено
APP-201691,Отказ,2025-02-03 23:56:58,Высокая долговая нагрузка
APP-201692,Отказ,2025-04-25 20:40:15,Скоринговый балл ниже порога
APP-201693,Отказ,2025-03-16 22:06:24,Высокая долговая нагрузка
APP-201694,Одобрено,2025-04-26 08:34:58,Одобрено
APP-201695,Отказ,2025-02-03 14:51:35,Неполный пакет документов
APP-201696,Одобрено,2025-04-23 17:53:47,Одобрено
APP-201697,Отказ,2025-05-26 13:13:35,Скоринговый балл ниже порога
APP-201698,Отказ,2025-01-28 14:13:29,Скоринговый балл ниже порога
APP-201699,Отказ,2025-08-03 18:03:21,Клиент не явился за средствами
APP-201700,Отказ,2025-03-20 06:18:28,Высокая долговая нагрузка
APP-201701,Одобрено,2025-05-28 06:23:06,Одобрено
APP-201702,Одобрено,2025-06-11 15:17:37,Одобрено
APP-201703,Отказ,2025-02-19 19:10:35,Скоринговый балл ниже порога
APP-201704,Одобрено,2025-02-23 02:03:31,Одобрено
APP-201705,Одобрено,2025-05-21 01:33:06,Одобрено
APP-201706,Отказ,2025-04-20 13:43:43,Скоринговый балл ниже порога
APP-201707,Одобрено,2025-07-10 23:15:00,Одобрено
APP-201708,Одобрено,2025-02-28 11:03:12,Одобрено
APP-201709,Отказ,2025-01-18 07:39:17,Высокая долговая нагрузка
APP-201710,Одобрено,2025-03-02 17:28:25,Одобрено
APP-201711,Одобрено,2025-07-16 01:21:57,Одобрено
APP-201712,Отказ,2025-05-03 09:54:41,Высокая долговая нагрузка
APP-201713,Отказ,2025-06-07 20:29:00,Высокая долговая нагрузка
APP-201714,Отказ,2025-07-27 11:12:48,Клиент не явился за средствами
APP-201715,Одобрено,2025-03-07 08:43:45,Одобрено
APP-201716,Одобрено,2025-01-27 02:13:18,Одобрено
APP-201717,Одобрено,2025-05-01 19:05:26,Одобрено
APP-201718,Отказ,2025-07-17 16:33:52,Неполный пакет документов
APP-201719,Отказ,2025-07-16 09:22:11,Высокая долговая нагрузка
APP-201720,Отказ,2025-02-17 21:08:03,Скоринговый балл ниже порога
APP-201721,Одобрено,2025-07-07 15:16:41,Одобрено
APP-201722,Одобрено,2025-06-21 12:17:55,Одобрено
APP-201723,Одобрено,2025-07-12 06:19:16,Одобрено
APP-201724,Одобрено,2025-04-03 08:02:29,Одобрено
APP-201725,Одобрено,2025-06-28 12:44:42,Одобрено
APP-201726,Отказ,2025-03-13 17:27:19,Клиент отозвал заявку
APP-201727,Одобрено,2025-05-16 06:28:19,Одобрено
APP-201728,Одобрено,2025-07-01 07:09:58,Одобрено
APP-201729,Отказ,2025-04-18 16:59:34,Скоринговый балл ниже порога
APP-201730,Одобрено,2025-06-20 23:11:39,Одобрено
APP-201731,Одобрено,2025-07-10 20:53:11,Одобрено
APP-201732,Одобрено,2025-03-17 23:42:15,Одобрено
APP-201733,Одобрено,2025-06-29 02:33:53,Одобрено
APP-201734,Одобрено,2025-06-23 04:02:35,Одобрено
APP-201735,Одобрено,2025-04-05 14:55:15,Одобрено
APP-201736,Одобрено,2025-07-09 14:04:34,Одобрено
APP-201737,Отказ,2025-06-11 17:18:43,Высокая долговая нагрузка
APP-201738,Отказ,2025-03-28 20:50:18,Скоринговый балл ниже порога
APP-201739,Одобрено,2025-03-24 09:06:46,Одобрено
APP-201740,Одобрено,2025-01-28 01:59:40,TEST
APP-201741,Одобрено,2025-07-04 16:10:32,Одобрено
APP-201742,Одобрено,2025-06-23 08:54:56,Одобрено
APP-201743,Одобрено,2025-04-28 21:08:39,Одобрено
APP-201744,Отказ,2025-06-17 07:00:18,Клиент не явился за средствами
APP-201745,Отказ,2025-05-19 21:58:41,Скоринговый балл ниже порога
APP-201746,Отказ,2025-01-11 22:29:20,Неполный пакет документов
APP-201747,Отказ,2025-05-31 15:04:34,Скоринговый балл ниже порога
APP-201748,Одобрено,2025-02-20 14:00:36,Одобрено
APP-201749,Одобрено,2025-03-15 09:36:58,Одобрено
APP-201750,Отказ,2025-01-07 13:23:12,Неполный пакет документов
APP-201751,Отказ,2025-02-22 05:51:53,Высокая долговая нагрузка
APP-201752,Одобрено,2025-03-03 13:47:16,Одобрено
APP-201753,Отказ,2025-03-23 13:41:57,Клиент не явился за средствами
APP-201754,Отказ,2025-03-18 14:23:23,Высокая долговая нагрузка
APP-201755,Отказ,2025-01-15 10:11:59,Неполный пакет документов
APP-201756,Отказ,2025-02-27 17:27:34,Скоринговый балл ниже порога
APP-201758,Одобрено,2025-07-14 23:29:04,Одобрено
APP-201759,Одобрено,2025-03-20 19:44:21,Одобрено
APP-201760,Одобрено,2025-03-25 03:39:50,Одобрено
APP-201761,Одобрено,2025-07-11 02:07:49,Одобрено
APP-201762,Одобрено,2025-06-24 20:06:55,Одобрено
APP-201763,Одобрено,2025-03-18 12:36:58,Одобрено
APP-201764,Отказ,2025-03-03 18:20:14,Высокая долговая нагрузка
APP-201765,Одобрено,2025-06-18 11:00:42,Одобрено
APP-201766,Отказ,2025-02-14 22:42:58,Высокая долговая нагрузка
APP-201767,Одобрено,2025-07-18 13:03:40,Одобрено
APP-201768,Отказ,2025-07-25 02:42:34,Клиент отозвал заявку
APP-201769,Отказ,2025-05-18 16:02:46,Скоринговый балл ниже порога
APP-201770,Отказ,2025-04-08 23:28:33,Скоринговый балл ниже порога
APP-201771,Одобрено,2025-02-24 09:51:18,Одобрено
APP-201772,Одобрено,2025-08-06 05:37:09,Одобрено
APP-201773,Одобрено,2025-08-04 10:34:36,Одобрено
APP-201774,Одобрено,2025-06-15 08:44:57,Одобрено
APP-201775,Одобрено,2025-03-21 03:31:25,Одобрено
APP-201776,Отказ,2025-06-16 12:56:05,Высокая долговая нагрузка
APP-201777,Одобрено,2025-05-02 13:12:34,Одобрено
APP-201778,Одобрено,2025-02-18 06:19:41,Одобрено
APP-201779,Одобрено,2025-06-04 18:12:28,Одобрено
APP-201780,Отказ,2025-02-21 14:52:44,Скоринговый балл ниже порога
APP-201781,Одобрено,2025-04-27 04:19:27,Одобрено
APP-201782,Одобрено,2025-03-01 01:35:57,Одобрено
APP-201783,Отказ,2025-03-17 12:38:54,Клиент не явился за средствами
APP-201784,Отказ,2025-05-25 20:40:03,Высокая долговая нагрузка
APP-201785,Одобрено,2025-01-20 04:18:16,Одобрено
APP-201786,Одобрено,2025-07-05 01:58:06,Одобрено
APP-201787,Одобрено,2025-03-04 18:01:34,Одобрено
APP-201788,Одобрено,2025-08-04 04:28:48,Одобрено
APP-201789,Отказ,2025-06-29 10:37:43,Высокая долговая нагрузка
APP-201790,Отказ,2025-06-18 09:19:52,Клиент отозвал заявку
APP-201791,Отказ,2025-02-22 05:04:28,Клиент отозвал заявку
APP-201792,Одобрено,2025-07-11 16:29:48,Одобрено
APP-201793,Одобрено,2025-02-26 23:22:18,Одобрено
APP-201794,Отказ,2025-01-15 14:29:54,Высокая долговая нагрузка
APP-201795,Отказ,2025-05-13 07:12:08,Высокая долговая нагрузка
APP-201796,Одобрено,2025-04-25 19:16:40,Одобрено
APP-201797,Одобрено,2025-03-19 13:26:43,Одобрено
APP-201798,Отказ,2025-03-14 20:57:20,Скоринговый балл ниже порога
APP-201799,Одобрено,2025-05-24 18:03:30,Одобрено
APP-201800,Одобрено,2025-07-08 04:49:18,Одобрено
APP-201801,Одобрено,2025-01-26 02:57:48,Одобрено
APP-201802,Одобрено,2025-04-02 19:31:44,Одобрено
APP-201803,Отказ,2025-06-18 12:13:48,Скоринговый балл ниже порога
APP-201804,Одобрено,2025-03-14 07:51:50,Одобрено
APP-201805,Отказ,2025-03-20 00:20:51,Скоринговый балл ниже порога
APP-201806,Одобрено,2025-06-03 01:20:53,Одобрено
APP-201807,Одобрено,2025-04-07 09:31:06,Одобрено
APP-201808,Одобрено,2025-02-27 21:00:46,Одобрено
APP-201809,Одобрено,2025-03-20 07:30:35,Одобрено
APP-201810,Отказ,2025-06-02 19:19:15,Клиент отозвал заявку
APP-201811,Одобрено,2025-07-09 07:23:34,Одобрено
APP-201812,Отказ,2025-02-11 14:39:39,Неполный пакет документов
APP-201813,Одобрено,2025-02-16 13:19:26,Одобрено
APP-201814,Одобрено,2025-02-01 05:04:07,Одобрено
APP-201815,Отказ,2025-07-09 07:30:06,Высокая долговая нагрузка
APP-201816,Отказ,2025-04-21 18:56:03,Неполный пакет документов
APP-201817,Одобрено,2025-03-24 02:49:03,Одобрено
APP-201818,Отказ,2025-05-15 23:10:57,Неполный пакет документов
APP-201819,Одобрено,2025-07-08 15:06:14,Одобрено
APP-201820,Одобрено,2025-07-12 01:19:18,Одобрено
APP-201821,Отказ,2025-02-25 14:22:33,Скоринговый балл ниже порога
APP-201822,Отказ,2025-04-09 12:04:00,Клиент отозвал заявку
APP-201823,Отказ,2025-04-10 20:58:57,Скоринговый балл ниже порога
APP-201824,Отказ,2025-02-08 21:26:26,Скоринговый балл ниже порога
APP-201825,Отказ,2025-08-04 07:09:06,Клиент не явился за средствами
APP-201826,Отказ,2025-02-03 02:54:17,Клиент отозвал заявку
APP-201827,Отказ,2025-01-26 10:50:14,Высокая долговая нагрузка
APP-201828,Одобрено,2025-05-31 21:44:07,Одобрено
APP-201829,Одобрено,2025-02-12 04:48:25,Одобрено
APP-201830,Отказ,2025-04-14 15:20:07,Клиент не явился за средствами
APP-201831,Одобрено,2025-07-10 03:06:20,Одобрено
APP-201832,Одобрено,2025-04-29 22:22:39,Одобрено
APP-201833,Одобрено,2025-06-29 06:31:49,Одобрено
APP-201834,Одобрено,2025-04-17 00:07:03,Одобрено
APP-201835,Одобрено,2025-01-12 01:40:07,Одобрено
APP-201836,Одобрено,2025-02-05 08:04:20,Одобрено
APP-201837,Отказ,2025-02-28 17:29:56,Скоринговый балл ниже порога
APP-201838,Одобрено,2025-06-19 09:20:20,Одобрено
APP-201839,Одобрено,2025-02-19 03:04:42,Одобрено
APP-201840,Одобрено,2025-02-14 06:02:19,Одобрено
APP-201841,Отказ,2025-05-22 13:54:36,Клиент не явился за средствами
APP-201842,Отказ,2025-01-15 00:34:23,Высокая долговая нагрузка
APP-201843,Одобрено,2025-05-24 07:01:54,Одобрено
APP-201844,Одобрено,2025-02-15 09:26:09,Одобрено
APP-201845,Отказ,2025-04-11 16:12:47,Клиент отозвал заявку
APP-201846,Отказ,2025-04-07 21:08:31,Скоринговый балл ниже порога
APP-201847,Одобрено,2025-02-19 14:34:58,TEST
APP-201848,Отказ,2025-03-09 22:48:08,Высокая долговая нагрузка
APP-201849,Отказ,2025-04-28 02:29:55,Клиент не явился за средствами
APP-201850,Отказ,2025-02-15 13:02:10,Высокая долговая нагрузка
APP-201851,Одобрено,2025-07-24 19:31:08,Одобрено
APP-201852,Одобрено,2025-07-13 18:25:54,Одобрено
APP-201853,Отказ,2025-03-30 17:44:20,Скоринговый балл ниже порога
APP-201855,Одобрено,2025-02-24 19:41:52,Одобрено
APP-201856,Одобрено,2025-03-15 20:27:40,Одобрено
APP-201857,Отказ,2025-07-16 02:34:08,Высокая долговая нагрузка
APP-201858,Одобрено,2025-07-16 12:57:50,Одобрено
APP-201859,Одобрено,2025-03-28 04:26:16,Одобрено
APP-201860,Одобрено,2025-07-25 14:41:13,Одобрено
APP-201861,Одобрено,2025-07-23 03:13:08,Одобрено
APP-201862,Отказ,2025-04-07 15:36:46,Скоринговый балл ниже порога
APP-201863,Отказ,2025-05-22 16:35:05,Высокая долговая нагрузка
APP-201864,Одобрено,2025-01-20 20:13:28,Одобрено
APP-201865,Отказ,2025-02-21 11:39:56,Скоринговый балл ниже порога
APP-201866,Отказ,2025-02-03 15:33:48,Высокая долговая нагрузка
APP-201867,Одобрено,2025-07-25 18:31:39,Одобрено
APP-201868,Отказ,2025-02-07 22:33:57,Скоринговый балл ниже порога
APP-201869,Одобрено,2025-04-13 14:54:18,Одобрено
APP-201870,Одобрено,2025-03-21 10:15:12,Одобрено
APP-201871,Одобрено,2025-06-04 10:41:49,Одобрено
APP-201872,Отказ,2025-05-07 14:34:38,Скоринговый балл ниже порога
APP-201873,Одобрено,2025-05-07 10:33:11,Одобрено
APP-201874,Одобрено,2025-07-27 01:17:25,Одобрено
APP-201875,Одобрено,2025-07-16 17:59:04,Одобрено
APP-201876,Одобрено,2025-05-05 13:10:17,Одобрено
APP-201877,Одобрено,2025-04-04 09:35:41,Одобрено
APP-201878,Отказ,2025-05-06 16:09:37,Высокая долговая нагрузка
APP-201879,Одобрено,2025-04-06 01:44:20,Одобрено
APP-201880,Одобрено,2025-08-03 17:02:29,Одобрено
APP-201881,Одобрено,2025-04-05 15:19:01,Одобрено
APP-201882,Отказ,2025-08-05 20:44:27,Высокая долговая нагрузка
APP-201883,Одобрено,2025-05-19 20:17:09,Одобрено
APP-201884,Одобрено,2025-06-01 01:37:48,Одобрено
APP-201885,Одобрено,2025-02-20 14:02:29,Одобрено
APP-201886,Одобрено,2025-06-20 14:05:05,Одобрено
APP-201887,Одобрено,2025-03-14 05:50:01,Одобрено
APP-201888,Одобрено,2025-05-06 15:52:59,Одобрено
APP-201889,Одобрено,2025-01-15 04:58:13,Одобрено
APP-201890,Одобрено,2025-02-15 16:21:37,Одобрено
APP-201891,Одобрено,2025-02-10 03:02:19,Одобрено
APP-201892,Отказ,2025-06-17 13:47:47,Высокая долговая нагрузка
APP-201893,Отказ,2025-03-18 14:26:40,Скоринговый балл ниже порога
APP-201894,Отказ,2025-04-12 16:41:51,Клиент не явился за средствами
APP-201895,Отказ,2025-04-23 21:19:16,Высокая долговая нагрузка
APP-201896,Одобрено,2025-06-17 20:24:07,Одобрено
APP-201897,Одобрено,2025-06-12 17:27:11,Одобрено
APP-201898,Отказ,2025-05-13 01:48:03,Скоринговый балл ниже порога
APP-201899,Отказ,2025-07-22 21:56:48,Скоринговый балл ниже порога
APP-201900,Отказ,2025-03-28 05:00:22,Клиент не явился за средствами
APP-201901,Одобрено,2025-01-19 01:27:16,Одобрено
APP-201902,Отказ,2025-01-24 04:03:28,Клиент не явился за средствами
APP-201903,Отказ,2025-01-21 23:54:37,Скоринговый балл ниже порога
APP-201904,Одобрено,2025-05-12 03:00:28,Одобрено
APP-201905,Одобрено,2025-03-22 15:41:51,Одобрено
APP-201906,Одобрено,2025-06-20 20:19:51,Одобрено
APP-201907,Одобрено,2025-06-12 17:59:04,Одобрено
APP-201908,Одобрено,2025-07-27 23:07:21,Одобрено
APP-201909,Отказ,2025-02-26 21:01:26,Клиент не явился за средствами
APP-201910,Отказ,2025-07-15 14:21:52,Скоринговый балл ниже порога
APP-201911,Одобрено,2025-07-07 09:04:53,Одобрено
APP-201912,Одобрено,2025-07-21 00:47:52,Одобрено
APP-201913,Одобрено,2025-05-27 02:56:40,Одобрено
APP-201914,Отказ,2025-07-02 19:41:39,Скоринговый балл ниже порога
APP-201915,Одобрено,2025-07-05 01:15:49,Одобрено
APP-201916,Отказ,2025-04-05 08:29:45,Клиент не явился за средствами
APP-201917,Отказ,2025-06-15 21:30:32,Высокая долговая нагрузка
APP-201918,Одобрено,2025-03-25 07:18:33,Одобрено
APP-201919,Одобрено,2025-02-10 05:59:22,Одобрено
APP-201920,Одобрено,2025-07-02 18:37:06,Одобрено
APP-201921,Одобрено,2025-02-21 17:14:08,Одобрено
APP-201922,Одобрено,2025-02-27 09:09:38,Одобрено
APP-201923,Отказ,2025-02-06 01:16:42,Скоринговый балл ниже порога
APP-201924,Одобрено,2025-01-16 02:56:07,Одобрено
APP-201925,Одобрено,2025-07-18 17:17:03,Одобрено
APP-201926,Одобрено,2025-02-26 21:03:25,Одобрено
APP-201927,Отказ,2025-05-21 16:45:23,Неполный пакет документов
APP-201928,Одобрено,2025-01-24 15:45:19,Одобрено
APP-201929,Одобрено,2025-02-17 15:55:43,Одобрено
APP-201930,Одобрено,2025-02-20 06:55:54,Одобрено
APP-201931,Одобрено,2025-06-22 01:19:39,Одобрено
APP-201932,Одобрено,2025-02-13 12:38:08,Одобрено
APP-201933,Одобрено,2025-05-04 08:01:58,Одобрено
APP-201934,Отказ,2025-02-28 14:52:01,Клиент отозвал заявку
APP-201935,Отказ,2025-04-05 19:26:16,Скоринговый балл ниже порога
APP-201936,Одобрено,2025-07-12 09:02:18,Одобрено
APP-201937,Одобрено,2025-03-07 05:17:15,Одобрено
APP-201938,Одобрено,2025-07-24 03:49:00,Одобрено
APP-201939,Одобрено,2025-06-06 04:40:07,Одобрено
APP-201940,Одобрено,2025-07-03 06:32:23,Одобрено
APP-201941,Одобрено,2025-05-05 04:55:00,Одобрено
APP-201942,Одобрено,2025-07-05 12:09:39,Одобрено
APP-201943,Одобрено,2025-06-27 14:49:38,Одобрено
APP-201944,Одобрено,2025-04-15 16:19:37,Одобрено
APP-201945,Одобрено,2025-01-25 18:28:54,Одобрено
APP-201946,Одобрено,2025-06-12 10:41:52,Одобрено
APP-201947,Одобрено,2025-04-19 17:15:22,Одобрено
APP-201948,Одобрено,2025-04-21 09:36:57,Одобрено
APP-201949,Отказ,2025-06-26 16:50:35,Скоринговый балл ниже порога
APP-201950,Отказ,2025-06-17 00:38:43,Скоринговый балл ниже порога
APP-201951,Одобрено,2025-06-08 07:21:13,Одобрено
APP-201952,Одобрено,2025-01-28 19:33:31,Одобрено
APP-201953,Отказ,2025-06-21 12:20:35,Скоринговый балл ниже порога
APP-201954,Отказ,2025-03-25 12:28:57,Клиент не явился за средствами
APP-201955,Отказ,2025-01-10 10:48:47,Скоринговый балл ниже порога
APP-201956,Одобрено,2025-04-02 13:30:11,Одобрено
APP-201957,Отказ,2025-08-06 02:18:55,Высокая долговая нагрузка
APP-201958,Отказ,2025-02-05 18:18:29,Неполный пакет документов
APP-201959,Одобрено,2025-05-24 04:59:41,Одобрено
APP-201960,Одобрено,2025-02-02 08:40:04,Одобрено
APP-201961,Одобрено,2025-05-21 13:52:35,Одобрено
APP-201962,Отказ,2025-03-18 03:59:22,Высокая долговая нагрузка
APP-201963,Одобрено,2025-01-09 16:37:01,Одобрено
APP-201964,Отказ,2025-06-12 08:24:20,Высокая долговая нагрузка
APP-201965,Отказ,2025-06-05 00:09:29,Высокая долговая нагрузка
APP-201966,Одобрено,2025-03-06 13:31:17,TEST
APP-201967,Отказ,2025-01-09 21:57:57,Скоринговый балл ниже порога
APP-201968,Одобрено,2025-05-28 06:10:15,Одобрено
APP-201969,Одобрено,2025-04-13 16:04:39,Одобрено
APP-201970,Отказ,2025-08-02 11:11:50,Высокая долговая нагрузка
APP-201971,Одобрено,2025-04-18 20:59:56,Одобрено
APP-201972,Одобрено,2025-04-06 10:41:23,Одобрено
APP-201973,Одобрено,2025-01-28 07:04:48,TEST
APP-201974,Одобрено,2025-07-19 08:01:20,Одобрено
APP-201975,Одобрено,2025-05-15 12:18:38,Одобрено
APP-201976,Одобрено,2025-07-14 05:50:18,Одобрено
APP-201977,Отказ,2025-04-23 21:58:15,Клиент не явился за средствами
APP-201978,Отказ,2025-06-30 22:31:23,Скоринговый балл ниже порога
APP-201979,Отказ,2025-07-28 00:42:45,Клиент отозвал заявку
APP-201980,Одобрено,2025-07-02 05:22:27,Одобрено
APP-201981,Отказ,2025-03-11 19:59:40,Скоринговый балл ниже порога
APP-201982,Одобрено,2025-07-02 18:57:02,Одобрено
APP-201983,Отказ,2025-04-10 21:30:59,Скоринговый балл ниже порога
APP-201984,Отказ,2025-02-12 13:13:02,Скоринговый балл ниже порога
APP-201985,Отказ,2025-04-28 14:18:46,Скоринговый балл ниже порога
APP-201986,Одобрено,2025-07-09 22:41:27,Одобрено
APP-201987,Одобрено,2025-08-01 08:43:22,Одобрено
APP-201988,Отказ,2025-03-23 11:42:12,Скоринговый балл ниже порога
APP-201989,Одобрено,2025-06-19 17:51:49,Одобрено
APP-201990,Одобрено,2025-04-24 02:39:59,Одобрено
APP-201991,Отказ,2025-03-19 16:43:17,Скоринговый балл ниже порога
APP-201992,Одобрено,2025-03-10 18:49:29,Одобрено
APP-201993,Отказ,2025-05-25 03:45:42,Скоринговый балл ниже порога
APP-201994,Одобрено,2025-07-19 08:19:35,Одобрено
APP-201995,Одобрено,2025-05-24 20:03:28,TEST
APP-201996,Одобрено,2025-01-14 00:22:09,Одобрено
APP-201997,Отказ,2025-02-03 22:20:11,Скоринговый балл ниже порога
APP-201998,Одобрено,2025-02-06 22:04:09,Одобрено
APP-201999,Отказ,2025-01-29 23:58:40,Скоринговый балл ниже порога
APP-202000,Одобрено,2025-01-09 07:23:04,Одобрено
APP-202001,Одобрено,2025-07-12 01:33:45,Одобрено
APP-202002,Отказ,2025-02-13 16:36:44,Клиент не явился за средствами
APP-202003,Одобрено,2025-06-04 22:24:26,Одобрено
APP-202004,Одобрено,2025-05-24 18:40:54,Одобрено
APP-202005,Отказ,2025-07-30 22:23:08,Скоринговый балл ниже порога
APP-202006,Одобрено,2025-02-07 17:37:24,Одобрено
APP-202007,Отказ,2025-06-13 21:22:33,Скоринговый балл ниже порога
APP-202008,Одобрено,2025-02-03 10:32:42,Одобрено
APP-202009,Одобрено,2025-07-02 05:15:15,Одобрено
APP-202010,Одобрено,2025-07-25 22:22:58,Одобрено
APP-202011,Отказ,2025-07-24 11:38:37,Неполный пакет документов
APP-202012,Отказ,2025-03-05 21:55:15,Высокая долговая нагрузка
APP-202013,Отказ,2025-02-25 17:18:41,Высокая долговая нагрузка
APP-202014,Одобрено,2025-08-04 18:32:25,Одобрено
APP-202015,Одобрено,2025-04-04 11:05:53,Одобрено
APP-202016,Одобрено,2025-04-08 11:04:14,Одобрено
APP-202017,Отказ,2025-07-07 19:38:48,Высокая долговая нагрузка
APP-202018,Одобрено,2025-05-17 15:08:48,Одобрено
APP-202019,Одобрено,2025-05-02 07:41:18,Одобрено
APP-202020,Отказ,2025-02-12 23:06:39,Клиент не явился за средствами
APP-202021,Отказ,2025-01-11 21:09:46,Скоринговый балл ниже порога
APP-202022,Отказ,2025-04-29 16:32:56,Скоринговый балл ниже порога
APP-202023,Отказ,2025-06-15 14:39:55,Клиент не явился за средствами
APP-202024,Отказ,2025-08-08 21:43:02,Клиент отозвал заявку
APP-202025,Отказ,2025-03-18 15:47:51,Скоринговый балл ниже порога
APP-202026,Одобрено,2025-07-13 16:27:09,Одобрено
APP-202027,Одобрено,2025-03-12 17:31:49,Одобрено
APP-202029,Одобрено,2025-07-27 05:56:49,Одобрено
APP-202030,Одобрено,2025-06-24 05:37:06,Одобрено
APP-202031,Одобрено,2025-04-14 01:55:46,Одобрено
APP-202032,Отказ,2025-02-19 05:05:26,Клиент отозвал заявку
APP-202033,Отказ,2025-04-25 00:06:41,Клиент отозвал заявку
APP-202034,Отказ,2025-04-12 09:40:21,Высокая долговая нагрузка
APP-202035,Одобрено,2025-07-30 18:30:40,Одобрено
APP-202036,Одобрено,2025-03-26 10:55:33,Одобрено
APP-202037,Отказ,2025-04-13 13:20:32,Клиент не явился за средствами
APP-202038,Отказ,2025-03-15 08:48:24,Клиент отозвал заявку
APP-202039,Отказ,2025-07-06 14:59:56,Скоринговый балл ниже порога
APP-202040,Отказ,2025-04-07 17:01:56,Высокая долговая нагрузка
APP-202041,Отказ,2025-08-07 23:36:58,Клиент не явился за средствами
APP-202042,Одобрено,2025-05-14 17:32:44,Одобрено
APP-202043,Отказ,2025-02-25 05:31:09,Высокая долговая нагрузка
APP-202044,Отказ,2025-04-27 10:56:45,Клиент не явился за средствами
APP-202045,Одобрено,2025-02-26 08:10:10,Одобрено
APP-202046,Одобрено,2025-02-13 21:33:04,TEST
APP-202047,Одобрено,2025-06-03 06:31:05,Одобрено
APP-202048,Отказ,2025-03-05 15:57:00,Скоринговый балл ниже порога
APP-202049,Отказ,2025-03-19 23:22:02,Скоринговый балл ниже порога
APP-202050,Одобрено,2025-05-22 07:02:39,Одобрено
APP-202051,Одобрено,2025-02-20 18:33:06,Одобрено
APP-202052,Одобрено,2025-02-26 02:48:34,Одобрено
APP-202053,Отказ,2025-07-24 14:25:57,Скоринговый балл ниже порога
APP-202054,Одобрено,2025-04-25 10:27:25,Одобрено
APP-202055,Одобрено,2025-03-11 20:03:28,Одобрено
APP-202056,Одобрено,2025-04-18 06:04:31,Одобрено
APP-202057,Одобрено,2025-03-01 21:56:43,Одобрено
APP-202058,Отказ,2025-04-13 15:34:20,Клиент отозвал заявку
APP-202059,Одобрено,2025-01-10 09:44:19,Одобрено
APP-202060,Отказ,2025-03-17 19:15:03,Высокая долговая нагрузка
APP-202061,Одобрено,2025-07-19 02:39:18,Одобрено
APP-202062,Одобрено,2025-05-28 18:39:33,Одобрено
APP-202063,Одобрено,2025-04-13 04:20:07,Одобрено
APP-202064,Одобрено,2025-07-28 04:37:35,Одобрено
APP-202065,Одобрено,2025-01-11 12:50:26,Одобрено
APP-202066,Отказ,2025-04-28 22:36:06,Высокая долговая нагрузка
APP-202067,Одобрено,2025-01-14 21:36:37,Одобрено
APP-202068,Одобрено,2025-06-30 16:22:25,Одобрено
APP-202069,Одобрено,2025-02-22 23:35:01,Одобрено
APP-202070,Одобрено,2025-05-21 18:45:39,Одобрено
APP-202071,Отказ,2025-06-06 16:05:50,Скоринговый балл ниже порога
APP-202072,Отказ,2025-06-29 17:15:16,Неполный пакет документов
APP-202073,Отказ,2025-01-26 00:43:47,Скоринговый балл ниже порога
APP-202074,Отказ,2025-02-26 00:42:21,Скоринговый балл ниже порога
APP-202075,Отказ,2025-03-15 14:52:44,Скоринговый балл ниже порога
APP-202076,Отказ,2025-06-21 17:09:23,Скоринговый балл ниже порога
APP-202077,Отказ,2025-05-11 17:48:00,Скоринговый балл ниже порога
APP-202078,Отказ,2025-06-15 15:23:12,Высокая долговая нагрузка
APP-202079,Отказ,2025-07-01 14:23:02,Скоринговый балл ниже порога
APP-202080,Отказ,2025-07-08 20:01:44,Скоринговый балл ниже порога
APP-202081,Одобрено,2025-05-26 21:25:36,Одобрено
APP-202082,Одобрено,2025-05-04 15:54:21,Одобрено
APP-202083,Отказ,2025-06-26 12:29:54,Высокая долговая нагрузка
APP-202084,Отказ,2025-05-29 15:18:35,Скоринговый балл ниже порога
APP-202085,Одобрено,2025-04-10 07:02:48,Одобрено
APP-202086,Одобрено,2025-02-03 03:18:39,Одобрено
APP-202087,Одобрено,2025-06-15 13:23:08,Одобрено
APP-202088,Отказ,2025-06-09 19:54:45,Скоринговый балл ниже порога
APP-202089,Отказ,2025-07-21 21:58:43,Скоринговый балл ниже порога
APP-202090,Одобрено,2025-03-28 23:16:38,Одобрено
APP-202091,Одобрено,2025-07-13 12:26:22,Одобрено
APP-202092,Отказ,2025-04-27 09:20:07,Клиент не явился за средствами
APP-202093,Отказ,2025-06-16 16:30:56,Скоринговый балл ниже порога
APP-202094,Одобрено,2025-01-23 01:06:39,Одобрено
APP-202095,Одобрено,2025-06-17 21:43:18,Одобрено
APP-202096,Одобрено,2025-06-01 11:27:00,Одобрено
APP-202097,Одобрено,2025-06-27 16:10:32,Одобрено
APP-202098,Одобрено,2025-03-03 16:31:34,Одобрено
APP-202099,Отказ,2025-05-10 01:19:02,Клиент отозвал заявку
APP-202100,Одобрено,2025-06-08 15:45:51,Одобрено
APP-202101,Отказ,2025-03-23 14:52:11,Скоринговый балл ниже порога
APP-202102,Отказ,2025-01-19 12:21:47,Скоринговый балл ниже порога
APP-202103,Отказ,2025-07-19 08:49:09,Клиент не явился за средствами
APP-202104,Отказ,2025-06-14 19:11:11,Скоринговый балл ниже порога
APP-202105,Отказ,2025-05-18 18:08:59,Неполный пакет документов
APP-202106,Отказ,2025-04-18 10:39:28,Высокая долговая нагрузка
APP-202107,Отказ,2025-01-18 22:22:21,Клиент отозвал заявку
APP-202108,Одобрено,2025-02-06 16:55:32,Одобрено
APP-202109,Отказ,2025-01-11 18:31:05,Неполный пакет документов
APP-202110,Одобрено,2025-03-04 16:11:25,Одобрено
APP-202111,Одобрено,2025-03-01 13:04:55,Одобрено
APP-202112,Одобрено,2025-06-10 11:20:52,Одобрено
APP-202113,Отказ,2025-05-11 07:31:05,Клиент не явился за средствами
APP-202114,Отказ,2025-02-03 11:37:38,Клиент отозвал заявку
APP-202115,Отказ,2025-07-25 03:04:59,Клиент не явился за средствами
APP-202116,Отказ,2025-04-30 12:39:13,Скоринговый балл ниже порога
APP-202117,Отказ,2025-06-08 00:19:29,Скоринговый балл ниже порога
APP-202118,Отказ,2025-03-24 21:33:45,Неполный пакет документов
APP-202119,Отказ,2025-02-25 20:06:44,Скоринговый балл ниже порога
APP-202120,Отказ,2025-06-17 20:11:11,Скоринговый балл ниже порога
APP-202121,Одобрено,2025-05-29 11:36:56,Одобрено
APP-202122,Отказ,2025-06-20 16:52:03,Скоринговый балл ниже порога
APP-202123,Одобрено,2025-03-12 05:33:14,TEST
APP-202124,Отказ,2025-07-24 13:10:36,Высокая долговая нагрузка
APP-202125,Отказ,2025-04-22 20:52:44,Скоринговый балл ниже порога
APP-202126,Одобрено,2025-05-07 11:35:51,Одобрено
APP-202127,Одобрено,2025-06-04 18:59:12,Одобрено
APP-202128,Отказ,2025-07-30 04:46:11,Высокая долговая нагрузка
APP-202129,Отказ,2025-02-02 03:32:19,Высокая долговая нагрузка
APP-202130,Одобрено,2025-04-09 03:22:40,Одобрено
APP-202131,Отказ,2025-07-11 08:24:09,Высокая долговая нагрузка
APP-202132,Одобрено,2025-04-22 08:26:59,Одобрено
APP-202133,Одобрено,2025-02-19 08:20:12,Одобрено
APP-202134,Отказ,2025-04-27 17:21:17,Клиент отозвал заявку
APP-202135,Одобрено,2025-05-19 09:06:04,Одобрено
APP-202136,Отказ,2025-03-23 21:33:19,Неполный пакет документов
APP-202137,Отказ,2025-06-03 17:51:47,Клиент не явился за средствами
APP-202138,Одобрено,2025-01-10 00:41:34,Одобрено
APP-202139,Отказ,2025-05-29 09:52:26,Клиент отозвал заявку
APP-202140,Одобрено,2025-01-08 16:37:49,Одобрено
APP-202141,Одобрено,2025-03-18 20:22:48,Одобрено
APP-202143,Отказ,2025-05-28 04:42:47,Высокая долговая нагрузка
APP-202144,Одобрено,2025-04-19 17:11:05,Одобрено
APP-202145,Одобрено,2025-05-16 05:09:43,Одобрено
APP-202146,Одобрено,2025-07-20 13:59:48,Одобрено
APP-202147,Отказ,2025-04-23 15:09:44,Высокая долговая нагрузка
APP-202148,Одобрено,2025-04-30 17:17:06,Одобрено
APP-202149,Отказ,2025-06-16 22:31:57,Скоринговый балл ниже порога
APP-202150,Отказ,2025-04-29 02:15:56,Клиент не явился за средствами
APP-202151,Одобрено,2025-03-26 09:19:31,Одобрено
APP-202152,Отказ,2025-03-01 14:10:22,Неполный пакет документов
APP-202153,Одобрено,2025-01-20 20:58:09,Одобрено
APP-202154,Одобрено,2025-06-24 04:58:07,Одобрено
APP-202155,Отказ,2025-04-01 19:02:10,Клиент отозвал заявку
APP-202156,Отказ,2025-06-14 06:20:16,Высокая долговая нагрузка
APP-202157,Отказ,2025-06-12 12:07:27,Высокая долговая нагрузка
APP-202158,Отказ,2025-04-03 09:52:27,Неполный пакет документов
APP-202159,Отказ,2025-07-05 08:54:25,Высокая долговая нагрузка
APP-202160,Одобрено,2025-01-11 03:40:56,Одобрено
APP-202161,Одобрено,2025-04-26 06:31:36,Одобрено
APP-202162,Отказ,2025-04-18 04:45:02,Клиент не явился за средствами
APP-202163,Отказ,2025-01-07 17:39:06,Скоринговый балл ниже порога
APP-202164,Одобрено,2025-06-14 04:14:20,Одобрено
APP-202165,Одобрено,2025-02-03 19:12:24,Одобрено
APP-202166,Отказ,2025-06-17 03:37:26,Высокая долговая нагрузка
APP-202167,Одобрено,2025-07-08 07:41:55,Одобрено
APP-202168,Отказ,2025-01-31 20:22:44,Клиент не явился за средствами
APP-202169,Одобрено,2025-04-13 21:58:58,TEST
APP-202170,Отказ,2025-04-19 17:14:37,Клиент не явился за средствами
APP-202171,Одобрено,2025-06-07 08:53:36,TEST
APP-202172,Одобрено,2025-04-26 13:48:16,Одобрено
APP-202173,Отказ,2025-04-06 14:48:37,Скоринговый балл ниже порога
APP-202174,Отказ,2025-02-03 15:01:02,Скоринговый балл ниже порога
APP-202175,Отказ,2025-04-14 05:31:58,Клиент отозвал заявку
APP-202176,Отказ,2025-06-14 17:38:09,Скоринговый балл ниже порога
APP-202177,Отказ,2025-07-08 04:24:30,Высокая долговая нагрузка
APP-202178,Одобрено,2025-01-23 09:11:16,Одобрено
APP-202179,Отказ,2025-08-02 18:25:12,Скоринговый балл ниже порога
APP-202180,Отказ,2025-03-30 15:14:48,Неполный пакет документов
APP-202181,Одобрено,2025-03-20 02:09:51,Одобрено
APP-202182,Отказ,2025-07-30 08:12:05,Высокая долговая нагрузка
APP-202183,Отказ,2025-02-14 11:23:11,Высокая долговая нагрузка
APP-202184,Одобрено,2025-03-13 12:49:09,Одобрено
APP-202185,Одобрено,2025-03-07 21:59:43,Одобрено
APP-202186,Одобрено,2025-01-25 06:35:39,Одобрено
APP-202187,Одобрено,2025-06-26 07:53:00,Одобрено
APP-202188,Одобрено,2025-03-11 18:16:14,Одобрено
APP-202189,Одобрено,2025-04-13 02:42:00,Одобрено
APP-202190,Одобрено,2025-05-03 06:25:12,Одобрено
APP-202191,Отказ,2025-05-11 16:37:36,Высокая долговая нагрузка
APP-202192,Одобрено,2025-02-25 05:00:42,Одобрено
APP-202193,Одобрено,2025-07-14 16:57:49,Одобрено
APP-202194,Отказ,2025-02-08 22:48:44,Скоринговый балл ниже порога
APP-202195,Одобрено,2025-07-14 13:26:25,Одобрено
APP-202196,Отказ,2025-03-22 17:10:53,Скоринговый балл ниже порога
APP-202197,Отказ,2025-06-22 12:01:41,Скоринговый балл ниже порога
APP-202198,Отказ,2025-07-22 14:44:53,Клиент не явился за средствами
APP-202199,Отказ,2025-08-03 08:17:06,Высокая долговая нагрузка
APP-202200,Отказ,2025-01-24 19:13:08,Клиент отозвал заявку
APP-202201,Отказ,2025-04-06 19:03:00,Высокая долговая нагрузка
APP-202202,Одобрено,2025-03-21 01:14:11,Одобрено
APP-202203,Отказ,2025-03-12 21:58:04,Скоринговый балл ниже порога
APP-202204,Отказ,2025-02-02 19:23:20,Клиент отозвал заявку
APP-202205,Одобрено,2025-06-04 04:42:09,Одобрено
APP-202206,Одобрено,2025-07-16 15:44:01,Одобрено
APP-202207,Одобрено,2025-07-22 03:45:58,Одобрено
APP-202208,Одобрено,2025-03-10 01:16:22,Одобрено
APP-202209,Одобрено,2025-05-20 22:24:41,Одобрено
APP-202210,Отказ,2025-07-23 12:53:33,Неполный пакет документов
APP-202211,Одобрено,2025-04-10 04:02:21,Одобрено
APP-202212,Отказ,2025-06-19 02:29:06,Клиент не явился за средствами
APP-202213,Одобрено,2025-03-28 23:33:47,Одобрено
APP-202214,Одобрено,2025-06-25 15:24:49,Одобрено
APP-202215,Отказ,2025-04-12 22:23:14,Скоринговый балл ниже порога
APP-202216,Отказ,2025-05-20 17:52:04,Скоринговый балл ниже порога
APP-202217,Одобрено,2025-06-19 00:33:20,Одобрено
APP-202218,Одобрено,2025-04-30 18:48:09,Одобрено
APP-202219,Отказ,2025-04-09 12:24:22,Неполный пакет документов
APP-202220,Одобрено,2025-07-09 00:32:25,Одобрено
APP-202221,Отказ,2025-02-21 04:14:01,Клиент отозвал заявку
APP-202223,Одобрено,2025-01-11 00:04:02,Одобрено
APP-202225,Отказ,2025-02-22 07:32:06,Клиент отозвал заявку
APP-202226,Одобрено,2025-04-22 12:32:58,Одобрено
APP-202227,Отказ,2025-07-13 22:58:59,Скоринговый балл ниже порога
APP-202228,Отказ,2025-02-21 21:44:16,Клиент не явился за средствами
APP-202229,Отказ,2025-03-27 01:49:11,Клиент отозвал заявку
APP-202230,Одобрено,2025-04-20 16:54:09,Одобрено
APP-202231,Отказ,2025-02-04 05:45:26,Высокая долговая нагрузка
APP-202232,Отказ,2025-04-05 22:04:36,Высокая долговая нагрузка
APP-202233,Отказ,2025-04-05 14:36:40,Клиент не явился за средствами
APP-202234,Одобрено,2025-07-17 01:17:22,Одобрено
APP-202235,Одобрено,2025-05-15 13:52:34,Одобрено
APP-202236,Одобрено,2025-05-22 20:39:34,Одобрено
APP-202237,Отказ,2025-03-09 18:30:32,Высокая долговая нагрузка
APP-202238,Одобрено,2025-07-07 18:10:36,Одобрено
APP-202240,Отказ,2025-04-25 04:19:04,Скоринговый балл ниже порога
APP-202241,Отказ,2025-05-27 20:23:14,Скоринговый балл ниже порога
APP-202242,Одобрено,2025-07-14 14:47:49,Одобрено
APP-202243,Отказ,2025-02-24 05:03:08,Высокая долговая нагрузка
APP-202244,Одобрено,2025-05-08 19:40:38,Одобрено
APP-202245,Отказ,2025-06-20 13:07:12,Высокая долговая нагрузка
APP-202246,Одобрено,2025-03-05 05:55:28,Одобрено
APP-202247,Отказ,2025-04-30 18:13:24,Клиент не явился за средствами
APP-202248,Отказ,2025-03-07 16:55:05,Скоринговый балл ниже порога
APP-202249,Одобрено,2025-04-01 01:55:04,Одобрено
APP-202250,Отказ,2025-03-15 19:30:29,Клиент не явился за средствами
APP-202251,Отказ,2025-03-10 02:28:30,Клиент не явился за средствами
APP-202252,Одобрено,2025-02-25 02:33:40,Одобрено
APP-202253,Отказ,2025-01-10 13:02:58,Высокая долговая нагрузка
APP-202254,Отказ,2025-02-24 20:38:54,Скоринговый балл ниже порога
APP-202255,Одобрено,2025-05-12 08:48:36,Одобрено
APP-202256,Отказ,2025-05-28 19:28:50,Скоринговый балл ниже порога
APP-202257,Одобрено,2025-06-30 07:37:28,Одобрено
APP-202258,Отказ,2025-01-09 22:49:12,Скоринговый балл ниже порога
APP-202259,Одобрено,2025-05-11 12:21:51,Одобрено
APP-202260,Одобрено,2025-05-15 09:09:40,Одобрено
APP-202261,Отказ,2025-04-02 08:55:12,Высокая долговая нагрузка
APP-202262,Отказ,2025-06-21 12:53:54,Клиент не явился за средствами
APP-202263,Одобрено,2025-02-20 16:16:07,Одобрено
APP-202264,Отказ,2025-07-23 15:10:19,Скоринговый балл ниже порога
APP-202265,Отказ,2025-01-24 13:09:40,Скоринговый балл ниже порога
APP-202266,Одобрено,2025-06-11 00:24:16,Одобрено
APP-202267,Отказ,2025-02-22 17:13:54,Скоринговый балл ниже порога
APP-202268,Одобрено,2025-07-15 09:32:09,Одобрено
APP-202269,Одобрено,2025-06-11 21:08:54,Одобрено
APP-202270,Отказ,2025-05-26 21:41:31,Высокая долговая нагрузка
APP-202271,Одобрено,2025-07-02 05:05:01,Одобрено
APP-202272,Одобрено,2025-07-16 05:14:21,Одобрено
APP-202273,Одобрено,2025-04-07 03:21:04,Одобрено
APP-202274,Одобрено,2025-01-11 07:10:29,Одобрено
APP-202275,Отказ,2025-01-06 20:26:51,Скоринговый балл ниже порога
APP-202276,Отказ,2025-03-15 01:05:08,Клиент не явился за средствами
APP-202277,Отказ,2025-06-08 18:59:18,Скоринговый балл ниже порога
APP-202278,Отказ,2025-01-13 20:26:37,Клиент отозвал заявку
APP-202279,Одобрено,2025-03-27 00:33:29,Одобрено
APP-202280,Отказ,2025-06-22 16:46:37,Высокая долговая нагрузка
APP-202281,Отказ,2025-02-04 18:02:13,Высокая долговая нагрузка
APP-202282,Одобрено,2025-03-15 08:47:36,Одобрено
APP-202283,Отказ,2025-04-10 07:19:50,Клиент отозвал заявку
APP-202284,Одобрено,2025-06-20 02:29:49,Одобрено
APP-202285,Одобрено,2025-05-26 03:54:56,Одобрено
APP-202286,Одобрено,2025-06-22 05:07:49,Одобрено
APP-202287,Одобрено,2025-05-15 15:50:27,Одобрено
APP-202288,Отказ,2025-06-06 20:43:19,Скоринговый балл ниже порога
APP-202289,Одобрено,2025-02-18 05:49:55,Одобрено
APP-202290,Одобрено,2025-01-09 05:27:11,Одобрено
APP-202291,Отказ,2025-02-21 00:19:37,Высокая долговая нагрузка
APP-202292,Отказ,2025-05-14 22:39:16,Скоринговый балл ниже порога
APP-202293,Одобрено,2025-04-25 17:47:01,Одобрено
APP-202294,Отказ,2025-03-13 06:06:53,Клиент отозвал заявку
APP-202295,Отказ,2025-03-25 17:28:54,Высокая долговая нагрузка
APP-202296,Отказ,2025-06-27 16:20:41,Скоринговый балл ниже порога
APP-202297,Одобрено,2025-07-12 08:00:08,Одобрено
APP-202298,Одобрено,2025-05-09 11:56:56,Одобрено
APP-202299,Одобрено,2025-02-01 05:15:26,TEST
APP-202300,Одобрено,2025-03-20 06:49:01,Одобрено
APP-202301,Отказ,2025-05-04 11:32:44,Клиент отозвал заявку
APP-202302,Отказ,2025-06-28 11:27:36,Скоринговый балл ниже порога
APP-202303,Одобрено,2025-01-19 20:34:23,Одобрено
APP-202304,Отказ,2025-05-09 16:46:35,Скоринговый балл ниже порога
APP-202305,Отказ,2025-03-28 14:26:38,Клиент отозвал заявку
APP-202306,Одобрено,2025-02-28 08:39:46,Одобрено
APP-202307,Одобрено,2025-08-04 18:46:38,Одобрено
APP-202308,Одобрено,2025-03-09 20:41:15,Одобрено
APP-202309,Одобрено,2025-07-02 01:28:30,Одобрено
APP-202310,Одобрено,2025-03-03 19:19:49,Одобрено
APP-202311,Одобрено,2025-04-21 19:26:15,Одобрено
APP-202312,Одобрено,2025-04-01 20:04:27,Одобрено
APP-202313,Одобрено,2025-02-03 02:33:55,Одобрено
APP-202314,Одобрено,2025-01-29 15:15:05,TEST
APP-202315,Одобрено,2025-01-29 22:28:44,Одобрено
APP-202316,Одобрено,2025-01-12 20:13:28,Одобрено
APP-202317,Отказ,2025-06-12 08:22:13,Высокая долговая нагрузка
APP-202318,Отказ,2025-05-21 00:41:13,Клиент не явился за средствами
APP-202319,Отказ,2025-04-01 15:09:16,Клиент отозвал заявку
APP-202320,Отказ,2025-02-17 00:10:39,Клиент не явился за средствами
APP-202321,Одобрено,2025-02-19 19:04:26,Одобрено
APP-202322,Отказ,2025-07-25 10:46:13,Высокая долговая нагрузка
APP-202323,Отказ,2025-04-29 17:39:20,Неполный пакет документов
APP-202324,Отказ,2025-03-27 01:22:39,Скоринговый балл ниже порога
APP-202325,Одобрено,2025-03-15 22:36:25,Одобрено
APP-202326,Одобрено,2025-02-22 14:35:29,Одобрено
APP-202327,Одобрено,2025-02-03 15:16:24,Одобрено
APP-202328,Одобрено,2025-02-05 15:10:58,Одобрено
APP-202329,Отказ,2025-03-02 03:48:32,Высокая долговая нагрузка
APP-202330,Одобрено,2025-07-18 05:23:14,Одобрено
APP-202331,Отказ,2025-07-22 21:50:59,Высокая долговая нагрузка
APP-202332,Одобрено,2025-05-24 19:24:58,Одобрено
APP-202333,Отказ,2025-01-12 07:35:35,Высокая долговая нагрузка
APP-202334,Отказ,2025-06-18 22:15:54,Скоринговый балл ниже порога
APP-202335,Отказ,2025-01-12 16:10:37,Высокая долговая нагрузка
APP-202336,Одобрено,2025-05-11 05:14:35,Одобрено
APP-202337,Одобрено,2025-08-03 09:02:40,Одобрено
APP-202338,Отказ,2025-02-05 17:29:18,Высокая долговая нагрузка
APP-202339,Отказ,2025-02-10 22:29:24,Клиент не явился за средствами
APP-202340,Одобрено,2025-05-03 17:19:10,Одобрено
APP-202341,Отказ,2025-07-29 17:29:22,Клиент отозвал заявку
APP-202342,Одобрено,2025-07-06 13:18:26,Одобрено
APP-202343,Одобрено,2025-04-14 20:21:10,Одобрено
APP-202344,Отказ,2025-07-09 19:45:20,Скоринговый балл ниже порога
APP-202345,Одобрено,2025-06-30 21:25:56,Одобрено
APP-202346,Одобрено,2025-03-25 16:59:38,Одобрено
APP-202347,Одобрено,2025-05-16 08:52:52,Одобрено
APP-202348,Отказ,2025-04-22 18:41:23,Скоринговый балл ниже порога
APP-202349,Одобрено,2025-02-22 10:27:14,Одобрено
APP-202350,Отказ,2025-04-10 22:06:47,Скоринговый балл ниже порога
APP-202351,Одобрено,2025-02-14 07:38:37,Одобрено
APP-202352,Отказ,2025-01-29 12:09:10,Высокая долговая нагрузка
APP-202353,Одобрено,2025-03-22 23:53:10,Одобрено
APP-202354,Одобрено,2025-04-01 03:31:00,Одобрено
APP-202355,Одобрено,2025-07-19 08:00:44,Одобрено
APP-202356,Отказ,2025-04-14 23:08:52,Скоринговый балл ниже порога
APP-202357,Отказ,2025-05-29 02:48:45,Высокая долговая нагрузка
APP-202358,Отказ,2025-07-01 22:43:09,Высокая долговая нагрузка
APP-202359,Отказ,2025-02-26 18:37:58,Высокая долговая нагрузка
APP-202360,Одобрено,2025-07-27 02:14:09,Одобрено
APP-202361,Одобрено,2025-05-26 11:50:08,Одобрено
APP-202362,Отказ,2025-02-25 03:06:05,Клиент не явился за средствами
APP-202363,Отказ,2025-03-02 17:25:03,Клиент отозвал заявку
APP-202364,Одобрено,2025-02-07 19:23:00,Одобрено
APP-202365,Одобрено,2025-06-15 07:11:59,Одобрено
APP-202366,Одобрено,2025-07-28 00:08:14,Одобрено
APP-202367,Одобрено,2025-05-30 14:10:19,Одобрено
APP-202368,Отказ,2025-04-26 20:19:52,Высокая долговая нагрузка
APP-202369,Одобрено,2025-02-27 10:38:00,Одобрено
APP-202370,Одобрено,2025-07-23 03:52:31,Одобрено
APP-202371,Одобрено,2025-05-06 14:13:06,Одобрено
APP-202372,Одобрено,2025-07-16 19:32:31,Одобрено
APP-202373,Отказ,2025-05-06 00:18:28,Высокая долговая нагрузка
APP-202374,Одобрено,2025-04-23 11:05:56,Одобрено
APP-202375,Одобрено,2025-07-21 19:26:03,Одобрено
APP-202376,Одобрено,2025-05-24 00:38:02,Одобрено
APP-202377,Одобрено,2025-07-30 18:43:19,Одобрено
APP-202378,Отказ,2025-03-14 06:45:32,Клиент не явился за средствами
APP-202379,Отказ,2025-03-27 07:38:28,Высокая долговая нагрузка
APP-202380,Отказ,2025-02-18 04:49:45,Клиент не явился за средствами
APP-202381,Отказ,2025-06-24 18:59:19,Скоринговый балл ниже порога
APP-202382,Одобрено,2025-07-27 11:52:41,Одобрено
APP-202383,Отказ,2025-02-24 09:05:10,Высокая долговая нагрузка
APP-202384,Отказ,2025-04-04 15:42:44,Скоринговый балл ниже порога
APP-202385,Отказ,2025-08-02 19:03:55,Высокая долговая нагрузка
APP-202386,Одобрено,2025-06-08 01:43:42,Одобрено
APP-202387,Отказ,2025-04-20 17:06:58,Высокая долговая нагрузка
APP-202388,Отказ,2025-06-04 19:46:40,Скоринговый балл ниже порога
APP-202389,Одобрено,2025-07-08 19:33:48,Одобрено
APP-202390,Одобрено,2025-04-04 17:52:15,Одобрено
APP-202391,Одобрено,2025-04-28 20:40:26,Одобрено
APP-202392,Одобрено,2025-04-03 23:25:20,Одобрено
APP-202393,Одобрено,2025-06-11 20:13:13,Одобрено
APP-202394,Одобрено,2025-01-14 23:35:53,Одобрено
APP-202395,Одобрено,2025-05-14 14:40:53,TEST
APP-202396,Одобрено,2025-08-06 00:43:19,Одобрено
APP-202397,Отказ,2025-06-21 19:23:53,Скоринговый балл ниже порога
APP-202398,Одобрено,2025-05-21 06:13:38,Одобрено
APP-202399,Одобрено,2025-04-19 19:34:45,Одобрено
APP-202400,Одобрено,2025-01-28 09:59:29,Одобрено
APP-202401,Отказ,2025-01-30 18:42:42,Высокая долговая нагрузка
APP-202402,Одобрено,2025-05-02 18:06:28,Одобрено
APP-202403,Одобрено,2025-02-10 14:16:58,Одобрено
APP-202404,Одобрено,2025-05-05 05:28:18,Одобрено
APP-202405,Одобрено,2025-05-29 02:48:39,Одобрено
APP-202406,Отказ,2025-08-05 22:25:37,Клиент не явился за средствами
APP-202407,Одобрено,2025-01-25 22:49:42,Одобрено
APP-202408,Одобрено,2025-07-24 05:28:57,Одобрено
APP-202409,Одобрено,2025-03-07 08:43:24,Одобрено
APP-202410,Одобрено,2025-05-16 01:24:20,Одобрено
APP-202411,Одобрено,2025-04-10 16:33:13,Одобрено
APP-202412,Одобрено,2025-03-01 06:16:42,Одобрено
APP-202413,Отказ,2025-03-20 20:31:03,Скоринговый балл ниже порога
APP-202414,Одобрено,2025-05-13 13:52:31,TEST
APP-202415,Отказ,2025-01-11 16:02:49,Скоринговый балл ниже порога
APP-202416,Отказ,2025-06-04 22:31:21,Высокая долговая нагрузка
APP-202417,Отказ,2025-06-11 19:19:57,Скоринговый балл ниже порога
APP-202418,Отказ,2025-07-10 06:32:15,Высокая долговая нагрузка
APP-202419,Одобрено,2025-05-13 21:43:56,Одобрено
APP-202420,Отказ,2025-08-01 11:30:49,Скоринговый балл ниже порога
APP-202421,Одобрено,2025-03-22 06:40:20,Одобрено
APP-202422,Отказ,2025-03-17 15:08:59,Скоринговый балл ниже порога
APP-202423,Одобрено,2025-01-21 04:08:37,Одобрено
APP-202424,Отказ,2025-03-21 15:20:14,Высокая долговая нагрузка
APP-202425,Отказ,2025-07-19 01:46:59,Скоринговый балл ниже порога
APP-202426,Одобрено,2025-02-10 08:49:29,Одобрено
APP-202427,Отказ,2025-07-25 02:12:09,Клиент отозвал заявку
APP-202428,Одобрено,2025-03-12 04:02:00,Одобрено
APP-202429,Одобрено,2025-07-04 14:17:22,Одобрено
APP-202430,Отказ,2025-01-21 11:30:34,Высокая долговая нагрузка
APP-202431,Отказ,2025-02-04 02:24:27,Высокая долговая нагрузка
APP-202432,Отказ,2025-03-03 18:52:00,Скоринговый балл ниже порога
APP-202433,Отказ,2025-05-21 07:30:38,Высокая долговая нагрузка
APP-202434,Одобрено,2025-05-12 06:57:10,Одобрено
APP-202435,Отказ,2025-01-22 00:28:13,Высокая долговая нагрузка
APP-202436,Отказ,2025-01-10 23:24:23,Высокая долговая нагрузка
APP-202437,Одобрено,2025-05-06 01:29:49,Одобрено
APP-202438,Одобрено,2025-02-14 09:56:16,Одобрено
APP-202439,Отказ,2025-03-29 12:53:43,Клиент отозвал заявку
APP-202440,Отказ,2025-06-08 17:54:46,Неполный пакет документов
APP-202441,Отказ,2025-01-23 19:33:58,Скоринговый балл ниже порога
APP-202442,Одобрено,2025-04-25 17:03:53,Одобрено
APP-202443,Отказ,2025-03-20 20:47:32,Неполный пакет документов
APP-202444,Отказ,2025-02-23 14:07:42,Скоринговый балл ниже порога
APP-202445,Одобрено,2025-05-05 03:14:16,Одобрено
APP-202446,Одобрено,2025-04-28 10:51:08,TEST
APP-202447,Отказ,2025-07-31 16:38:58,Скоринговый балл ниже порога
APP-202448,Одобрено,2025-04-01 00:39:14,Одобрено
APP-202449,Одобрено,2025-05-31 21:29:49,Одобрено
APP-202450,Отказ,2025-02-15 16:26:44,Скоринговый балл ниже порога
APP-202451,Одобрено,2025-08-01 19:34:52,Одобрено
APP-202452,Одобрено,2025-01-11 09:16:21,Одобрено
APP-202453,Одобрено,2025-08-01 20:10:02,Одобрено
APP-202454,Отказ,2025-01-12 10:35:36,Клиент отозвал заявку
APP-202455,Одобрено,2025-02-24 06:17:01,Одобрено
APP-202456,Одобрено,2025-03-31 01:27:29,Одобрено
APP-202457,Одобрено,2025-03-13 17:03:16,Одобрено
APP-202458,Одобрено,2025-03-21 09:52:25,Одобрено
APP-202459,Одобрено,2025-02-07 23:06:30,Одобрено
APP-202460,Одобрено,2025-05-27 18:27:03,TEST
APP-202461,Одобрено,2025-01-15 07:17:40,Одобрено
APP-202462,Одобрено,2025-03-31 13:54:34,Одобрено
APP-202463,Одобрено,2025-02-17 02:26:59,Одобрено
APP-202464,Одобрено,2025-02-27 20:25:32,Одобрено
APP-202465,Отказ,2025-07-10 03:57:24,Высокая долговая нагрузка
APP-202466,Отказ,2025-03-05 21:55:59,Скоринговый балл ниже порога
APP-202467,Одобрено,2025-04-20 07:51:45,Одобрено
APP-202468,Отказ,2025-02-01 07:36:34,Высокая долговая нагрузка
APP-202469,Отказ,2025-04-22 01:27:21,Высокая долговая нагрузка
APP-202470,Отказ,2025-06-15 12:52:38,Неполный пакет документов
APP-202471,Одобрено,2025-04-04 00:21:03,Одобрено
APP-202472,Одобрено,2025-03-25 12:17:32,Одобрено
APP-202473,Одобрено,2025-08-04 01:52:12,Одобрено
APP-202474,Одобрено,2025-06-13 06:06:28,Одобрено
APP-202475,Одобрено,2025-07-09 03:09:45,Одобрено
APP-202476,Одобрено,2025-05-11 15:15:37,Одобрено
APP-202477,Отказ,2025-05-13 18:21:10,Скоринговый балл ниже порога
APP-202478,Одобрено,2025-05-18 15:34:33,Одобрено
APP-202479,Отказ,2025-05-18 16:28:30,Неполный пакет документов
APP-202480,Одобрено,2025-04-23 23:19:40,Одобрено
APP-202481,Одобрено,2025-05-19 03:42:32,Одобрено
APP-202482,Отказ,2025-04-26 17:30:44,Скоринговый балл ниже порога
APP-202483,Отказ,2025-04-26 12:16:12,Высокая долговая нагрузка
APP-202484,Одобрено,2025-02-15 20:06:30,Одобрено
APP-202485,Одобрено,2025-06-10 05:26:16,Одобрено
APP-202486,Одобрено,2025-04-11 20:56:31,Одобрено
APP-202487,Одобрено,2025-03-16 04:43:50,Одобрено
APP-202488,Одобрено,2025-03-22 08:12:16,Одобрено
APP-202489,Отказ,2025-03-22 13:12:12,Скоринговый балл ниже порога
APP-202490,Отказ,2025-01-10 17:31:15,Клиент не явился за средствами
APP-202491,Одобрено,2025-03-15 01:17:31,Одобрено
APP-202492,Одобрено,2025-07-11 01:45:58,Одобрено
APP-202493,Отказ,2025-06-01 04:27:44,Высокая долговая нагрузка
APP-202494,Отказ,2025-07-17 10:44:30,Клиент не явился за средствами
APP-202495,Одобрено,2025-06-27 01:02:58,Одобрено
APP-202496,Одобрено,2025-01-19 00:51:27,Одобрено
APP-202497,Одобрено,2025-08-02 07:35:33,Одобрено
APP-202498,Отказ,2025-02-14 16:23:36,Высокая долговая нагрузка
APP-202499,Одобрено,2025-02-06 22:16:44,Одобрено
APP-202501,Одобрено,2025-04-06 14:07:15,Одобрено
APP-202502,Отказ,2025-04-20 00:12:38,Скоринговый балл ниже порога
APP-202503,Одобрено,2025-07-19 08:21:37,Одобрено
APP-202504,Отказ,2025-08-02 18:39:19,Неполный пакет документов
APP-202505,Отказ,2025-06-13 23:43:29,Клиент не явился за средствами
APP-202506,Одобрено,2025-05-22 18:05:51,Одобрено
APP-202507,Отказ,2025-02-16 22:47:04,Скоринговый балл ниже порога
APP-202508,Отказ,2025-06-29 05:34:00,Клиент не явился за средствами
APP-202509,Отказ,2025-01-10 01:17:08,Скоринговый балл ниже порога
APP-202510,Одобрено,2025-02-17 09:40:16,Одобрено
APP-202511,Одобрено,2025-03-03 18:02:34,Одобрено
APP-202512,Одобрено,2025-08-05 06:48:08,Одобрено
APP-202513,Одобрено,2025-01-25 11:36:02,Одобрено
APP-202514,Одобрено,2025-07-20 10:02:31,Одобрено
APP-202515,Одобрено,2025-01-18 10:24:18,Одобрено
APP-202516,Одобрено,2025-01-25 11:48:44,Одобрено
APP-202517,Одобрено,2025-03-15 09:42:40,Одобрено
APP-202518,Одобрено,2025-01-14 18:46:00,Одобрено
APP-202519,Отказ,2025-04-13 19:39:13,Скоринговый балл ниже порога
APP-202520,Одобрено,2025-05-09 08:18:11,Одобрено
APP-202521,Отказ,2025-02-25 15:12:32,Скоринговый балл ниже порога
APP-202522,Одобрено,2025-05-08 14:07:09,Одобрено
APP-202523,Одобрено,2025-06-09 13:36:31,Одобрено
APP-202524,Отказ,2025-06-10 15:41:44,Скоринговый балл ниже порога
APP-202525,Отказ,2025-05-16 09:03:10,Неполный пакет документов
APP-202526,Отказ,2025-04-11 14:56:01,Неполный пакет документов
APP-202527,Отказ,2025-03-11 17:09:59,Неполный пакет документов
APP-202528,Одобрено,2025-03-24 09:52:15,Одобрено
APP-202529,Одобрено,2025-05-18 04:24:32,Одобрено
APP-202530,Отказ,2025-01-21 23:42:59,Скоринговый балл ниже порога
APP-202531,Отказ,2025-02-27 06:11:51,Высокая долговая нагрузка
APP-202532,Отказ,2025-03-06 22:15:37,Скоринговый балл ниже порога
APP-202533,Одобрено,2025-06-23 12:50:25,Одобрено
APP-202534,Одобрено,2025-07-25 12:21:38,Одобрено
APP-202535,Одобрено,2025-07-23 18:32:52,Одобрено
APP-202536,Одобрено,2025-02-16 21:57:24,Одобрено
APP-202537,Одобрено,2025-07-27 09:58:05,Одобрено
APP-202538,Одобрено,2025-06-29 03:56:49,Одобрено
APP-202539,Отказ,2025-02-13 07:58:31,Высокая долговая нагрузка
APP-202540,Отказ,2025-02-14 00:04:51,Клиент не явился за средствами
APP-202541,Отказ,2025-04-26 20:13:11,Высокая долговая нагрузка
APP-202542,Отказ,2025-03-05 15:55:33,Скоринговый балл ниже порога
APP-202543,Одобрено,2025-01-13 13:09:02,Одобрено
APP-202544,Одобрено,2025-01-14 22:11:52,Одобрено
APP-202545,Отказ,2025-02-14 19:01:33,Клиент отозвал заявку
APP-202546,Отказ,2025-05-05 21:23:24,Клиент не явился за средствами
APP-202547,Отказ,2025-02-27 18:03:02,Скоринговый балл ниже порога
APP-202548,Отказ,2025-05-03 23:49:00,Клиент отозвал заявку
APP-202550,Отказ,2025-07-21 13:42:30,Неполный пакет документов
APP-202551,Одобрено,2025-01-14 18:38:32,Одобрено
APP-202552,Отказ,2025-04-05 13:18:18,Клиент отозвал заявку
APP-202553,Отказ,2025-03-02 00:41:03,Клиент не явился за средствами
APP-202554,Отказ,2025-01-15 15:54:47,Клиент не явился за средствами
APP-202555,Одобрено,2025-02-10 06:31:04,Одобрено
APP-202557,Одобрено,2025-06-02 22:53:20,Одобрено
APP-202558,Отказ,2025-04-22 23:23:08,Высокая долговая нагрузка
APP-202559,Одобрено,2025-05-25 18:28:35,Одобрено
APP-202560,Одобрено,2025-01-23 16:29:53,Одобрено
APP-202561,Одобрено,2025-05-26 15:34:48,Одобрено
APP-202562,Отказ,2025-04-17 15:50:18,Клиент не явился за средствами
APP-202563,Одобрено,2025-02-04 21:15:15,Одобрено
APP-202564,Отказ,2025-06-07 18:53:29,Скоринговый балл ниже порога
APP-202565,Отказ,2025-07-26 15:44:19,Скоринговый балл ниже порога
APP-202566,Одобрено,2025-06-16 18:32:02,Одобрено
APP-202567,Отказ,2025-01-14 17:58:10,Скоринговый балл ниже порога
APP-202568,Отказ,2025-05-27 21:53:01,Высокая долговая нагрузка
APP-202569,Отказ,2025-07-31 04:44:32,Высокая долговая нагрузка
APP-202570,Отказ,2025-05-10 09:30:30,Клиент не явился за средствами
APP-202571,Одобрено,2025-01-28 11:42:19,Одобрено
APP-202572,Одобрено,2025-06-25 03:57:20,Одобрено
APP-202574,Одобрено,2025-07-21 00:01:31,Одобрено
APP-202575,Отказ,2025-04-06 19:29:29,Высокая долговая нагрузка
APP-202576,Одобрено,2025-03-29 17:32:10,TEST
APP-202577,Одобрено,2025-01-08 17:07:54,Одобрено
APP-202578,Отказ,2025-03-15 18:40:16,Скоринговый балл ниже порога
APP-202579,Отказ,2025-03-21 19:20:29,Скоринговый балл ниже порога
APP-202580,Одобрено,2025-06-27 11:21:49,Одобрено
APP-202581,Отказ,2025-03-30 23:42:45,Неполный пакет документов
APP-202582,Одобрено,2025-05-29 00:31:39,Одобрено
APP-202583,Отказ,2025-02-24 12:36:14,Скоринговый балл ниже порога
APP-202584,Одобрено,2025-04-22 04:54:45,Одобрено
APP-202585,Отказ,2025-07-11 21:26:47,Скоринговый балл ниже порога
APP-202586,Отказ,2025-02-21 17:20:30,Клиент отозвал заявку
APP-202587,Отказ,2025-01-06 23:14:35,Скоринговый балл ниже порога
APP-202588,Отказ,2025-02-01 23:27:58,Высокая долговая нагрузка
APP-202589,Одобрено,2025-03-24 15:16:50,Одобрено
APP-202590,Одобрено,2025-06-26 21:28:25,Одобрено
APP-202591,Одобрено,2025-04-05 23:49:46,Одобрено
APP-202592,Отказ,2025-04-04 18:08:11,Скоринговый балл ниже порога
APP-202593,Отказ,2025-04-13 18:28:06,Высокая долговая нагрузка
APP-202594,Отказ,2025-02-01 16:16:53,Высокая долговая нагрузка
APP-202595,Отказ,2025-01-12 02:37:01,Клиент отозвал заявку
APP-202596,Одобрено,2025-03-03 05:26:42,Одобрено
APP-202597,Отказ,2025-02-14 20:57:32,Скоринговый балл ниже порога
APP-202598,Одобрено,2025-05-25 03:21:28,Одобрено
APP-202599,Одобрено,2025-06-04 03:23:56,Одобрено
APP-202600,Одобрено,2025-03-04 06:24:37,Одобрено
APP-202601,Одобрено,2025-06-06 06:31:21,Одобрено
APP-202602,Отказ,2025-06-29 16:20:46,Скоринговый балл ниже порога
APP-202603,Отказ,2025-06-30 11:22:46,Неполный пакет документов
APP-202604,Одобрено,2025-06-16 22:28:11,Одобрено
APP-202605,Отказ,2025-06-30 18:02:56,Неполный пакет документов
APP-202606,Отказ,2025-02-12 10:27:38,Неполный пакет документов
APP-202607,Отказ,2025-02-27 12:35:17,Высокая долговая нагрузка
APP-202608,Отказ,2025-05-27 09:08:32,Клиент не явился за средствами
APP-202609,Одобрено,2025-02-12 04:24:17,Одобрено
APP-202610,Отказ,2025-03-03 17:21:37,Скоринговый балл ниже порога
APP-202611,Отказ,2025-04-29 22:35:53,Скоринговый балл ниже порога
APP-202612,Одобрено,2025-03-10 18:49:17,Одобрено
APP-202613,Отказ,2025-01-09 14:17:12,Высокая долговая нагрузка
APP-202614,Одобрено,2025-04-10 16:04:43,Одобрено
APP-202615,Отказ,2025-05-14 10:56:39,Клиент не явился за средствами
APP-202616,Отказ,2025-01-18 18:54:28,Скоринговый балл ниже порога
APP-202617,Отказ,2025-05-25 12:13:31,Скоринговый балл ниже порога
APP-202618,Одобрено,2025-01-29 19:56:50,Одобрено
APP-202619,Одобрено,2025-06-12 05:03:40,Одобрено
APP-202620,Отказ,2025-05-31 00:53:46,Клиент не явился за средствами
APP-202621,Одобрено,2025-07-15 16:41:05,Одобрено
APP-202622,Отказ,2025-06-12 16:14:51,Скоринговый балл ниже порога
APP-202624,Отказ,2025-03-05 05:51:56,Клиент отозвал заявку
APP-202625,Отказ,2025-07-29 13:08:09,Высокая долговая нагрузка
APP-202626,Одобрено,2025-05-16 20:41:35,Одобрено
APP-202627,Одобрено,2025-07-27 17:47:16,Одобрено
APP-202628,Отказ,2025-06-03 22:30:11,Скоринговый балл ниже порога
APP-202629,Отказ,2025-04-17 08:04:39,Высокая долговая нагрузка
APP-202630,Отказ,2025-05-22 10:05:29,Клиент не явился за средствами
APP-202631,Отказ,2025-03-19 13:03:46,Клиент отозвал заявку
APP-202632,Одобрено,2025-06-23 06:03:04,Одобрено
APP-202633,Отказ,2025-03-01 01:26:05,Высокая долговая нагрузка
APP-202634,Одобрено,2025-05-24 09:05:54,Одобрено
APP-202635,Одобрено,2025-03-05 03:08:47,Одобрено
APP-202636,Отказ,2025-05-09 19:44:37,Скоринговый балл ниже порога
APP-202637,Одобрено,2025-01-26 01:46:56,Одобрено
APP-202638,Одобрено,2025-07-08 03:05:00,Одобрено
APP-202639,Отказ,2025-03-31 23:08:10,Скоринговый балл ниже порога
APP-202640,Отказ,2025-05-10 06:50:44,Высокая долговая нагрузка
APP-202641,Отказ,2025-05-01 19:53:52,Неполный пакет документов
APP-202642,Одобрено,2025-03-15 09:21:52,Одобрено
APP-202643,Отказ,2025-06-06 01:08:22,Скоринговый балл ниже порога
APP-202644,Одобрено,2025-02-01 20:21:20,Одобрено
APP-202645,Одобрено,2025-03-15 07:07:10,Одобрено
APP-202646,Одобрено,2025-05-23 16:57:14,Одобрено
APP-202647,Одобрено,2025-01-21 20:44:01,Одобрено
APP-202648,Одобрено,2025-04-02 13:48:28,TEST
APP-202649,Одобрено,2025-08-05 04:13:33,Одобрено
APP-202650,Одобрено,2025-01-31 17:11:00,Одобрено
APP-202651,Одобрено,2025-04-07 00:42:15,Одобрено
APP-202652,Отказ,2025-07-30 18:00:05,Высокая долговая нагрузка
APP-202653,Одобрено,2025-04-16 07:26:41,Одобрено
APP-202654,Одобрено,2025-06-19 00:37:30,Одобрено
APP-202655,Одобрено,2025-01-21 08:53:40,Одобрено
APP-202656,Одобрено,2025-07-20 20:40:38,Одобрено
APP-202657,Одобрено,2025-01-16 13:18:12,Одобрено
APP-202658,Отказ,2025-01-09 15:54:15,Клиент не явился за средствами
APP-202659,Отказ,2025-01-13 19:07:58,Скоринговый балл ниже порога
APP-202660,Отказ,2025-04-19 21:38:32,Неполный пакет документов
APP-202661,Отказ,2025-06-01 11:55:34,Скоринговый балл ниже порога
APP-202662,Отказ,2025-07-20 06:25:02,Высокая долговая нагрузка
APP-202663,Одобрено,2025-05-08 20:26:43,Одобрено
APP-202664,Одобрено,2025-05-24 10:50:04,Одобрено
APP-202665,Отказ,2025-01-19 12:20:54,Скоринговый балл ниже порога
APP-202666,Отказ,2025-07-01 09:04:49,Клиент отозвал заявку
APP-202667,Одобрено,2025-03-22 22:14:45,Одобрено
APP-202668,Отказ,2025-07-27 22:50:53,Высокая долговая нагрузка
APP-202669,Отказ,2025-07-31 19:31:04,Высокая долговая нагрузка
APP-202670,Отказ,2025-01-17 02:19:50,Клиент не явился за средствами
APP-202671,Одобрено,2025-03-16 00:51:06,Одобрено
APP-202672,Одобрено,2025-01-30 20:01:18,Одобрено
APP-202673,Одобрено,2025-04-07 01:32:58,Одобрено
APP-202674,Отказ,2025-03-15 16:42:16,Высокая долговая нагрузка
APP-202675,Отказ,2025-01-18 22:11:58,Клиент отозвал заявку
APP-202676,Одобрено,2025-07-24 11:18:04,Одобрено
APP-202677,Отказ,2025-07-09 12:06:31,Клиент отозвал заявку
APP-202678,Отказ,2025-02-07 17:12:27,Клиент отозвал заявку
APP-202679,Отказ,2025-05-07 15:26:35,Скоринговый балл ниже порога
APP-202680,Одобрено,2025-01-11 05:04:48,Одобрено
APP-202681,Одобрено,2025-06-15 04:17:56,Одобрено
APP-202682,Отказ,2025-06-22 00:39:39,Высокая долговая нагрузка
APP-202683,Отказ,2025-03-16 14:39:47,Скоринговый балл ниже порога
APP-202684,Одобрено,2025-01-19 08:33:07,Одобрено
APP-202685,Отказ,2025-07-03 07:54:04,Высокая долговая нагрузка
APP-202686,Отказ,2025-06-10 00:43:03,Скоринговый балл ниже порога
APP-202687,Отказ,2025-03-23 14:38:47,Скоринговый балл ниже порога
APP-202688,Отказ,2025-06-24 18:41:52,Скоринговый балл ниже порога
APP-202689,Одобрено,2025-04-04 11:26:02,Одобрено
APP-202690,Одобрено,2025-04-25 12:14:51,Одобрено
APP-202691,Отказ,2025-05-23 21:15:23,Скоринговый балл ниже порога
APP-202692,Отказ,2025-03-20 12:35:42,Высокая долговая нагрузка
APP-202693,Отказ,2025-06-04 21:33:43,Скоринговый балл ниже порога
APP-202694,Отказ,2025-07-03 17:13:00,Скоринговый балл ниже порога
APP-202695,Отказ,2025-01-31 21:38:48,Высокая долговая нагрузка
APP-202696,Одобрено,2025-02-27 13:03:03,Одобрено
APP-202697,Одобрено,2025-03-02 14:00:58,Одобрено
APP-202698,Одобрено,2025-05-31 19:36:38,Одобрено
APP-202699,Одобрено,2025-02-23 18:41:08,Одобрено
APP-202700,Отказ,2025-02-24 21:44:59,Скоринговый балл ниже порога
APP-202701,Одобрено,2025-08-06 12:22:42,Одобрено
APP-202702,Одобрено,2025-02-04 14:10:02,TEST
APP-202703,Отказ,2025-01-10 11:18:22,Высокая долговая нагрузка
APP-202704,Одобрено,2025-01-15 03:45:21,Одобрено
APP-202705,Отказ,2025-04-22 16:57:55,Клиент отозвал заявку
APP-202706,Отказ,2025-07-28 05:08:48,Клиент не явился за средствами
APP-202707,Одобрено,2025-03-14 23:01:52,TEST
APP-202708,Отказ,2025-02-21 23:21:47,Клиент отозвал заявку
APP-202709,Одобрено,2025-03-22 07:02:56,Одобрено
APP-202710,Одобрено,2025-01-18 03:21:20,Одобрено
APP-202711,Одобрено,2025-06-11 11:08:17,Одобрено
APP-202712,Отказ,2025-06-05 15:48:18,Высокая долговая нагрузка
APP-202713,Одобрено,2025-01-31 10:05:47,Одобрено
APP-202714,Отказ,2025-07-01 16:22:52,Высокая долговая нагрузка
APP-202715,Отказ,2025-08-01 04:32:11,Высокая долговая нагрузка
APP-202716,Одобрено,2025-02-09 03:49:47,Одобрено
APP-202717,Отказ,2025-04-19 13:33:04,Неполный пакет документов
APP-202718,Отказ,2025-05-30 18:59:39,Скоринговый балл ниже порога
APP-202719,Одобрено,2025-06-09 06:47:12,Одобрено
APP-202720,Одобрено,2025-06-29 23:40:14,Одобрено
APP-202721,Одобрено,2025-05-12 01:44:05,Одобрено
APP-202722,Отказ,2025-04-07 14:25:36,Высокая долговая нагрузка
APP-202723,Одобрено,2025-06-26 19:06:12,Одобрено
APP-202724,Одобрено,2025-02-23 06:10:28,TEST
APP-202725,Отказ,2025-01-13 17:22:05,Скоринговый балл ниже порога
APP-202726,Одобрено,2025-02-15 16:22:04,Одобрено
APP-202727,Отказ,2025-04-05 15:15:45,Скоринговый балл ниже порога
APP-202728,Отказ,2025-08-03 02:54:59,Клиент не явился за средствами
APP-202729,Отказ,2025-07-25 17:26:50,Скоринговый балл ниже порога
APP-202730,Одобрено,2025-05-04 14:14:21,Одобрено
APP-202731,Отказ,2025-03-17 01:44:19,Высокая долговая нагрузка
APP-202732,Одобрено,2025-03-12 02:12:21,Одобрено
APP-202733,Одобрено,2025-07-02 13:47:43,Одобрено
APP-202734,Одобрено,2025-07-03 13:09:00,Одобрено
APP-202735,Отказ,2025-02-22 20:55:52,Клиент не явился за средствами
APP-202736,Отказ,2025-07-01 17:34:15,Скоринговый балл ниже порога
APP-202737,Отказ,2025-04-06 17:06:31,Клиент не явился за средствами
APP-202738,Одобрено,2025-03-07 22:20:44,Одобрено
APP-202739,Отказ,2025-01-17 10:04:22,Неполный пакет документов
APP-202740,Отказ,2025-06-10 17:40:32,Скоринговый балл ниже порога
APP-202741,Одобрено,2025-07-30 18:17:52,TEST
APP-202742,Отказ,2025-04-11 18:10:27,Клиент отозвал заявку
APP-202743,Одобрено,2025-06-24 06:09:33,Одобрено
APP-202744,Отказ,2025-07-30 01:32:04,Скоринговый балл ниже порога
APP-202745,Отказ,2025-02-05 17:03:20,Скоринговый балл ниже порога
APP-202746,Одобрено,2025-04-09 01:51:22,Одобрено
APP-202747,Отказ,2025-01-23 18:01:53,Скоринговый балл ниже порога
APP-202748,Отказ,2025-03-08 19:24:27,Скоринговый балл ниже порога
APP-202749,Одобрено,2025-02-23 22:08:59,Одобрено
APP-202750,Одобрено,2025-01-14 12:19:00,Одобрено
APP-202751,Одобрено,2025-01-12 08:18:47,Одобрено
APP-202752,Отказ,2025-01-30 01:01:31,Скоринговый балл ниже порога
APP-202753,Одобрено,2025-05-12 06:49:04,Одобрено
APP-202754,Одобрено,2025-01-10 03:16:17,Одобрено
APP-202755,Отказ,2025-07-21 10:40:44,Высокая долговая нагрузка
APP-202756,Одобрено,2025-03-23 23:31:32,Одобрено
APP-202757,Отказ,2025-02-20 17:54:48,Скоринговый балл ниже порога
APP-202758,Отказ,2025-04-23 23:59:58,Скоринговый балл ниже порога
APP-202759,Одобрено,2025-03-04 09:37:11,Одобрено
APP-202760,Отказ,2025-04-11 02:43:45,Высокая долговая нагрузка
APP-202761,Одобрено,2025-03-16 17:11:09,Одобрено
APP-202762,Отказ,2025-06-20 04:57:41,Высокая долговая нагрузка
APP-202763,Одобрено,2025-07-24 00:57:18,Одобрено
APP-202764,Отказ,2025-07-17 09:17:06,Клиент не явился за средствами
APP-202765,Отказ,2025-02-21 19:37:54,Скоринговый балл ниже порога
APP-202766,Отказ,2025-01-08 19:25:46,Скоринговый балл ниже порога
APP-202767,Одобрено,2025-04-20 05:15:07,Одобрено
APP-202768,Отказ,2025-07-12 02:59:22,Клиент отозвал заявку
APP-202769,Одобрено,2025-02-18 21:12:40,Одобрено
APP-202770,Отказ,2025-04-02 07:29:14,Высокая долговая нагрузка
APP-202771,Отказ,2025-03-30 15:39:05,Высокая долговая нагрузка
APP-202772,Одобрено,2025-05-18 18:11:49,Одобрено
APP-202773,Отказ,2025-01-09 12:26:18,Высокая долговая нагрузка
APP-202774,Одобрено,2025-06-23 22:39:33,Одобрено
APP-202775,Одобрено,2025-04-11 10:59:49,Одобрено
APP-202776,Одобрено,2025-05-06 13:36:14,Одобрено
APP-202777,Отказ,2025-03-23 22:18:38,Скоринговый балл ниже порога
APP-202778,Отказ,2025-05-04 19:59:58,Скоринговый балл ниже порога
APP-202779,Одобрено,2025-05-12 23:15:56,Одобрено
APP-202780,Одобрено,2025-04-10 03:38:11,Одобрено
APP-202781,Отказ,2025-06-14 22:53:13,Скоринговый балл ниже порога
APP-202782,Одобрено,2025-05-02 15:36:39,Одобрено
APP-202783,Отказ,2025-05-18 19:27:53,Скоринговый балл ниже порога
APP-202784,Одобрено,2025-03-29 15:49:43,Одобрено
APP-202785,Одобрено,2025-04-03 08:55:00,Одобрено
APP-202786,Отказ,2025-01-17 11:03:38,Скоринговый балл ниже порога
APP-202787,Одобрено,2025-03-11 03:38:04,Одобрено
APP-202788,Отказ,2025-04-23 14:24:22,Клиент не явился за средствами
APP-202789,Одобрено,2025-01-16 18:13:26,Одобрено
APP-202790,Одобрено,2025-07-13 06:57:20,Одобрено
APP-202791,Одобрено,2025-07-11 09:43:35,Одобрено
APP-202792,Отказ,2025-07-26 19:08:06,Скоринговый балл ниже порога
APP-202793,Одобрено,2025-07-18 04:44:05,Одобрено
APP-202794,Одобрено,2025-05-31 04:16:12,Одобрено
APP-202795,Одобрено,2025-02-10 19:48:09,Одобрено
APP-202796,Отказ,2025-07-28 07:22:33,Высокая долговая нагрузка
APP-202797,Одобрено,2025-07-28 07:58:55,Одобрено
APP-202798,Одобрено,2025-03-20 17:45:39,Одобрено
APP-202799,Отказ,2025-05-22 08:28:25,Клиент не явился за средствами
APP-202800,Отказ,2025-05-09 10:38:06,Неполный пакет документов
APP-202801,Одобрено,2025-07-04 23:55:35,Одобрено
APP-202802,Отказ,2025-05-22 14:18:08,Высокая долговая нагрузка
APP-202803,Отказ,2025-04-09 13:38:04,Высокая долговая нагрузка
APP-202804,Отказ,2025-02-02 16:19:51,Скоринговый балл ниже порога
APP-202805,Одобрено,2025-05-16 12:47:15,Одобрено
APP-202806,Одобрено,2025-07-06 14:02:58,Одобрено
APP-202807,Отказ,2025-03-30 22:13:46,Клиент не явился за средствами
APP-202808,Отказ,2025-01-06 18:33:25,Скоринговый балл ниже порога
APP-202809,Отказ,2025-05-27 10:22:57,Неполный пакет документов
APP-202810,Отказ,2025-01-29 20:19:16,Скоринговый балл ниже порога
APP-202811,Отказ,2025-03-30 17:44:13,Скоринговый балл ниже порога
APP-202812,Отказ,2025-01-29 19:32:22,Скоринговый балл ниже порога
APP-202813,Отказ,2025-06-07 01:56:47,Скоринговый балл ниже порога
APP-202814,Отказ,2025-04-24 21:44:14,Клиент отозвал заявку
APP-202815,Отказ,2025-04-21 00:10:48,Высокая долговая нагрузка
APP-202816,Одобрено,2025-02-10 12:48:30,Одобрено
APP-202817,Одобрено,2025-06-09 21:45:36,Одобрено
APP-202818,Отказ,2025-05-20 00:55:36,Клиент отозвал заявку
APP-202819,Отказ,2025-01-17 15:48:58,Неполный пакет документов
APP-202820,Отказ,2025-02-01 15:53:56,Скоринговый балл ниже порога
APP-202821,Отказ,2025-04-16 22:16:12,Клиент отозвал заявку
APP-202822,Отказ,2025-05-20 23:58:39,Клиент не явился за средствами
APP-202823,Одобрено,2025-08-05 11:48:21,Одобрено
APP-202824,Отказ,2025-04-03 20:48:20,Высокая долговая нагрузка
APP-202825,Одобрено,2025-06-30 23:08:42,Одобрено
APP-202826,Одобрено,2025-01-11 19:59:29,Одобрено
APP-202828,Одобрено,2025-02-20 08:51:49,Одобрено
APP-202829,Отказ,2025-01-31 09:33:10,Высокая долговая нагрузка
APP-202830,Отказ,2025-04-01 01:49:35,Скоринговый балл ниже порога
APP-202831,Отказ,2025-04-14 23:36:41,Скоринговый балл ниже порога
APP-202832,Одобрено,2025-04-04 13:24:38,Одобрено
APP-202833,Отказ,2025-04-23 02:38:35,Скоринговый балл ниже порога
APP-202834,Отказ,2025-07-23 23:47:34,Скоринговый балл ниже порога
APP-202835,Одобрено,2025-04-15 09:57:08,Одобрено
APP-202836,Одобрено,2025-01-25 19:22:28,Одобрено
APP-202837,Отказ,2025-02-14 22:41:39,Скоринговый балл ниже порога
APP-202838,Отказ,2025-02-13 11:42:06,Высокая долговая нагрузка
APP-202839,Отказ,2025-02-03 13:22:08,Скоринговый балл ниже порога
APP-202840,Одобрено,2025-03-28 17:31:48,Одобрено
APP-202841,Отказ,2025-01-10 16:59:09,Неполный пакет документов
APP-202842,Одобрено,2025-06-08 20:10:00,Одобрено
APP-202843,Одобрено,2025-04-04 07:08:43,Одобрено
APP-202844,Отказ,2025-07-31 18:18:12,Скоринговый балл ниже порога
APP-202845,Одобрено,2025-03-07 22:55:50,Одобрено
APP-202846,Одобрено,2025-07-21 05:09:40,TEST
APP-202847,Одобрено,2025-03-28 11:13:27,Одобрено
APP-202848,Одобрено,2025-02-09 04:02:52,Одобрено
APP-202849,Отказ,2025-07-30 16:22:47,Скоринговый балл ниже порога
APP-202850,Отказ,2025-06-28 15:14:19,Высокая долговая нагрузка
APP-202851,Отказ,2025-08-04 15:03:00,Высокая долговая нагрузка
APP-202852,Отказ,2025-03-28 00:50:29,Скоринговый балл ниже порога
APP-202853,Отказ,2025-06-28 22:54:25,Высокая долговая нагрузка
APP-202854,Отказ,2025-02-27 13:42:24,Скоринговый балл ниже порога
APP-202855,Отказ,2025-06-10 10:08:08,Неполный пакет документов
APP-202856,Одобрено,2025-03-05 03:23:49,Одобрено
APP-202857,Одобрено,2025-06-16 06:54:30,Одобрено
APP-202858,Одобрено,2025-06-05 07:08:10,Одобрено
APP-202859,Одобрено,2025-02-27 07:01:47,Одобрено
APP-202860,Отказ,2025-08-02 10:33:58,Высокая долговая нагрузка
APP-202861,Отказ,2025-07-28 05:08:40,Высокая долговая нагрузка
APP-202862,Одобрено,2025-03-31 08:29:24,Одобрено
APP-202863,Отказ,2025-01-23 21:47:01,Клиент не явился за средствами
APP-202864,Одобрено,2025-07-12 19:15:01,Одобрено
APP-202865,Одобрено,2025-04-27 02:12:44,Одобрено
APP-202866,Отказ,2025-05-02 09:00:09,Высокая долговая нагрузка
APP-202867,Отказ,2025-07-11 20:24:34,Скоринговый балл ниже порога
APP-202868,Одобрено,2025-04-12 20:46:56,Одобрено
APP-202869,Отказ,2025-07-18 10:30:18,Высокая долговая нагрузка
APP-202870,Отказ,2025-03-12 01:14:46,Высокая долговая нагрузка
APP-202871,Одобрено,2025-06-30 06:47:38,Одобрено
APP-202872,Одобрено,2025-03-04 01:23:13,Одобрено
APP-202873,Отказ,2025-02-04 15:43:09,Скоринговый балл ниже порога
APP-202874,Одобрено,2025-05-16 06:25:16,Одобрено
APP-202875,Одобрено,2025-01-17 06:30:40,Одобрено
APP-202877,Отказ,2025-01-06 22:45:24,Скоринговый балл ниже порога
APP-202878,Одобрено,2025-03-27 12:53:39,TEST
APP-202879,Отказ,2025-03-02 12:07:14,Скоринговый балл ниже порога
APP-202880,Одобрено,2025-02-12 23:53:53,Одобрено
APP-202881,Отказ,2025-06-29 14:13:23,Скоринговый балл ниже порога
APP-202882,Одобрено,2025-06-24 01:44:13,Одобрено
APP-202883,Отказ,2025-07-14 20:51:25,Скоринговый балл ниже порога
APP-202884,Отказ,2025-04-10 20:36:08,Неполный пакет документов
APP-202885,Отказ,2025-03-27 19:06:02,Скоринговый балл ниже порога
APP-202886,Отказ,2025-06-30 04:20:28,Высокая долговая нагрузка
APP-202887,Отказ,2025-02-27 13:02:22,Клиент отозвал заявку
APP-202888,Одобрено,2025-05-01 03:05:16,Одобрено
APP-202889,Отказ,2025-03-20 13:20:12,Скоринговый балл ниже порога
APP-202890,Одобрено,2025-02-28 14:26:07,Одобрено
APP-202891,Одобрено,2025-05-25 13:01:43,Одобрено
APP-202892,Отказ,2025-04-23 22:14:18,Клиент отозвал заявку
APP-202893,Одобрено,2025-01-10 17:46:56,Одобрено
APP-202894,Отказ,2025-07-26 17:06:03,Скоринговый балл ниже порога
APP-202895,Отказ,2025-02-19 16:35:30,Скоринговый балл ниже порога
APP-202896,Отказ,2025-07-08 17:51:41,Высокая долговая нагрузка
APP-202897,Одобрено,2025-04-16 07:13:51,Одобрено
APP-202898,Одобрено,2025-05-15 05:25:47,Одобрено
APP-202899,Одобрено,2025-08-01 10:29:18,Одобрено
APP-202900,Отказ,2025-03-26 15:46:54,Скоринговый балл ниже порога
APP-202901,Одобрено,2025-04-28 10:05:19,Одобрено
APP-202902,Отказ,2025-04-09 15:15:08,Скоринговый балл ниже порога
APP-202903,Отказ,2025-05-27 01:51:52,Высокая долговая нагрузка
APP-202904,Отказ,2025-07-02 04:28:21,Клиент отозвал заявку
APP-202905,Одобрено,2025-06-26 12:34:07,Одобрено
APP-202906,Одобрено,2025-06-08 18:54:03,Одобрено
APP-202907,Отказ,2025-04-22 15:05:34,Высокая долговая нагрузка
APP-202908,Отказ,2025-03-22 03:49:53,Клиент не явился за средствами
APP-202909,Одобрено,2025-08-04 21:16:45,TEST
APP-202910,Отказ,2025-02-01 16:39:05,Скоринговый балл ниже порога
APP-202912,Одобрено,2025-02-23 12:01:10,Одобрено
APP-202913,Отказ,2025-05-23 00:26:55,Клиент не явился за средствами
APP-202914,Отказ,2025-04-02 07:39:14,Высокая долговая нагрузка
APP-202915,Одобрено,2025-07-22 16:34:34,Одобрено
APP-202916,Отказ,2025-02-13 17:32:58,Скоринговый балл ниже порога
APP-202917,Одобрено,2025-04-03 06:00:45,Одобрено
APP-202918,Отказ,2025-06-16 20:02:41,Высокая долговая нагрузка
APP-202919,Одобрено,2025-05-23 03:32:40,Одобрено
APP-202920,Отказ,2025-02-09 20:35:33,Скоринговый балл ниже порога
APP-202921,Отказ,2025-02-18 00:50:21,Высокая долговая нагрузка
APP-202922,Отказ,2025-05-06 06:07:40,Высокая долговая нагрузка
APP-202924,Отказ,2025-03-27 09:19:57,Клиент не явился за средствами
APP-202925,Одобрено,2025-04-23 09:16:55,Одобрено
APP-202926,Отказ,2025-06-16 11:52:49,Высокая долговая нагрузка
APP-202927,Отказ,2025-05-07 11:03:24,Клиент не явился за средствами
APP-202928,Отказ,2025-04-12 04:20:51,Высокая долговая нагрузка
APP-202929,Одобрено,2025-03-27 23:48:58,Одобрено
APP-202930,Одобрено,2025-06-23 07:09:36,Одобрено
APP-202931,Одобрено,2025-01-30 10:59:35,Одобрено
APP-202932,Отказ,2025-01-19 15:53:06,Неполный пакет документов
APP-202933,Одобрено,2025-05-19 15:28:26,Одобрено
APP-202934,Одобрено,2025-07-01 22:06:20,Одобрено
APP-202936,Одобрено,2025-06-29 07:20:13,Одобрено
APP-202937,Отказ,2025-04-16 22:13:39,Скоринговый балл ниже порога
APP-202938,Отказ,2025-03-23 16:23:10,Высокая долговая нагрузка
APP-202939,Отказ,2025-07-30 22:00:21,Клиент отозвал заявку
APP-202940,Одобрено,2025-01-19 04:17:07,Одобрено
APP-202941,Отказ,2025-05-28 21:10:50,Скоринговый балл ниже порога
APP-202942,Отказ,2025-02-21 21:54:12,Скоринговый балл ниже порога
APP-202943,Одобрено,2025-05-19 17:56:13,Одобрено
APP-202944,Отказ,2025-02-24 17:34:12,Неполный пакет документов
APP-202945,Одобрено,2025-07-21 07:38:46,Одобрено
APP-202946,Одобрено,2025-06-16 11:02:48,Одобрено
APP-202947,Отказ,2025-06-10 04:10:35,Клиент отозвал заявку
APP-202948,Одобрено,2025-06-30 01:57:37,Одобрено
APP-202949,Одобрено,2025-08-01 09:24:45,Одобрено
APP-202950,Одобрено,2025-05-14 00:30:40,Одобрено
APP-202951,Одобрено,2025-03-05 21:29:14,Одобрено
APP-202952,Отказ,2025-03-08 19:19:15,Неполный пакет документов
APP-202953,Одобрено,2025-02-22 14:22:01,Одобрено
APP-202954,Одобрено,2025-03-05 08:35:46,Одобрено
APP-202955,Одобрено,2025-04-01 17:43:29,Одобрено
APP-202956,Одобрено,2025-07-25 18:08:06,Одобрено
APP-202957,Одобрено,2025-02-09 01:38:27,Одобрено
APP-202958,Одобрено,2025-05-26 05:19:54,Одобрено
APP-202959,Отказ,2025-02-23 13:15:52,Клиент не явился за средствами
APP-202960,Одобрено,2025-03-14 07:17:47,Одобрено
APP-202961,Отказ,2025-03-02 04:38:51,Высокая долговая нагрузка
APP-202962,Отказ,2025-07-04 15:10:21,Скоринговый балл ниже порога
APP-202963,Отказ,2025-01-10 21:21:07,Скоринговый балл ниже порога
APP-202964,Отказ,2025-04-18 00:16:59,Скоринговый балл ниже порога
APP-202965,Одобрено,2025-02-20 02:58:08,Одобрено
APP-202966,Одобрено,2025-05-24 12:55:16,Одобрено
APP-202967,Отказ,2025-03-29 14:17:54,Высокая долговая нагрузка
APP-202968,Отказ,2025-03-11 18:35:24,Скоринговый балл ниже порога
APP-202969,Одобрено,2025-03-27 01:07:14,Одобрено
APP-202970,Одобрено,2025-02-02 20:48:54,Одобрено
APP-202971,Отказ,2025-06-11 20:04:20,Высокая долговая нагрузка
APP-202972,Одобрено,2025-04-06 04:54:04,Одобрено
APP-202973,Отказ,2025-04-08 21:22:28,Скоринговый балл ниже порога
APP-202974,Отказ,2025-04-09 20:40:10,Скоринговый балл ниже порога
APP-202975,Одобрено,2025-06-14 17:52:34,Одобрено
APP-202976,Отказ,2025-06-24 18:03:51,Высокая долговая нагрузка
APP-202977,Отказ,2025-01-25 17:40:29,Скоринговый балл ниже порога
APP-202978,Отказ,2025-03-07 20:46:57,Скоринговый балл ниже порога
APP-202979,Одобрено,2025-07-04 15:40:04,Одобрено
APP-202980,Отказ,2025-05-28 21:24:32,Скоринговый балл ниже порога
APP-202981,Одобрено,2025-03-28 19:01:48,Одобрено
APP-202982,Отказ,2025-03-11 01:24:25,Клиент не явился за средствами
APP-202983,Отказ,2025-06-18 21:10:57,Скоринговый балл ниже порога
APP-202984,Отказ,2025-05-31 22:18:10,Скоринговый балл ниже порога
APP-202985,Отказ,2025-05-06 15:04:01,Скоринговый балл ниже порога
APP-202986,Одобрено,2025-01-18 14:26:47,Одобрено
APP-202987,Отказ,2025-05-19 13:51:43,Скоринговый балл ниже порога
APP-202988,Одобрено,2025-06-13 17:22:38,Одобрено
APP-202989,Отказ,2025-01-17 21:28:55,Клиент не явился за средствами
APP-202990,Отказ,2025-02-09 03:19:09,Высокая долговая нагрузка
APP-202991,Отказ,2025-06-04 17:00:28,Скоринговый балл ниже порога
APP-202992,Одобрено,2025-01-19 21:36:22,Одобрено
APP-202993,Одобрено,2025-07-08 02:19:23,Одобрено
APP-202994,Отказ,2025-01-28 14:24:40,Высокая долговая нагрузка
APP-202995,Одобрено,2025-05-26 13:11:05,Одобрено
APP-202996,Одобрено,2025-04-01 16:39:46,TEST
APP-202997,Одобрено,2025-05-25 03:12:45,Одобрено
APP-202998,Отказ,2025-04-13 01:11:33,Скоринговый балл ниже порога
APP-202999,Одобрено,2025-01-26 17:05:56,Одобрено
APP-203000,Отказ,2025-02-08 22:47:24,Высокая долговая нагрузка
APP-203001,Отказ,2025-03-27 15:32:12,Скоринговый балл ниже порога
APP-203002,Одобрено,2025-04-16 20:53:39,Одобрено
APP-203003,Одобрено,2025-03-07 06:41:44,Одобрено
APP-203004,Отказ,2025-04-05 20:50:23,Скоринговый балл ниже порога
APP-203005,Отказ,2025-01-28 00:40:22,Высокая долговая нагрузка
APP-203006,Отказ,2025-07-16 10:54:00,Скоринговый балл ниже порога
APP-203007,Отказ,2025-03-08 16:00:13,Скоринговый балл ниже порога
APP-203008,Одобрено,2025-06-14 19:30:07,TEST
APP-203009,Отказ,2025-04-14 06:32:01,Высокая долговая нагрузка
APP-203010,Отказ,2025-04-08 23:34:15,Скоринговый балл ниже порога
APP-203011,Одобрено,2025-05-07 20:13:44,Одобрено
APP-203012,Одобрено,2025-05-08 11:10:19,Одобрено
APP-203013,Одобрено,2025-04-15 11:44:06,Одобрено
APP-203014,Отказ,2025-08-04 08:28:40,Клиент не явился за средствами
APP-203015,Одобрено,2025-02-05 18:07:56,Одобрено
APP-203016,Отказ,2025-07-21 22:30:31,Скоринговый балл ниже порога
APP-203017,Отказ,2025-04-14 00:09:54,Скоринговый балл ниже порога
APP-203018,Одобрено,2025-04-13 17:17:30,Одобрено
APP-203019,Одобрено,2025-03-17 02:21:03,Одобрено
APP-203020,Отказ,2025-02-22 23:46:28,Скоринговый балл ниже порога
APP-203021,Отказ,2025-01-31 08:03:37,Высокая долговая нагрузка
APP-203022,Отказ,2025-03-13 21:42:55,Скоринговый балл ниже порога
APP-203023,Отказ,2025-04-06 15:03:20,Неполный пакет документов
APP-203024,Одобрено,2025-01-11 19:11:11,Одобрено
APP-203025,Отказ,2025-03-19 22:01:36,Неполный пакет документов
APP-203026,Одобрено,2025-04-20 06:38:52,Одобрено
APP-203027,Отказ,2025-04-04 16:21:15,Высокая долговая нагрузка
APP-203028,Одобрено,2025-05-04 15:19:42,Одобрено
APP-203029,Отказ,2025-01-12 17:50:30,Скоринговый балл ниже порога
APP-203030,Одобрено,2025-05-15 18:55:33,Одобрено
APP-203031,Отказ,2025-05-17 12:37:41,Скоринговый балл ниже порога
APP-203032,Отказ,2025-07-05 21:27:11,Неполный пакет документов
APP-203033,Одобрено,2025-04-14 14:12:56,Одобрено
APP-203034,Одобрено,2025-06-04 20:48:52,Одобрено
APP-203035,Одобрено,2025-02-08 10:41:57,Одобрено
APP-203036,Одобрено,2025-07-11 01:53:40,Одобрено
APP-203037,Одобрено,2025-05-24 07:25:43,Одобрено
APP-203038,Отказ,2025-01-06 22:38:08,Скоринговый балл ниже порога
APP-203039,Одобрено,2025-05-05 16:55:56,Одобрено
APP-203040,Одобрено,2025-05-08 10:37:36,Одобрено
APP-203041,Отказ,2025-07-06 22:24:38,Высокая долговая нагрузка
APP-203042,Одобрено,2025-05-26 04:03:07,Одобрено
APP-203043,Одобрено,2025-03-11 12:34:57,Одобрено
APP-203044,Отказ,2025-03-27 01:25:43,Скоринговый балл ниже порога
APP-203045,Отказ,2025-06-21 03:56:22,Высокая долговая нагрузка
APP-203046,Отказ,2025-02-09 06:06:12,Клиент отозвал заявку
APP-203047,Отказ,2025-02-10 05:31:47,Высокая долговая нагрузка
APP-203048,Отказ,2025-01-16 05:01:45,Высокая долговая нагрузка
APP-203049,Одобрено,2025-04-27 09:46:32,Одобрено
APP-203050,Одобрено,2025-02-13 17:46:53,TEST
APP-203051,Отказ,2025-03-18 08:35:30,Высокая долговая нагрузка
APP-203052,Отказ,2025-03-16 22:33:59,Скоринговый балл ниже порога
APP-203053,Одобрено,2025-07-23 23:52:10,Одобрено
APP-203054,Одобрено,2025-03-30 18:34:08,TEST
APP-203055,Одобрено,2025-01-26 13:26:12,Одобрено
APP-203056,Отказ,2025-04-14 01:32:01,Скоринговый балл ниже порога
APP-203057,Одобрено,2025-05-20 21:36:09,Одобрено
APP-203058,Одобрено,2025-06-02 21:14:49,Одобрено
APP-203059,Одобрено,2025-06-04 06:42:45,Одобрено
APP-203060,Одобрено,2025-07-03 07:38:16,Одобрено
APP-203062,Одобрено,2025-07-20 18:45:59,Одобрено
APP-203063,Отказ,2025-07-28 00:43:58,Скоринговый балл ниже порога
APP-203064,Одобрено,2025-05-29 22:50:46,Одобрено
APP-203065,Одобрено,2025-07-02 03:14:03,Одобрено
APP-203066,Одобрено,2025-07-04 14:03:42,Одобрено
APP-203067,Отказ,2025-01-16 19:46:55,Клиент не явился за средствами
APP-203069,Отказ,2025-05-27 21:37:00,Скоринговый балл ниже порога
APP-203070,Одобрено,2025-03-19 02:54:03,Одобрено
APP-203071,Одобрено,2025-06-25 18:58:49,Одобрено
APP-203072,Отказ,2025-02-15 07:55:42,Клиент не явился за средствами
APP-203073,Одобрено,2025-03-17 14:58:25,Одобрено
APP-203074,Отказ,2025-02-28 08:05:44,Клиент не явился за средствами
APP-203075,Одобрено,2025-06-20 05:17:11,Одобрено
APP-203076,Одобрено,2025-02-25 08:19:04,Одобрено
APP-203077,Одобрено,2025-04-12 17:38:12,Одобрено
APP-203078,Отказ,2025-02-19 09:47:04,Клиент не явился за средствами
APP-203079,Одобрено,2025-08-02 04:18:45,Одобрено
APP-203080,Одобрено,2025-02-24 21:39:57,Одобрено
APP-203081,Одобрено,2025-05-31 17:41:05,Одобрено
APP-203082,Одобрено,2025-07-31 02:01:24,Одобрено
APP-203083,Отказ,2025-05-05 20:01:33,Скоринговый балл ниже порога
APP-203084,Отказ,2025-05-22 05:38:36,Высокая долговая нагрузка
APP-203085,Одобрено,2025-05-03 09:42:12,Одобрено
APP-203086,Одобрено,2025-03-06 20:54:51,Одобрено
APP-203087,Отказ,2025-06-24 17:08:36,Скоринговый балл ниже порога
APP-203088,Отказ,2025-05-08 04:12:54,Высокая долговая нагрузка
APP-203089,Одобрено,2025-04-27 12:44:13,Одобрено
APP-203090,Отказ,2025-02-15 06:11:02,Клиент не явился за средствами
APP-203091,Одобрено,2025-03-12 09:19:59,Одобрено
APP-203092,Одобрено,2025-06-11 11:15:23,Одобрено
APP-203093,Одобрено,2025-01-21 05:26:15,Одобрено
APP-203094,Одобрено,2025-07-17 22:44:23,Одобрено
APP-203095,Одобрено,2025-06-15 04:56:20,Одобрено
APP-203096,Отказ,2025-02-03 15:58:15,Скоринговый балл ниже порога
APP-203097,Отказ,2025-01-15 06:58:02,Клиент не явился за средствами
APP-203098,Отказ,2025-04-13 03:33:07,Высокая долговая нагрузка
APP-203099,Одобрено,2025-02-04 21:09:06,Одобрено
APP-203100,Отказ,2025-07-18 17:32:12,Скоринговый балл ниже порога
APP-203101,Отказ,2025-07-06 16:55:49,Клиент отозвал заявку
APP-203102,Одобрено,2025-06-09 11:53:15,Одобрено
APP-203103,Отказ,2025-01-25 03:49:19,Скоринговый балл ниже порога
APP-203104,Одобрено,2025-06-10 12:22:55,Одобрено
APP-203105,Отказ,2025-03-18 17:44:09,Скоринговый балл ниже порога
APP-203106,Одобрено,2025-07-25 21:52:39,Одобрено
APP-203107,Одобрено,2025-02-04 15:15:15,Одобрено
APP-203108,Одобрено,2025-02-01 20:10:22,Одобрено
APP-203109,Одобрено,2025-02-17 03:45:28,Одобрено
APP-203110,Отказ,2025-01-31 17:16:45,Скоринговый балл ниже порога
APP-203111,Отказ,2025-07-24 06:57:48,Клиент отозвал заявку
APP-203112,Отказ,2025-07-18 14:41:44,Скоринговый балл ниже порога
APP-203113,Отказ,2025-07-19 08:13:03,Клиент отозвал заявку
APP-203114,Отказ,2025-01-28 06:02:42,Клиент отозвал заявку
APP-203115,Одобрено,2025-04-20 09:05:41,Одобрено
APP-203116,Одобрено,2025-03-06 23:06:05,Одобрено
APP-203117,Отказ,2025-05-08 01:24:50,Скоринговый балл ниже порога
APP-203118,Отказ,2025-04-20 22:11:34,Высокая долговая нагрузка
APP-203119,Одобрено,2025-03-02 11:11:04,Одобрено
APP-203120,Отказ,2025-03-15 02:43:09,Клиент не явился за средствами
APP-203121,Отказ,2025-01-08 03:54:10,Высокая долговая нагрузка
APP-203122,Одобрено,2025-04-27 08:47:50,Одобрено
APP-203123,Одобрено,2025-01-24 21:30:47,Одобрено
APP-203124,Одобрено,2025-01-11 04:17:00,Одобрено
APP-203125,Отказ,2025-06-05 02:35:38,Скоринговый балл ниже порога
APP-203126,Одобрено,2025-04-13 17:20:17,Одобрено
APP-203127,Одобрено,2025-01-27 10:33:46,Одобрено
APP-203128,Одобрено,2025-04-30 15:14:19,Одобрено
APP-203129,Одобрено,2025-07-11 03:20:06,Одобрено
APP-203130,Отказ,2025-07-03 23:18:43,Скоринговый балл ниже порога
APP-203131,Отказ,2025-05-10 23:46:40,Высокая долговая нагрузка
APP-203132,Одобрено,2025-03-22 04:16:09,Одобрено
APP-203133,Одобрено,2025-03-06 09:16:48,Одобрено
APP-203134,Одобрено,2025-02-19 13:32:09,Одобрено
APP-203135,Отказ,2025-07-09 17:25:25,Скоринговый балл ниже порога
APP-203136,Одобрено,2025-02-20 16:50:15,Одобрено
APP-203137,Отказ,2025-05-22 12:12:51,Клиент отозвал заявку
APP-203138,Отказ,2025-01-15 13:31:54,Скоринговый балл ниже порога
APP-203139,Отказ,2025-01-15 12:11:39,Скоринговый балл ниже порога
APP-203140,Отказ,2025-01-17 18:02:57,Скоринговый балл ниже порога
APP-203141,Отказ,2025-03-06 23:08:07,Скоринговый балл ниже порога
APP-203142,Одобрено,2025-06-08 16:18:04,Одобрено
APP-203143,Одобрено,2025-07-22 00:57:13,Одобрено
APP-203144,Одобрено,2025-03-18 07:55:41,Одобрено
APP-203145,Одобрено,2025-06-04 12:46:15,Одобрено
APP-203146,Одобрено,2025-05-29 00:10:08,Одобрено
APP-203147,Одобрено,2025-03-05 04:29:37,Одобрено
APP-203148,Одобрено,2025-04-23 11:13:32,Одобрено
APP-203149,Отказ,2025-07-06 22:14:06,Клиент отозвал заявку
APP-203150,Одобрено,2025-06-02 15:34:23,Одобрено
APP-203151,Одобрено,2025-08-01 09:03:42,Одобрено
APP-203152,Отказ,2025-06-15 03:14:35,Высокая долговая нагрузка
APP-203153,Отказ,2025-06-13 00:46:45,Скоринговый балл ниже порога
APP-203154,Отказ,2025-05-27 22:53:46,Клиент отозвал заявку
APP-203155,Отказ,2025-07-31 16:00:55,Клиент отозвал заявку
APP-203156,Отказ,2025-04-07 11:34:32,Клиент не явился за средствами
APP-203157,Одобрено,2025-04-28 08:36:47,Одобрено
APP-203158,Отказ,2025-03-29 19:34:05,Скоринговый балл ниже порога
APP-203159,Одобрено,2025-02-27 02:12:05,Одобрено
APP-203160,Отказ,2025-07-06 19:31:04,Скоринговый балл ниже порога
APP-203161,Отказ,2025-05-07 15:40:41,Скоринговый балл ниже порога
APP-203162,Одобрено,2025-05-31 21:12:18,Одобрено
APP-203163,Отказ,2025-06-12 21:13:39,Неполный пакет документов
APP-203164,Одобрено,2025-03-15 22:56:37,Одобрено
APP-203165,Одобрено,2025-06-16 06:03:55,Одобрено
APP-203167,Одобрено,2025-01-08 19:40:25,Одобрено
APP-203168,Отказ,2025-07-31 22:19:37,Скоринговый балл ниже порога
APP-203169,Отказ,2025-03-29 21:01:56,Неполный пакет документов
APP-203170,Отказ,2025-05-03 17:52:14,Скоринговый балл ниже порога
APP-203171,Одобрено,2025-03-03 15:54:48,Одобрено
APP-203172,Отказ,2025-07-09 18:35:03,Клиент не явился за средствами
APP-203173,Отказ,2025-03-07 00:02:20,Скоринговый балл ниже порога
APP-203174,Отказ,2025-01-21 07:31:46,Клиент отозвал заявку
APP-203175,Отказ,2025-02-08 21:53:59,Скоринговый балл ниже порога
APP-203176,Одобрено,2025-03-18 22:51:58,Одобрено
APP-203177,Отказ,2025-02-17 21:47:57,Скоринговый балл ниже порога
APP-203178,Отказ,2025-03-01 14:08:27,Высокая долговая нагрузка
APP-203179,Отказ,2025-05-22 11:24:09,Клиент не явился за средствами
APP-203180,Одобрено,2025-07-17 09:15:51,Одобрено
APP-203181,Одобрено,2025-06-17 03:49:17,Одобрено
APP-203182,Одобрено,2025-04-27 05:17:33,Одобрено
APP-203183,Одобрено,2025-04-09 12:32:53,Одобрено
APP-203184,Одобрено,2025-01-21 19:21:31,Одобрено
APP-203185,Одобрено,2025-05-22 14:22:57,Одобрено
APP-203186,Отказ,2025-04-12 20:33:34,Высокая долговая нагрузка
APP-203187,Отказ,2025-06-03 13:51:35,Клиент не явился за средствами
APP-203188,Отказ,2025-03-31 04:58:06,Высокая долговая нагрузка
APP-203189,Одобрено,2025-05-10 06:58:47,Одобрено
APP-203190,Отказ,2025-04-19 22:16:28,Скоринговый балл ниже порога
APP-203191,Отказ,2025-05-11 12:38:11,Неполный пакет документов
APP-203192,Отказ,2025-04-08 20:54:08,Скоринговый балл ниже порога
APP-203193,Отказ,2025-03-14 16:04:10,Клиент не явился за средствами
APP-203194,Одобрено,2025-06-14 12:59:35,Одобрено
APP-203195,Одобрено,2025-05-27 07:30:20,Одобрено
APP-203196,Отказ,2025-08-02 18:03:41,Скоринговый балл ниже порога
APP-203197,Одобрено,2025-07-21 19:53:32,Одобрено
APP-203198,Отказ,2025-07-29 10:43:36,Высокая долговая нагрузка
APP-203199,Отказ,2025-04-06 06:09:08,Высокая долговая нагрузка
APP-203200,Отказ,2025-03-20 17:34:03,Клиент не явился за средствами
APP-203201,Одобрено,2025-03-03 00:13:45,Одобрено
APP-203202,Одобрено,2025-05-12 19:39:38,Одобрено
APP-203203,Одобрено,2025-04-11 06:57:14,Одобрено
APP-203204,Одобрено,2025-06-03 07:46:15,Одобрено
APP-203205,Одобрено,2025-05-30 06:30:25,Одобрено
APP-203206,Одобрено,2025-07-15 18:50:12,Одобрено
APP-203207,Одобрено,2025-05-22 19:19:19,Одобрено
APP-203208,Одобрено,2025-03-16 18:59:37,Одобрено
APP-203209,Отказ,2025-05-14 18:25:36,Скоринговый балл ниже порога
APP-203210,Одобрено,2025-01-24 05:10:03,Одобрено
APP-203211,Отказ,2025-06-15 17:53:35,Скоринговый балл ниже порога
APP-203212,Одобрено,2025-03-27 09:50:37,Одобрено
APP-203213,Одобрено,2025-06-23 00:06:05,Одобрено
APP-203214,Одобрено,2025-06-20 10:41:49,Одобрено
APP-203215,Одобрено,2025-04-28 12:59:25,Одобрено
APP-203216,Отказ,2025-05-04 09:27:28,Клиент отозвал заявку
APP-203217,Отказ,2025-05-05 23:08:48,Неполный пакет документов
APP-203218,Одобрено,2025-03-29 20:02:02,Одобрено
APP-203219,Отказ,2025-01-26 17:17:51,Неполный пакет документов
APP-203220,Отказ,2025-07-27 00:10:10,Скоринговый балл ниже порога
APP-203221,Отказ,2025-05-20 22:06:13,Скоринговый балл ниже порога
APP-203222,Одобрено,2025-06-26 22:30:14,Одобрено
APP-203223,Одобрено,2025-04-11 23:33:04,Одобрено
APP-203224,Одобрено,2025-03-16 18:07:00,Одобрено
APP-203225,Отказ,2025-07-31 02:17:23,Высокая долговая нагрузка
APP-203226,Одобрено,2025-04-02 14:49:53,Одобрено
APP-203227,Отказ,2025-03-06 09:15:59,Высокая долговая нагрузка
APP-203228,Отказ,2025-04-30 23:59:20,Скоринговый балл ниже порога
APP-203229,Отказ,2025-07-11 08:28:04,Высокая долговая нагрузка
APP-203230,Отказ,2025-01-15 16:11:05,Скоринговый балл ниже порога
APP-203231,Одобрено,2025-03-17 19:18:37,TEST
APP-203232,Одобрено,2025-03-22 07:29:43,Одобрено
APP-203233,Отказ,2025-01-10 05:49:36,Клиент не явился за средствами
APP-203234,Одобрено,2025-03-02 13:59:32,Одобрено
APP-203235,Одобрено,2025-04-03 16:04:56,Одобрено
APP-203236,Одобрено,2025-04-17 17:41:29,Одобрено
APP-203237,Отказ,2025-05-03 16:24:44,Неполный пакет документов
APP-203238,Одобрено,2025-05-07 19:19:51,Одобрено
APP-203239,Одобрено,2025-06-11 20:30:45,Одобрено
APP-203240,Одобрено,2025-02-18 06:06:30,Одобрено
APP-203241,Отказ,2025-01-10 05:04:36,Высокая долговая нагрузка
APP-203242,Одобрено,2025-01-16 01:32:43,Одобрено
APP-203243,Одобрено,2025-07-19 15:30:40,Одобрено
APP-203244,Одобрено,2025-04-12 01:06:18,Одобрено
APP-203245,Отказ,2025-06-13 05:56:35,Клиент не явился за средствами
APP-203246,Одобрено,2025-07-25 01:41:43,Одобрено
APP-203247,Одобрено,2025-06-08 22:20:09,Одобрено
APP-203248,Отказ,2025-06-22 17:39:19,Неполный пакет документов
APP-203249,Одобрено,2025-05-08 07:34:59,Одобрено
APP-203250,Отказ,2025-05-03 17:49:06,Скоринговый балл ниже порога
APP-203251,Одобрено,2025-01-28 16:08:18,Одобрено
APP-203252,Одобрено,2025-06-05 13:02:55,Одобрено
APP-203253,Одобрено,2025-05-07 00:58:53,Одобрено
APP-203254,Отказ,2025-06-01 20:44:56,Скоринговый балл ниже порога
APP-203255,Отказ,2025-07-02 20:23:36,Скоринговый балл ниже порога
APP-203256,Одобрено,2025-06-12 00:23:19,Одобрено
APP-203257,Одобрено,2025-05-22 06:47:33,Одобрено
APP-203258,Одобрено,2025-02-04 10:56:47,Одобрено
APP-203259,Отказ,2025-05-13 10:35:43,Клиент не явился за средствами
APP-203260,Отказ,2025-07-01 19:16:31,Скоринговый балл ниже порога
APP-203261,Одобрено,2025-05-05 14:45:33,Одобрено
APP-203262,Отказ,2025-05-22 23:09:21,Клиент не явился за средствами
APP-203263,Одобрено,2025-03-08 06:37:06,Одобрено
APP-203264,Отказ,2025-04-04 21:52:04,Клиент не явился за средствами
APP-203265,Отказ,2025-02-15 23:42:03,Скоринговый балл ниже порога
APP-203266,Отказ,2025-06-24 00:29:53,Скоринговый балл ниже порога
APP-203267,Одобрено,2025-03-21 22:05:25,Одобрено
APP-203268,Отказ,2025-05-18 01:11:56,Скоринговый балл ниже порога
APP-203269,Одобрено,2025-08-04 01:10:57,Одобрено
APP-203270,Отказ,2025-04-02 16:59:21,Высокая долговая нагрузка
APP-203271,Одобрено,2025-03-14 15:45:00,TEST
APP-203272,Одобрено,2025-04-14 21:56:59,Одобрено
APP-203273,Одобрено,2025-01-30 21:28:46,Одобрено
APP-203274,Отказ,2025-07-24 11:43:35,Клиент не явился за средствами
APP-203275,Отказ,2025-07-03 21:44:20,Скоринговый балл ниже порога
APP-203276,Одобрено,2025-03-09 04:28:50,TEST
APP-203277,Одобрено,2025-02-17 02:33:21,Одобрено
APP-203278,Одобрено,2025-05-07 21:48:30,Одобрено
APP-203279,Отказ,2025-05-16 13:18:09,Скоринговый балл ниже порога
APP-203280,Одобрено,2025-06-21 00:47:39,Одобрено
APP-203281,Одобрено,2025-05-31 04:34:46,Одобрено
APP-203282,Одобрено,2025-08-02 21:52:36,Одобрено
APP-203283,Одобрено,2025-01-16 02:30:13,Одобрено
APP-203284,Одобрено,2025-02-02 19:48:35,Одобрено
APP-203285,Отказ,2025-06-28 17:35:47,Высокая долговая нагрузка
APP-203286,Отказ,2025-07-04 15:42:13,Клиент не явился за средствами
APP-203287,Одобрено,2025-07-18 03:27:23,Одобрено
APP-203288,Одобрено,2025-08-06 01:25:19,Одобрено
APP-203289,Одобрено,2025-06-01 11:12:19,Одобрено
APP-203290,Одобрено,2025-04-04 03:00:38,Одобрено
APP-203291,Отказ,2025-07-12 17:53:06,Высокая долговая нагрузка
APP-203292,Отказ,2025-03-13 17:07:02,Скоринговый балл ниже порога
APP-203293,Отказ,2025-01-17 22:12:43,Скоринговый балл ниже порога
APP-203294,Отказ,2025-04-27 19:47:56,Скоринговый балл ниже порога
APP-203295,Одобрено,2025-06-13 07:14:24,Одобрено
APP-203296,Одобрено,2025-01-28 10:49:54,Одобрено
APP-203297,Одобрено,2025-03-19 08:00:46,Одобрено
APP-203298,Отказ,2025-04-17 23:50:25,Высокая долговая нагрузка
APP-203299,Одобрено,2025-04-08 09:24:30,Одобрено
APP-203300,Одобрено,2025-05-15 21:27:40,Одобрено
APP-203301,Одобрено,2025-07-20 21:30:50,Одобрено
APP-203302,Одобрено,2025-04-18 17:00:39,Одобрено
APP-203303,Отказ,2025-05-01 02:06:43,Скоринговый балл ниже порога
APP-203304,Одобрено,2025-02-19 17:37:50,Одобрено
APP-203305,Одобрено,2025-01-26 11:23:20,Одобрено
APP-203306,Одобрено,2025-04-11 00:16:14,Одобрено
APP-203307,Отказ,2025-07-24 14:00:37,Клиент не явился за средствами
APP-203308,Одобрено,2025-02-11 01:07:36,Одобрено
APP-203309,Одобрено,2025-08-05 12:57:13,Одобрено
APP-203310,Одобрено,2025-05-01 06:52:23,Одобрено
APP-203311,Отказ,2025-05-29 15:55:46,Скоринговый балл ниже порога
APP-203312,Одобрено,2025-05-18 03:23:44,Одобрено
APP-203313,Одобрено,2025-05-05 06:09:53,Одобрено
APP-203314,Одобрено,2025-07-30 21:44:47,Одобрено
APP-203315,Одобрено,2025-05-18 12:49:32,Одобрено
APP-203316,Одобрено,2025-04-24 08:26:37,Одобрено
APP-203317,Одобрено,2025-02-15 06:01:50,Одобрено
APP-203318,Отказ,2025-02-19 22:06:18,Высокая долговая нагрузка
APP-203319,Одобрено,2025-07-28 14:51:48,Одобрено
APP-203320,Отказ,2025-02-03 23:22:35,Клиент отозвал заявку
APP-203321,Одобрено,2025-03-16 04:41:50,Одобрено
APP-203322,Одобрено,2025-02-01 18:41:33,Одобрено
APP-203323,Одобрено,2025-05-21 05:52:55,Одобрено
APP-203324,Отказ,2025-02-10 23:46:24,Скоринговый балл ниже порога
APP-203325,Отказ,2025-03-06 20:57:46,Скоринговый балл ниже порога
APP-203326,Одобрено,2025-07-14 18:01:44,Одобрено
APP-203327,Отказ,2025-05-27 18:40:06,Скоринговый балл ниже порога
APP-203328,Одобрено,2025-03-16 14:14:29,Одобрено
APP-203329,Отказ,2025-06-13 13:19:27,Скоринговый балл ниже порога
APP-203330,Одобрено,2025-07-04 16:56:52,Одобрено
APP-203331,Отказ,2025-02-01 23:20:05,Скоринговый балл ниже порога
APP-203332,Одобрено,2025-04-15 01:30:58,Одобрено
APP-203333,Отказ,2025-03-08 11:05:55,Высокая долговая нагрузка
APP-203334,Одобрено,2025-06-28 09:40:37,Одобрено
APP-203335,Отказ,2025-04-05 17:02:45,Скоринговый балл ниже порога
APP-203336,Одобрено,2025-04-14 16:36:55,Одобрено
APP-203337,Отказ,2025-04-19 21:50:43,Неполный пакет документов
APP-203338,Отказ,2025-03-29 15:56:13,Скоринговый балл ниже порога
APP-203339,Одобрено,2025-01-30 11:12:43,Одобрено
APP-203340,Одобрено,2025-01-29 14:24:32,Одобрено
APP-203341,Одобрено,2025-03-19 05:36:16,Одобрено
APP-203342,Одобрено,2025-04-29 08:20:51,Одобрено
APP-203343,Одобрено,2025-03-25 21:15:51,Одобрено
APP-203344,Отказ,2025-07-15 12:45:22,Клиент не явился за средствами
APP-203345,Отказ,2025-07-07 22:29:56,Скоринговый балл ниже порога
APP-203346,Одобрено,2025-04-25 18:32:29,Одобрено
APP-203347,Одобрено,2025-04-27 23:48:37,Одобрено
APP-203348,Отказ,2025-04-22 02:19:56,Скоринговый балл ниже порога
APP-203349,Отказ,2025-04-07 20:55:08,Высокая долговая нагрузка
APP-203350,Отказ,2025-03-18 11:09:26,Клиент не явился за средствами
APP-203351,Отказ,2025-04-17 13:05:00,Клиент не явился за средствами
APP-203352,Отказ,2025-07-21 12:25:04,Высокая долговая нагрузка
APP-203353,Одобрено,2025-04-08 18:43:10,Одобрено
APP-203354,Отказ,2025-06-28 13:09:55,Скоринговый балл ниже порога
APP-203355,Отказ,2025-05-29 20:26:39,Скоринговый балл ниже порога
APP-203356,Одобрено,2025-07-30 19:16:52,Одобрено
APP-203357,Отказ,2025-06-30 09:56:08,Высокая долговая нагрузка
APP-203358,Отказ,2025-08-05 16:17:44,Клиент не явился за средствами
APP-203359,Отказ,2025-05-30 17:49:11,Скоринговый балл ниже порога
APP-203360,Одобрено,2025-04-19 13:46:40,Одобрено
APP-203361,Одобрено,2025-05-25 07:10:32,Одобрено
APP-203362,Одобрено,2025-02-20 07:53:39,Одобрено
APP-203363,Отказ,2025-05-03 17:37:41,Высокая долговая нагрузка
APP-203364,Одобрено,2025-08-01 23:26:18,Одобрено
APP-203365,Одобрено,2025-02-10 05:07:19,Одобрено
APP-203366,Одобрено,2025-04-26 09:50:53,Одобрено
APP-203367,Отказ,2025-06-05 02:13:03,Клиент не явился за средствами
APP-203368,Одобрено,2025-03-24 00:44:47,Одобрено
APP-203369,Отказ,2025-04-29 16:10:20,Скоринговый балл ниже порога
APP-203370,Отказ,2025-04-08 15:45:24,Скоринговый балл ниже порога
APP-203371,Отказ,2025-01-26 14:30:25,Высокая долговая нагрузка
APP-203372,Одобрено,2025-05-08 19:03:08,Одобрено
APP-203373,Одобрено,2025-01-17 11:46:37,Одобрено
APP-203374,Отказ,2025-03-22 21:40:10,Высокая долговая нагрузка
APP-203375,Одобрено,2025-05-13 22:03:57,Одобрено
APP-203376,Одобрено,2025-06-16 17:32:42,Одобрено
APP-203377,Одобрено,2025-06-24 20:12:09,Одобрено
APP-203378,Отказ,2025-05-31 19:04:37,Высокая долговая нагрузка
APP-203379,Отказ,2025-02-02 11:37:10,Высокая долговая нагрузка
APP-203380,Одобрено,2025-06-29 08:40:06,Одобрено
APP-203381,Одобрено,2025-02-21 01:02:36,Одобрено
APP-203382,Отказ,2025-07-25 18:44:55,Скоринговый балл ниже порога
APP-203383,Одобрено,2025-06-12 19:09:01,Одобрено
APP-203384,Отказ,2025-04-04 15:00:04,Скоринговый балл ниже порога
APP-203385,Отказ,2025-03-07 20:02:01,Скоринговый балл ниже порога
APP-203386,Отказ,2025-01-23 11:09:23,Высокая долговая нагрузка
APP-203387,Одобрено,2025-01-24 03:34:39,Одобрено
APP-203388,Одобрено,2025-04-24 16:04:48,Одобрено
APP-203389,Отказ,2025-02-05 15:09:52,Клиент не явился за средствами
APP-203390,Отказ,2025-02-02 18:14:51,Скоринговый балл ниже порога
APP-203391,Одобрено,2025-02-26 03:28:09,Одобрено
APP-203392,Отказ,2025-01-21 00:42:20,Скоринговый балл ниже порога
APP-203393,Одобрено,2025-07-31 13:22:25,Одобрено
APP-203394,Одобрено,2025-08-04 04:13:59,Одобрено
APP-203395,Одобрено,2025-04-14 19:12:58,Одобрено
APP-203396,Одобрено,2025-03-08 16:00:05,Одобрено
APP-203397,Отказ,2025-04-26 16:46:02,Неполный пакет документов
APP-203398,Одобрено,2025-07-28 07:01:22,Одобрено
APP-203399,Отказ,2025-04-23 14:49:25,Высокая долговая нагрузка
APP-203400,Одобрено,2025-04-11 01:00:40,Одобрено
APP-203401,Одобрено,2025-06-04 00:17:04,Одобрено
APP-203402,Отказ,2025-06-23 07:11:26,Высокая долговая нагрузка
APP-203403,Одобрено,2025-07-02 06:13:38,Одобрено
APP-203404,Одобрено,2025-07-31 09:28:36,Одобрено
APP-203405,Отказ,2025-04-09 13:06:01,Скоринговый балл ниже порога
APP-203406,Одобрено,2025-07-02 16:42:47,Одобрено
APP-203407,Одобрено,2025-07-22 00:57:38,Одобрено
APP-203408,Отказ,2025-04-06 03:05:59,Клиент отозвал заявку
APP-203409,Одобрено,2025-08-02 14:17:27,Одобрено
APP-203410,Одобрено,2025-06-28 04:35:27,Одобрено
APP-203411,Отказ,2025-07-21 23:39:26,Неполный пакет документов
APP-203412,Отказ,2025-05-19 18:21:17,Скоринговый балл ниже порога
APP-203414,Отказ,2025-02-23 22:43:45,Скоринговый балл ниже порога
APP-203415,Одобрено,2025-05-29 08:30:20,Одобрено
APP-203416,Отказ,2025-06-25 08:13:48,Высокая долговая нагрузка
APP-203417,Одобрено,2025-01-17 04:47:48,TEST
APP-203418,Одобрено,2025-03-31 10:39:21,Одобрено
APP-203419,Отказ,2025-06-20 23:47:45,Скоринговый балл ниже порога
APP-203420,Одобрено,2025-03-23 07:26:18,Одобрено
APP-203421,Одобрено,2025-06-26 10:29:17,Одобрено
APP-203422,Отказ,2025-07-16 21:02:44,Высокая долговая нагрузка
APP-203423,Одобрено,2025-06-22 20:40:44,Одобрено
APP-203424,Одобрено,2025-04-21 09:52:30,Одобрено
APP-203425,Отказ,2025-07-27 23:18:00,Клиент отозвал заявку
APP-203426,Отказ,2025-06-01 05:09:04,Скоринговый балл ниже порога
APP-203427,Отказ,2025-04-29 17:55:52,Скоринговый балл ниже порога
APP-203428,Отказ,2025-02-14 23:59:56,Скоринговый балл ниже порога
APP-203429,Отказ,2025-03-05 00:54:43,Клиент не явился за средствами
APP-203430,Одобрено,2025-04-23 06:24:19,Одобрено
APP-203431,Отказ,2025-07-27 05:54:12,Высокая долговая нагрузка
APP-203432,Отказ,2025-06-20 17:13:45,Скоринговый балл ниже порога
APP-203433,Отказ,2025-01-18 14:09:39,Скоринговый балл ниже порога
APP-203434,Отказ,2025-02-24 15:33:52,Высокая долговая нагрузка
APP-203435,Отказ,2025-04-29 00:09:58,Скоринговый балл ниже порога
APP-203436,Отказ,2025-07-17 10:22:25,Высокая долговая нагрузка
APP-203437,Отказ,2025-06-25 01:27:20,Скоринговый балл ниже порога
APP-203438,Отказ,2025-07-01 15:35:39,Клиент не явился за средствами
APP-203439,Одобрено,2025-02-11 04:46:21,Одобрено
APP-203440,Одобрено,2025-03-01 23:14:15,Одобрено
APP-203441,Отказ,2025-04-02 09:47:30,Клиент отозвал заявку
APP-203442,Отказ,2025-06-09 11:54:13,Скоринговый балл ниже порога
APP-203443,Одобрено,2025-02-23 03:48:15,Одобрено
APP-203444,Одобрено,2025-02-01 12:24:32,Одобрено
APP-203445,Отказ,2025-04-16 17:55:51,Скоринговый балл ниже порога
APP-203446,Одобрено,2025-07-28 05:50:38,Одобрено
APP-203447,Отказ,2025-07-28 21:28:20,Клиент отозвал заявку
APP-203448,Одобрено,2025-03-27 01:01:28,Одобрено
APP-203449,Одобрено,2025-01-29 05:38:23,Одобрено
APP-203450,Отказ,2025-01-21 23:43:13,Скоринговый балл ниже порога
APP-203451,Отказ,2025-06-22 01:41:42,Высокая долговая нагрузка
APP-203452,Одобрено,2025-07-29 10:41:36,Одобрено
APP-203453,Одобрено,2025-06-12 22:19:51,Одобрено
APP-203454,Одобрено,2025-06-27 03:25:03,Одобрено
APP-203455,Одобрено,2025-05-18 21:00:45,Одобрено
APP-203456,Отказ,2025-05-18 16:12:07,Скоринговый балл ниже порога
APP-203457,Одобрено,2025-01-13 22:47:05,Одобрено
APP-203458,Одобрено,2025-03-31 05:40:21,Одобрено
APP-203459,Одобрено,2025-01-24 19:18:14,Одобрено
APP-203460,Отказ,2025-05-06 15:15:19,Неполный пакет документов
APP-203461,Отказ,2025-04-23 19:48:05,Скоринговый балл ниже порога
APP-203462,Одобрено,2025-06-10 01:44:13,Одобрено
APP-203463,Одобрено,2025-02-28 16:48:08,Одобрено
APP-203464,Отказ,2025-07-21 19:58:06,Скоринговый балл ниже порога
APP-203465,Одобрено,2025-07-20 16:40:50,Одобрено
APP-203466,Одобрено,2025-05-31 09:31:14,Одобрено
APP-203467,Одобрено,2025-03-27 23:40:41,Одобрено
APP-203468,Отказ,2025-04-14 12:29:14,Скоринговый балл ниже порога
APP-203469,Отказ,2025-02-16 14:42:58,Клиент отозвал заявку
APP-203470,Одобрено,2025-06-07 14:47:23,Одобрено
APP-203471,Отказ,2025-03-27 17:27:56,Скоринговый балл ниже порога
APP-203472,Отказ,2025-06-15 00:39:30,Скоринговый балл ниже порога
APP-203473,Одобрено,2025-03-03 08:17:23,Одобрено
APP-203474,Отказ,2025-07-12 22:58:29,Клиент отозвал заявку
APP-203475,Отказ,2025-05-23 20:37:36,Клиент не явился за средствами
APP-203476,Отказ,2025-01-26 15:53:36,Высокая долговая нагрузка
APP-203477,Отказ,2025-02-20 06:19:37,Клиент не явился за средствами
APP-203478,Отказ,2025-04-26 21:37:52,Высокая долговая нагрузка
APP-203479,Одобрено,2025-05-10 01:20:30,TEST
APP-203480,Одобрено,2025-02-17 14:37:27,Одобрено
APP-203481,Одобрено,2025-07-25 14:52:40,Одобрено
APP-203482,Одобрено,2025-04-02 14:24:09,Одобрено
APP-203484,Отказ,2025-05-17 19:52:09,Скоринговый балл ниже порога
APP-203485,Одобрено,2025-03-19 08:02:55,Одобрено
APP-203486,Одобрено,2025-03-19 10:56:11,Одобрено
APP-203487,Отказ,2025-03-05 08:42:54,Клиент не явился за средствами
APP-203488,Отказ,2025-05-26 02:29:12,Клиент не явился за средствами
APP-203489,Одобрено,2025-02-11 16:02:30,Одобрено
APP-203490,Одобрено,2025-03-18 17:36:10,Одобрено
APP-203491,Одобрено,2025-02-23 18:15:22,Одобрено
APP-203492,Одобрено,2025-02-26 04:32:58,Одобрено
APP-203493,Отказ,2025-02-24 04:10:33,Высокая долговая нагрузка
APP-203494,Одобрено,2025-04-26 14:23:13,Одобрено
APP-203495,Одобрено,2025-04-03 00:25:49,Одобрено
APP-203496,Отказ,2025-06-13 18:40:45,Клиент не явился за средствами
APP-203497,Отказ,2025-05-15 21:32:05,Клиент не явился за средствами
APP-203498,Одобрено,2025-01-26 14:33:37,Одобрено
APP-203499,Одобрено,2025-02-22 21:31:19,Одобрено
APP-203500,Отказ,2025-04-16 16:02:57,Скоринговый балл ниже порога
APP-203501,Отказ,2025-01-24 20:30:20,Высокая долговая нагрузка
APP-203502,Отказ,2025-04-03 03:42:09,Клиент отозвал заявку
APP-203503,Отказ,2025-07-30 01:48:34,Клиент не явился за средствами
APP-203504,Одобрено,2025-03-05 06:07:41,Одобрено
APP-203505,Отказ,2025-02-09 06:23:48,Высокая долговая нагрузка
APP-203506,Одобрено,2025-03-07 01:47:11,Одобрено
APP-203507,Одобрено,2025-05-03 08:55:46,Одобрено
APP-203508,Отказ,2025-07-26 22:25:40,Скоринговый балл ниже порога
APP-203509,Одобрено,2025-03-02 11:23:59,Одобрено
APP-203510,Отказ,2025-03-01 05:34:46,Клиент отозвал заявку
APP-203511,Одобрено,2025-06-08 19:39:55,Одобрено
APP-203512,Отказ,2025-07-12 19:27:14,Клиент не явился за средствами
APP-203513,Одобрено,2025-06-28 08:25:12,Одобрено
APP-203514,Одобрено,2025-01-12 21:43:58,Одобрено
APP-203515,Одобрено,2025-08-03 04:35:41,Одобрено
APP-203516,Отказ,2025-07-18 02:49:00,Высокая долговая нагрузка
APP-203517,Одобрено,2025-03-25 08:54:14,Одобрено
APP-203518,Одобрено,2025-07-02 10:33:57,Одобрено
APP-203519,Одобрено,2025-02-27 00:46:03,Одобрено
APP-203520,Одобрено,2025-03-27 15:46:38,Одобрено
APP-203521,Отказ,2025-02-18 20:29:59,Скоринговый балл ниже порога
APP-203522,Одобрено,2025-07-21 10:36:40,Одобрено
APP-203523,Одобрено,2025-03-27 09:55:32,Одобрено
APP-203524,Одобрено,2025-03-06 01:25:38,Одобрено
APP-203525,Одобрено,2025-05-11 21:00:29,Одобрено
APP-203526,Отказ,2025-01-13 13:58:29,Скоринговый балл ниже порога
APP-203527,Одобрено,2025-05-20 08:08:50,Одобрено
APP-203528,Одобрено,2025-05-26 09:25:18,Одобрено
APP-203529,Отказ,2025-01-21 01:02:02,Скоринговый балл ниже порога
APP-203530,Одобрено,2025-04-24 00:46:34,Одобрено
APP-203531,Одобрено,2025-01-30 06:07:59,Одобрено
APP-203532,Отказ,2025-02-06 19:07:33,Клиент отозвал заявку
APP-203533,Отказ,2025-06-06 21:12:16,Высокая долговая нагрузка
APP-203534,Отказ,2025-04-03 22:30:48,Скоринговый балл ниже порога
APP-203535,Одобрено,2025-07-28 09:33:53,Одобрено
APP-203536,Одобрено,2025-06-09 21:52:37,Одобрено
APP-203537,Отказ,2025-01-17 09:57:25,Клиент не явился за средствами
APP-203538,Отказ,2025-04-10 16:34:17,Скоринговый балл ниже порога
APP-203539,Отказ,2025-02-27 22:37:54,Скоринговый балл ниже порога
APP-203540,Отказ,2025-07-11 04:06:22,Высокая долговая нагрузка
APP-203541,Одобрено,2025-06-13 13:38:57,Одобрено
APP-203542,Отказ,2025-06-08 11:33:07,Высокая долговая нагрузка
APP-203543,Отказ,2025-04-29 14:27:23,Скоринговый балл ниже порога
APP-203544,Отказ,2025-03-19 17:27:46,Скоринговый балл ниже порога
APP-203545,Отказ,2025-05-13 22:32:33,Неполный пакет документов
APP-203546,Отказ,2025-07-01 16:27:27,Неполный пакет документов
APP-203547,Одобрено,2025-02-27 10:40:39,Одобрено
APP-203548,Отказ,2025-02-11 05:33:41,Клиент не явился за средствами
APP-203549,Одобрено,2025-06-27 08:44:17,Одобрено
APP-203550,Отказ,2025-02-06 16:31:24,Высокая долговая нагрузка
APP-203551,Отказ,2025-02-13 00:16:09,Высокая долговая нагрузка
APP-203552,Одобрено,2025-06-19 19:09:02,Одобрено
APP-203553,Отказ,2025-04-09 22:09:18,Скоринговый балл ниже порога
APP-203554,Одобрено,2025-06-23 18:06:32,Одобрено
APP-203555,Одобрено,2025-02-11 05:45:18,Одобрено
APP-203556,Одобрено,2025-07-19 01:37:48,Одобрено
APP-203557,Отказ,2025-03-28 19:06:34,Скоринговый балл ниже порога
APP-203558,Одобрено,2025-07-27 14:26:13,Одобрено
APP-203559,Отказ,2025-07-30 23:22:10,Скоринговый балл ниже порога
APP-203560,Отказ,2025-05-28 19:15:22,Скоринговый балл ниже порога
APP-203561,Одобрено,2025-06-04 11:02:17,Одобрено
APP-203562,Одобрено,2025-02-23 15:47:48,Одобрено
APP-203563,Одобрено,2025-01-14 19:00:15,Одобрено
APP-203564,Одобрено,2025-07-20 00:29:26,Одобрено
APP-203565,Одобрено,2025-08-05 18:13:58,Одобрено
APP-203566,Одобрено,2025-02-01 23:56:48,Одобрено
APP-203567,Одобрено,2025-05-19 11:04:50,Одобрено
APP-203568,Одобрено,2025-03-09 02:20:24,Одобрено
APP-203569,Одобрено,2025-02-18 06:46:17,Одобрено
APP-203570,Одобрено,2025-02-14 01:46:56,Одобрено
APP-203571,Отказ,2025-07-28 07:13:09,Клиент не явился за средствами
APP-203572,Одобрено,2025-07-20 19:51:33,Одобрено
APP-203573,Отказ,2025-07-03 21:57:14,Скоринговый балл ниже порога
APP-203574,Отказ,2025-01-16 18:40:58,Высокая долговая нагрузка
APP-203575,Отказ,2025-04-07 10:37:19,Высокая долговая нагрузка
APP-203576,Одобрено,2025-06-26 02:49:34,Одобрено
APP-203577,Одобрено,2025-04-26 23:13:37,Одобрено
APP-203578,Одобрено,2025-04-17 16:30:05,Одобрено
APP-203579,Отказ,2025-01-17 02:06:13,Клиент отозвал заявку
APP-203580,Отказ,2025-07-02 09:16:37,Высокая долговая нагрузка
APP-203581,Одобрено,2025-03-11 14:45:48,Одобрено
APP-203582,Отказ,2025-05-19 11:52:14,Клиент отозвал заявку
APP-203583,Одобрено,2025-03-27 04:28:20,Одобрено
APP-203584,Одобрено,2025-05-24 03:52:08,Одобрено
APP-203585,Отказ,2025-06-09 20:16:54,Высокая долговая нагрузка
APP-203586,Одобрено,2025-05-22 01:08:28,Одобрено
APP-203587,Отказ,2025-01-29 19:09:30,Скоринговый балл ниже порога
APP-203588,Отказ,2025-02-17 00:16:14,Скоринговый балл ниже порога
APP-203589,Одобрено,2025-07-20 20:19:26,Одобрено
APP-203590,Отказ,2025-05-25 22:42:16,Скоринговый балл ниже порога
APP-203591,Отказ,2025-06-11 16:23:04,Скоринговый балл ниже порога
APP-203592,Одобрено,2025-07-29 04:47:57,Одобрено
APP-203593,Отказ,2025-01-10 22:33:55,Высокая долговая нагрузка
APP-203595,Отказ,2025-07-19 17:51:59,Скоринговый балл ниже порога
APP-203596,Отказ,2025-01-09 21:22:48,Неполный пакет документов
APP-203597,Отказ,2025-02-17 09:55:35,Высокая долговая нагрузка
APP-203598,Одобрено,2025-06-12 08:16:16,Одобрено
APP-203599,Одобрено,2025-07-08 09:10:27,Одобрено
