ID карты;Дата выдачи;Канал оформления;Тарифный план;Регион;Кредитный лимит;Дата первой покупки;Оборот за 30 дней;Оборот за 90 дней;Статус
CARD-101907;16.06.2025;МП;Зарплатный;Приволжский;150 000;12.07.2025;49664.88;168 165;Активна
CARD-100465;27.04.2025;Сайт банка;Классический;Южный;150 000;13.05.2025;51065.29;126178.16;Активна
CARD-101943;15.04.2025;Веб-сайт;Кэшбэк-максимум;Приволжский;200 000;2025-04-23;99979,39;228328.07;Активна
CARD-101836;04.06.2025;Мобильное приложение;Классический;Сибирский;500000.00;07.06.2025;128852,65;341 190;Активна
CARD-101376;18.04.2025;Сайт банка;Премиальный;Южный;50000.00;29.04.2025;25808,29;51541,46;Активна
CARD-100107;07.03.2025;сайт банка;Кэшбэк-максимум;Северо-Западный;75 000;19.06.2025;0,00;11 822;Активна
CARD-101421;19.06.2025;Отделение ;Зарплатный;Южный;50000,00;н/д;0;;Активна
CARD-100607;30.04.2025;Отделение ;Зарплатный;Приволжский;300000,00;30.04.2025;61193.00;141081,67;Активна
CARD-102365;2025-05-10;ОТДЕЛЕНИЕ;Зарплатный;Центральный;150 000;;0,00;0;Активна
CARD-101976;08.07.2025;мобильное приложение;Классический;Приволжский;150000,00;13.07.2025;20 083;53102.79;Активна
CARD-101699;30.03.2025;Мобильное приложение;Классический;Южный;100 000;;;0,00;Активна
CARD-100980;15.03.2025;Партнёрская сеть;Зарплатный;Центральный;75000.00;2025-03-20;28 712;53 236;Активна
CARD-102151;09.05.2025;Отделение ;Классический;Северо-Западный;100000,00;;;0,00;Активна
CARD-101460;06.04.2025;Партнерская сеть;Зарплатный;Центральный;200 000;2025-04-25;94 208;212 151;Активна
CARD-101775;02.06.2025;Отделение;Премиальный;Южный;500 000;2025-06-15;240 627;497 031;Закрыта
CARD-102378;2025-01-23;Партнерская сеть;Зарплатный;Северо-Западный;150 000;24.01.2025;32 336;83601,09;Активна
CARD-101986;2025-05-21;Партнерская сеть;Премиальный;Сибирский;300000,00;29.05.2025;34251.37;107378,75;Активна
CARD-101301;2025-07-19;Офис банка;Зарплатный;Сибирский;50000,00;;0;0;Активна
CARD-101240;23.05.2025;мобильное приложение;Зарплатный;Центральный;100 000;01.06.2025;18408,73;48 395;Активна
CARD-101258;12.07.2025;Мобильный банк;Премиальный;Приволжский;100 000;03.08.2025;26039,37;64 568;Активна
CARD-101499;20.07.2025;Офис банка;Премиальный;Приволжский;100000.00;02.08.2025;45 384;128200.44;Активна
CARD-100454;2025-02-04;отделение;Зарплатный;Приволжский;150000.00;28.02.2025;73236,08;150 254;Активна
CARD-101727;26.03.2025;МП;Зарплатный;Сибирский;500000.00;19.04.2025;147 435;396 028;Активна
CARD-100480;2025-03-17;сайт банка;Классический;Центральный;50 000;13.04.2025;21 773;49501.17;Активна
CARD-100197;17.05.2025;МП;Классический;Центральный;50000.00;2025-06-10;26862,49;63834,67;Активна
CARD-100187;19.03.2025;Отделение ;Классический;Северо-Западный;100 000;17.04.2025;27 642;93000.06;Активна
CARD-101793;20.05.2025;ОТДЕЛЕНИЕ;Классический;Центральный;100000,00;н/д;0,00;0;Активна
CARD-101467;13.05.2025;МП;Кэшбэк-максимум;Сибирский;75000,00;04.06.2025;6 782;11 847;Активна
CARD-100353;22.06.2025;Офис банка;Классический;Южный;200000,00;23.06.2025;24 318;53558,67;Активна
CARD-100897;03.06.2025;Отделение ;Зарплатный;Северо-Западный;500000,00;2025-06-07;104 449;247 692;Активна
CARD-101469;08.07.2025;ОТДЕЛЕНИЕ;Зарплатный;Приволжский;100 000;;0,00;0,00;Активна
CARD-101746;14.02.2025;Офис банка;Зарплатный;Центральный;100000.00;2025-03-08;36 322;95 383;активна
CARD-102206;27.04.2025;мобильное приложение;Премиальный;Приволжский;300000.00;27.04.2025;160002.65;538308,84;Закрыта
CARD-101472;29.05.2025;Офис банка;Классический;Центральный;100000,00;;;;Активна
CARD-100675;11.06.2025;Мобильный банк;Премиальный;Северо-Западный;200000.00;2025-06-23;84369.70;236 911;Активна
CARD-101799;11.04.2025;Партнёр;Классический;Южный;75000,00;;0;0,00;Закрыта
CARD-102106;19.02.2025;Веб-сайт;Классический;Сибирский;50000,00;24.02.2025;13 922;37 429;активна
CARD-100589;26.02.2025;Мобильный банк;Классический;Центральный;200000,00;09.03.2025;47904,28;96903,29;Активна
CARD-100255;23.06.2025;Отделение ;Классический;Южный;300 000;27.06.2025;99 481;256 072;Заблокирована
CARD-101363;06.04.2025;Отделение;Классический;Северо-Западный;200000,00;;;0,00;Активна
CARD-100603;25.05.2025;отделение;Зарплатный;Центральный;100000,00;;0;0;Активна
CARD-100978;18.01.2025;мобильное приложение;Зарплатный;Северо-Западный;50000,00;н/д;0;0,00;активна
CARD-101510;19.03.2025;Мобильное приложение;Классический;Центральный;100000.00;;0;0;Активна
CARD-101868;23.03.2025;сайт банка;Премиальный;Сибирский;200000,00;н/д;0;0,00;Активна
CARD-101061;11.06.2025;Партнерская сеть;Классический;Южный;75 000;н/д;0;0;Активна
CARD-100554;07.07.2025;МП;Классический;Центральный;50000.00;2025-07-20;14863,39;29637.75;Активна
CARD-102302;07.02.2025;Веб-сайт;Кэшбэк-максимум;Южный;75000,00;2025-02-11;26149,06;62 785;Активна
CARD-101576;2025-04-21;Мобильное приложение;Кэшбэк-максимум;Северо-Западный;200 000;н/д;0,00;0,00;Заблокирована
CARD-100127;25.07.2025;ОТДЕЛЕНИЕ;Зарплатный;Приволжский;500000,00;2025-08-01;216953.87;388 383;Активна
CARD-100246;2025-04-20;партнёрская сеть;Классический;Сибирский;500 000;н/д;0;;Активна
CARD-100161;2025-03-23;Партнёр;Классический;Приволжский;500 000;2025-04-12;154 591;374252,64;Активна
CARD-101766;28.03.2025;Мобильное приложение;Классический;Сибирский;100000.00;23.07.2025;0;3 489;активна
CARD-100774;22.07.2025;Мобильное приложение;Премиальный;Южный;75000.00;2025-08-13;35855,58;65035.46;Активна
CARD-102305;20.02.2025;отделение;Классический;Приволжский;300 000;н/д;;;Активна
CARD-100293;16.02.2025;Мобильное приложение;Классический;Центральный;500 000;21.02.2025;154677,62;495882,21;Активна
CARD-100800;06.03.2025;Мобильное приложение;Классический;Приволжский;200 000;18.03.2025;103262.12;304078.42;активна
CARD-101549;27.06.2025;Партнёр;Классический;Северо-Западный;150000.00;2025-09-29;0,00;16 846;Заблокирована
CARD-102310;04.06.2025;Офис банка;Классический;Южный;50000,00;11.06.2025;18180,39;30448,87;Активна
CARD-100224;19.05.2025;ОТДЕЛЕНИЕ;Премиальный;Сибирский;150000,00;2025-07-03;0,00;20807,74;активна
CARD-100348;23.06.2025;Мобильное приложение;Зарплатный;Южный;300 000;03.07.2025;143 941;306 584;Активна
CARD-100247;19.06.2025;Партнёр;Зарплатный;Южный;200000,00;14.07.2025;79 522;250341,66;Активна
CARD-101820;22.06.2025;Отделение ;Классический;Южный;100 000;30.06.2025;51 044;156 946;Активна
CARD-102271;15.04.2025;Отделение ;Зарплатный;Центральный;300000,00;18.04.2025;104963,80;323 208;Активна
CARD-100153;08.05.2025;Партнерская сеть;Зарплатный;Приволжский;150 000;24.08.2025;0,00;29 850;Активна
CARD-100230;2025-03-09;партнёрская сеть;Премиальный;Северо-Западный;200000.00;;0;0;Активна
CARD-100612;2025-05-17;Партнёр;Зарплатный;Приволжский;75 000;н/д;0;;Заблокирована
CARD-101010;12.07.2025;Сайт банка;Кэшбэк-максимум;Южный;300000.00;;0;;Активна
CARD-100039;2025-05-20;Мобильный банк;Премиальный;Северо-Западный;50000,00;н/д;;0;Активна
CARD-100547;12.03.2025;Отделение;Зарплатный;Северо-Западный;500 000;;0,00;0,00;Активна
CARD-102152;30.04.2025;сайт банка;Классический;Южный;200000.00;2025-05-14;65666,17;187 477;Активна
CARD-100709;19.06.2025;МП;Классический;Центральный;75 000;07.07.2025;18 233;49523.01;Активна
CARD-101213;19.04.2025;МП;Кэшбэк-максимум;Центральный;500000,00;08.05.2025;220102,49;488 956;Активна
CARD-100701;11.07.2025;Мобильное приложение;Зарплатный;Приволжский;300000.00;;0;0;активна
CARD-102389;07.05.2025;ОТДЕЛЕНИЕ;Кэшбэк-максимум;Сибирский;100000.00;;0;0;Закрыта
CARD-101790;12.04.2025;Партнерская сеть;Премиальный;Сибирский;50 000;03.05.2025;24 658;78511,28;Активна
CARD-101385;2025-03-24;Мобильное приложение;Зарплатный;Южный;200000,00;09.04.2025;68 741;113306.19;Активна
CARD-101752;2025-06-04;Мобильное приложение;Зарплатный;Сибирский;50 000;02.07.2025;4 101;7 166;Заблокирована
CARD-100695;14.05.2025;Отделение ;Классический;Сибирский;500000,00;н/д;;;Активна
CARD-100483;2025-06-17;Мобильный банк;Классический;Центральный;50 000;15.07.2025;14 945;32434.34;Активна
CARD-100754;10.03.2025;партнёрская сеть;Кэшбэк-максимум;Южный;50 000;07.07.2025;0;4 595;Активна
CARD-101891;04.06.2025;мобильное приложение;Кэшбэк-максимум;Сибирский;150 000;;;0;Активна
CARD-100706;29.05.2025;отделение;Кэшбэк-максимум;Центральный;75000,00;;;;Активна
CARD-101623;18.06.2025;Мобильное приложение;Зарплатный;Южный;300000.00;15.07.2025;27797,33;53331.90;Активна
CARD-101087;24.05.2025;партнёрская сеть;Зарплатный;Северо-Западный;500000,00;2025-05-30;236 311;515 586;Активна
CARD-101016;18.02.2025;мобильное приложение;Классический;Северо-Западный;200 000;;0;0,00;Активна
CARD-100169;2025-05-19;сайт банка;Зарплатный;Сибирский;50 000;;0;0,00;Активна
CARD-101614;2025-07-26;сайт банка;Зарплатный;Приволжский;100 000;02.08.2025;48607,16;150048,75;Закрыта
CARD-101800;18.03.2025;Сайт банка;Классический;Центральный;150000,00;20.03.2025;24053.03;42 237;Активна
CARD-100096;22.04.2025;Мобильное приложение;Классический;Приволжский;100000,00;27.04.2025;31331.64;103 305;Активна
CARD-100363;30.07.2025;Мобильное приложение;Зарплатный;Сибирский;500000,00;31.07.2025;209 111;411173.66;Активна
CARD-100325;03.04.2025;Отделение ;Классический;Сибирский;150 000;05.07.2025;0,00;9 071;Активна
CARD-102382;15.04.2025;мобильное приложение;Классический;Центральный;150 000;04.05.2025;38778.73;96 427;Активна
CARD-102160;2025-07-11;сайт банка;Классический;Приволжский;75000.00;01.08.2025;32 443;82273.03;Активна
CARD-100130;11.03.2025;мобильное приложение;Зарплатный;Приволжский;500 000;15.03.2025;226109.88;489 492;Активна
CARD-101574;15.03.2025;Сайт банка;Кэшбэк-максимум;Приволжский;200 000;11.04.2025;80 376;180 983;Активна
CARD-102111;29.04.2025;Отделение;Классический;Приволжский;50 000;2025-05-13;8083,14;26013.20;Активна
CARD-101918;22.05.2025;Отделение ;Классический;Приволжский;150 000;;;0,00;Закрыта
CARD-101126;29.01.2025;мобильное приложение;Классический;Сибирский;300000,00;2025-05-03;;30 528;активна
CARD-100764;16.07.2025;Партнёрская сеть;Премиальный;Северо-Западный;100000,00;н/д;;0,00;Активна
CARD-100677;13.03.2025;МП;Премиальный;Северо-Западный;150000.00;01.04.2025;59246,22;163718,04;Активна
CARD-101745;28.02.2025;Мобильное приложение;Зарплатный;Сибирский;300000.00;;0;0;Активна
CARD-100055;2025-07-22;сайт банка;Классический;Центральный;75 000;08.08.2025;13016,93;32741.38;Активна
CARD-100622;07.06.2025;мобильное приложение;Классический;Центральный;300 000;21.06.2025;65 671;166 878;Активна
CARD-100214;16.07.2025;Отделение;Зарплатный;Северо-Западный;150 000;;;;Активна
CARD-100676;2025-06-13;Мобильный банк;Зарплатный;Приволжский;50000,00;2025-06-14;24515.61;58157.33;Активна
CARD-100232;13.02.2025;Офис банка;Классический;Южный;150 000;09.03.2025;49 936;133416.87;активна
CARD-100654;20.07.2025;Партнерская сеть;Премиальный;Южный;75000.00;04.08.2025;21088,99;44 613;Активна
CARD-101678;09.02.2025;отделение;Кэшбэк-максимум;Центральный;300000,00;;;;Активна
CARD-100550;23.03.2025;Офис банка;Зарплатный;Южный;100000.00;2025-04-04;19 474;61 636;Активна
CARD-100847;17.04.2025;МП;Классический;Центральный;50000,00;н/д;0,00;0;Активна
CARD-101548;2025-07-03;Сайт банка;Премиальный;Приволжский;500 000;;0;0,00;Активна
CARD-102220;2025-04-19;отделение;Зарплатный;Южный;75000,00;2025-04-21;16028,00;28082.96;Активна
CARD-100277;23.03.2025;мобильное приложение;Зарплатный;Сибирский;75 000;14.04.2025;22313,07;55 241;Активна
CARD-101023;2025-04-30;отделение;Классический;Центральный;200000,00;;;0;Активна
CARD-101784;14.04.2025;Офис банка;Зарплатный;Южный;50 000;05.05.2025;9526,65;16 680;Активна
CARD-101257;2025-02-25;Мобильное приложение;Классический;Северо-Западный;100000,00;11.03.2025;35 458;115202.96;Активна
CARD-100218;06.06.2025;Отделение ;Классический;Центральный;150000,00;;0,00;0,00;Активна
CARD-100461;13.04.2025;партнёрская сеть;Зарплатный;Центральный;200 000;04.05.2025;73362,51;127613,49;Активна
CARD-100749;26.01.2025;Мобильный банк;Классический;Северо-Западный;75000,00;2025-02-19;32790.32;74727,62;Активна
CARD-101687;11.04.2025;МП;Классический;Приволжский;50000,00;н/д;0;0,00;Активна
CARD-101426;22.04.2025;МП;Премиальный;Сибирский;200000.00;27.04.2025;66 400;214519.95;Активна
CARD-101702;17.02.2025;Офис банка;Классический;Центральный;300 000;н/д;0;;Заблокирована
CARD-101230;15.04.2025;отделение;Кэшбэк-максимум;Приволжский;75000.00;;0;0;активна
CARD-100181;16.04.2025;мобильное приложение;Зарплатный;Сибирский;300 000;2025-05-10;40 805;71 182;Активна
CARD-101528;24.06.2025;Отделение;Зарплатный;Сибирский;150 000;н/д;;;Активна
CARD-101994;2025-05-16;Мобильное приложение;Премиальный;Северо-Западный;75000,00;18.05.2025;20180,25;39 593;Активна
CARD-102052;17.06.2025;партнёрская сеть;Классический;Центральный;100000,00;11.07.2025;13886,03;30807,50;Активна
CARD-100993;13.06.2025;МП;Кэшбэк-максимум;Южный;200 000;н/д;0;;активна
CARD-101874;24.01.2025;мобильное приложение;Премиальный;Приволжский;150000,00;18.02.2025;43781.12;97351,38;Активна
CARD-100899;2025-01-22;Офис банка;Кэшбэк-максимум;Приволжский;50000,00;2025-02-15;13608.57;42132.29;Активна
CARD-101625;18.03.2025;мобильное приложение;Зарплатный;Центральный;75000,00;;0;0,00;Активна
CARD-101768;07.03.2025;Отделение ;Кэшбэк-максимум;Центральный;500000.00;;0,00;0;Заблокирована
CARD-100839;05.06.2025;Отделение;Классический;Центральный;200 000;07.06.2025;23509.28;39 055;Активна
CARD-100064;28.07.2025;партнёрская сеть;Классический;Северо-Западный;50 000;н/д;0;0,00;активна
CARD-100449;06.03.2025;сайт банка;Классический;Сибирский;150 000;;0;0;Закрыта
CARD-100876;28.02.2025;мобильное приложение;Зарплатный;Северо-Западный;150 000;2025-03-08;28034,15;57 729;Активна
CARD-101192;2025-05-07;Офис банка;Зарплатный;Сибирский;50000.00;02.06.2025;8 279;19200.53;Заблокирована
CARD-100904;29.07.2025;сайт банка;Кэшбэк-максимум;Южный;500 000;2025-08-12;186 693;308 459;Активна
CARD-101200;05.02.2025;Отделение;Премиальный;Северо-Западный;75000.00;26.02.2025;15 435;39 524;Активна
CARD-100938;24.07.2025;Отделение ;Премиальный;Приволжский;150000.00;2025-07-29;39 377;81882.88;Активна
CARD-101120;15.03.2025;Мобильный банк;Классический;Центральный;75000,00;2025-04-02;17 118;42469,96;Активна
CARD-101946;08.07.2025;Отделение;Кэшбэк-максимум;Центральный;500000.00;н/д;0;0;Активна
CARD-100579;28.03.2025;Партнерская сеть;Премиальный;Приволжский;50000.00;;0,00;0,00;Активна
CARD-100234;2025-01-27;МП;Премиальный;Северо-Западный;200000,00;08.02.2025;77 998;211 461;активна
CARD-101638;2025-06-16;мобильное приложение;Кэшбэк-максимум;Северо-Западный;50000,00;17.06.2025;18516,55;38105.81;Активна
CARD-100020;21.06.2025;Партнерская сеть;Кэшбэк-максимум;Сибирский;300000,00;22.06.2025;49 196;114 603;Активна
CARD-102120;07.06.2025;Отделение ;Классический;Южный;150 000;;0,00;0;Активна
CARD-101732;2025-07-15;Отделение;Зарплатный;Центральный;300 000;2025-08-01;151722.28;350204,85;Активна
CARD-101465;2025-05-29;Офис банка;Классический;Южный;150 000;31.05.2025;40 170;125417,70;активна
CARD-101431;09.07.2025;Партнёрская сеть;Классический;Северо-Западный;200 000;;0,00;;Активна
CARD-102103;26.07.2025;Партнерская сеть;Премиальный;Приволжский;200000,00;;0;0,00;Активна
CARD-101741;14.03.2025;МП;Кэшбэк-максимум;Центральный;200 000;13.06.2025;0,00;12 416;Активна
CARD-101527;29.06.2025;Партнёр;Зарплатный;Центральный;50 000;;0;;Активна
CARD-100962;27.05.2025;ОТДЕЛЕНИЕ;Премиальный;Сибирский;200000,00;н/д;0,00;0,00;Активна
CARD-101224;2025-06-30;Отделение;Зарплатный;Центральный;75000,00;07.07.2025;30083,39;57462,74;Активна
CARD-101583;04.06.2025;Веб-сайт;Кэшбэк-максимум;Приволжский;100000,00;;;;Активна
CARD-101393;04.02.2025;партнёрская сеть;Кэшбэк-максимум;Приволжский;150 000;;0,00;0;Активна
CARD-100390;28.02.2025;Сайт банка;Зарплатный;Приволжский;300000.00;07.03.2025;30 020;62 688;Активна
CARD-101541;2025-04-04;МП;Зарплатный;Центральный;50000.00;;0,00;0,00;Активна
CARD-100446;14.01.2025;ОТДЕЛЕНИЕ;Зарплатный;Сибирский;200 000;21.01.2025;109 482;231 676;Активна
CARD-101123;14.01.2025;МП;Зарплатный;Северо-Западный;50 000;12.02.2025;26480.50;48 751;Активна
CARD-100671;04.04.2025;Мобильный банк;Зарплатный;Центральный;150 000;13.04.2025;22657,74;57375.44;Активна
CARD-102058;11.05.2025;ОТДЕЛЕНИЕ;Кэшбэк-максимум;Приволжский;50 000;;;0;Активна
CARD-102038;01.07.2025;Партнёр;Зарплатный;Северо-Западный;100 000;07.07.2025;40745,59;70212.45;Активна
CARD-100928;14.06.2025;Мобильный банк;Классический;Центральный;75000,00;;0,00;;Активна
CARD-100501;2025-04-04;мобильное приложение;Зарплатный;Приволжский;50 000;17.04.2025;12400.32;39191.69;Активна
CARD-102016;04.04.2025;Сайт банка;Кэшбэк-максимум;Северо-Западный;150000.00;11.04.2025;68826,81;151 737;активна
CARD-100500;2025-06-11;Отделение;Классический;Северо-Западный;500 000;;0;;Заблокирована
CARD-101939;07.03.2025;Отделение;Классический;Южный;150000.00;;0;;Заблокирована
CARD-100482;2025-01-24;Веб-сайт;Классический;Северо-Западный;75000.00;26.01.2025;8 225;24314.78;активна
CARD-102148;08.03.2025;МП;Кэшбэк-максимум;Сибирский;150000,00;2025-03-24;30796.66;84 372;активна
CARD-101999;07.07.2025;МП;Классический;Центральный;100 000;08.07.2025;9 468;28839.16;Активна
CARD-100321;13.02.2025;мобильное приложение;Классический;Северо-Западный;100000,00;2025-04-17;0,00;6939,99;Активна
CARD-101635;12.03.2025;МП;Кэшбэк-максимум;Приволжский;150000.00;;0;0;Активна
CARD-100030;14.03.2025;МП;Премиальный;Центральный;150 000;2025-04-05;49 626;146 316;Активна
CARD-101165;2025-04-27;мобильное приложение;Классический;Центральный;300000.00;13.05.2025;150500,25;387659,37;Активна
CARD-100920;15.01.2025;Партнёрская сеть;Классический;Приволжский;300000,00;02.02.2025;62292,98;176512.88;Активна
CARD-101113;12.07.2025;Партнёрская сеть;Кэшбэк-максимум;Сибирский;100 000;;0;0,00;Активна
CARD-101047;2025-04-14;отделение;Кэшбэк-максимум;Приволжский;300 000;;0,00;0;Заблокирована
CARD-101056;17.04.2025;мобильное приложение;Кэшбэк-максимум;Южный;200000,00;06.05.2025;88539.03;214411.40;Закрыта
CARD-101156;12.04.2025;Мобильное приложение;Классический;Сибирский;50 000;2025-04-20;6 223;13863,85;Закрыта
CARD-102341;21.04.2025;МП;Зарплатный;Южный;150000,00;24.04.2025;16 709;43 781;Активна
CARD-101511;10.04.2025;ОТДЕЛЕНИЕ;Зарплатный;Сибирский;300000,00;12.04.2025;115 415;210212,59;Активна
CARD-100373;23.04.2025;партнёрская сеть;Классический;Приволжский;500000,00;;;0;Активна
CARD-101254;15.04.2025;сайт банка;Зарплатный;Южный;300000.00;;0,00;0;Заблокирована
CARD-102026;14.02.2025;Офис банка;Зарплатный;Приволжский;300000.00;;0,00;;Активна
CARD-100885;25.01.2025;МП;Классический;Приволжский;150 000;н/д;0,00;0,00;Активна
CARD-100836;2025-03-28;Веб-сайт;Классический;Центральный;200 000;07.06.2025;0;23 905;Активна
CARD-100302;10.03.2025;Мобильное приложение;Классический;Приволжский;300000.00;н/д;;0;Активна
CARD-101308;2025-06-03;партнёрская сеть;Классический;Северо-Западный;50000.00;;0,00;0,00;Активна
CARD-100134;2025-02-25;сайт банка;Классический;Северо-Западный;300 000;15.06.2025;0;33107,88;Активна
CARD-102229;02.05.2025;Мобильный банк;Зарплатный;Центральный;150 000;2025-05-09;13 724;31 918;Активна
CARD-100017;2025-01-30;мобильное приложение;Классический;Приволжский;100 000;;0,00;;активна
CARD-100252;2025-07-12;Отделение ;Классический;Приволжский;75000.00;16.07.2025;21333,95;41305,53;Активна
CARD-100121;2025-04-23;мобильное приложение;Классический;Центральный;100000.00;22.05.2025;19 482;50643,39;Заблокирована
CARD-101206;21.06.2025;Партнерская сеть;Зарплатный;Центральный;150 000;20.09.2025;;11506.95;Активна
CARD-101893;30.01.2025;Мобильное приложение;Зарплатный;Приволжский;50 000;2025-02-12;13445.27;34472.11;Активна
CARD-100165;2025-03-25;отделение;Классический;Северо-Западный;100000.00;26.04.2025;0,00;8131,62;Активна
CARD-102040;01.08.2025;МП;Премиальный;Приволжский;150000.00;н/д;;0,00;Активна
CARD-100730;16.06.2025;Мобильный банк;Зарплатный;Южный;100 000;н/д;0,00;;Активна
CARD-100253;30.01.2025;мобильное приложение;Классический;Центральный;300000,00;25.02.2025;97216.63;286780,75;Заблокирована
CARD-101603;12.05.2025;ОТДЕЛЕНИЕ;Классический;Сибирский;300000.00;01.06.2025;50 241;130 690;Активна
CARD-100474;15.02.2025;сайт банка;Премиальный;Сибирский;100000,00;н/д;0;0;Закрыта
CARD-101188;2025-06-05;Партнёр;Классический;Северо-Западный;50 000;07.06.2025;22 860;55433.40;Заблокирована
CARD-100816;2025-05-10;Мобильное приложение;Зарплатный;Центральный;200000,00;20.05.2025;59126.40;179 557;Активна
CARD-101944;2025-07-12;Партнерская сеть;Кэшбэк-максимум;Центральный;500 000;10.09.2025;0,00;99560.26;Заблокирована
CARD-100305;28.01.2025;Веб-сайт;Кэшбэк-максимум;Сибирский;200 000;;0,00;0;Активна
CARD-100260;2025-04-18;Мобильный банк;Зарплатный;Южный;200000,00;;0;;Активна
CARD-100032;2025-05-28;отделение;Премиальный;Приволжский;500000,00;26.06.2025;266145,96;792 578;Активна
CARD-102332;11.07.2025;Отделение ;Премиальный;Центральный;200 000;08.08.2025;20 724;49275.17;активна
CARD-102041;16.02.2025;Партнёр;Классический;Центральный;150000,00;12.03.2025;77850.14;197449,06;Закрыта
CARD-101317;2025-04-14;ОТДЕЛЕНИЕ;Классический;Северо-Западный;75 000;17.04.2025;26252,79;88663.88;Активна
CARD-102327;2025-02-24;партнёрская сеть;Зарплатный;Центральный;500 000;;;0;Активна
CARD-101661;18.04.2025;Веб-сайт;Премиальный;Приволжский;75 000;08.07.2025;;9200.74;Активна
CARD-101282;24.01.2025;сайт банка;Классический;Северо-Западный;500000.00;н/д;0,00;0,00;активна
CARD-101099;13.04.2025;мобильное приложение;Зарплатный;Центральный;100000,00;03.05.2025;41 759;83505,45;Заблокирована
CARD-100728;2025-06-29;Сайт банка;Премиальный;Северо-Западный;100000.00;;;0,00;Активна
CARD-100337;2025-02-19;Веб-сайт;Зарплатный;Южный;500 000;06.03.2025;208 381;367082,32;Активна
CARD-101616;06.05.2025;мобильное приложение;Классический;Центральный;500000,00;31.05.2025;90836.78;277149,52;Активна
CARD-101837;01.03.2025;Веб-сайт;Премиальный;Центральный;300000.00;2025-03-06;99075,85;171660,67;Активна
CARD-101249;03.07.2025;отделение;Зарплатный;Центральный;100 000;26.07.2025;19265,99;41734.23;Активна
CARD-101425;12.03.2025;Отделение;Классический;Северо-Западный;100 000;22.03.2025;23 549;49317,66;Заблокирована
CARD-101933;2025-05-25;Сайт банка;Классический;Центральный;150000,00;21.06.2025;50062,27;165595,18;Активна
CARD-100729;2025-02-02;МП;Классический;Северо-Западный;150 000;06.02.2025;65315.32;106775,48;Заблокирована
CARD-100693;02.07.2025;отделение;Кэшбэк-максимум;Центральный;300000.00;2025-07-22;62 181;131265.01;Активна
CARD-102201;02.06.2025;МП;Классический;Центральный;75000,00;07.06.2025;17526.58;38 421;Активна
CARD-101332;16.07.2025;Отделение;Премиальный;Сибирский;50 000;;0;0;Активна
CARD-101231;26.02.2025;Партнерская сеть;Классический;Южный;500 000;03.03.2025;143 587;465 099;Заблокирована
CARD-102133;27.07.2025;Мобильное приложение;Классический;Сибирский;100000.00;2025-08-08;10755,39;27 874;Активна
CARD-101834;30.06.2025;Партнёр;Зарплатный;Центральный;300 000;10.07.2025;95 349;265 337;Активна
CARD-102032;18.02.2025;сайт банка;Зарплатный;Сибирский;300 000;04.03.2025;136790.17;380 543;Активна
CARD-101279;23.05.2025;ОТДЕЛЕНИЕ;Классический;Центральный;150 000;н/д;;0;Активна
CARD-101545;16.07.2025;Офис банка;Классический;Сибирский;75000,00;2025-08-02;36240.27;80812.59;Активна
CARD-100472;06.04.2025;Веб-сайт;Классический;Сибирский;200000,00;24.04.2025;70745,76;219136,57;Активна
CARD-102109;2025-04-09;Мобильное приложение;Кэшбэк-максимум;Сибирский;500000,00;2025-07-23;0,00;44690,41;Заблокирована
CARD-102254;05.06.2025;ОТДЕЛЕНИЕ;Зарплатный;Приволжский;75000,00;24.06.2025;33221,19;60 446;Активна
CARD-101807;08.06.2025;ОТДЕЛЕНИЕ;Классический;Северо-Западный;150000.00;;;0,00;активна
CARD-100973;24.01.2025;Партнёр;Зарплатный;Центральный;150 000;;0;0,00;Активна
CARD-100867;18.07.2025;Мобильное приложение;Зарплатный;Южный;300 000;2025-07-23;74 823;138261,97;Активна
CARD-101162;14.05.2025;Мобильное приложение;Премиальный;Сибирский;200000,00;2025-05-17;62641.21;154241.91;активна
CARD-101978;2025-03-24;МП;Классический;Северо-Западный;50000.00;н/д;;;Активна
CARD-100963;29.06.2025;МП;Классический;Приволжский;50000,00;2025-07-22;15173,89;39 731;Активна
CARD-101350;12.07.2025;Мобильное приложение;Зарплатный;Центральный;150 000;18.07.2025;76067.93;214518,88;Активна
CARD-102199;2025-06-16;Офис банка;Зарплатный;Сибирский;500 000;22.09.2025;0,00;85039,82;Активна
CARD-101070;28.03.2025;Мобильный банк;Зарплатный;Центральный;100 000;2025-06-18;0,00;7 171;активна
CARD-100301;16.05.2025;Сайт банка;Классический;Сибирский;100 000;н/д;;;Активна
CARD-100094;23.04.2025;ОТДЕЛЕНИЕ;Кэшбэк-максимум;Центральный;100 000;2025-05-21;23 892;75 804;Активна
CARD-101211;2025-02-13;Мобильный банк;Зарплатный;Сибирский;100000,00;27.02.2025;13187,03;21 485;Активна
CARD-101781;21.06.2025;ОТДЕЛЕНИЕ;Классический;Центральный;100000,00;н/д;0;0,00;активна
CARD-101053;25.03.2025;Мобильное приложение;Премиальный;Северо-Западный;150 000;28.03.2025;69 060;207 564;активна
CARD-101865;2025-01-13;Отделение ;Зарплатный;Северо-Западный;50000,00;н/д;0;;Активна
CARD-101949;22.01.2025;Веб-сайт;Зарплатный;Центральный;100000,00;2025-01-26;32040,18;95 055;Активна
CARD-101218;02.06.2025;ОТДЕЛЕНИЕ;Классический;Северо-Западный;100 000;2025-06-22;46 648;121 111;Активна
CARD-100824;17.03.2025;Отделение ;Кэшбэк-максимум;Южный;75000.00;н/д;0;0;Активна
CARD-100266;01.07.2025;Отделение ;Кэшбэк-максимум;Центральный;100000.00;н/д;0,00;0;Активна
CARD-100776;27.03.2025;Мобильный банк;Зарплатный;Центральный;75000,00;12.04.2025;11016,58;25626,47;Активна
CARD-100842;21.07.2025;партнёрская сеть;Классический;Центральный;300 000;н/д;;;активна
CARD-100874;2025-06-23;отделение;Классический;Южный;50000,00;2025-08-28;;9596,00;Активна
CARD-101378;03.07.2025;Мобильное приложение;Классический;Центральный;200 000;26.09.2025;0;21792,20;Активна
CARD-101713;27.01.2025;мобильное приложение;Зарплатный;Сибирский;100000,00;24.02.2025;50 604;116 711;Активна
CARD-100560;03.07.2025;мобильное приложение;Зарплатный;Приволжский;200 000;2025-07-04;105723,23;249 094;Активна
CARD-101691;10.05.2025;мобильное приложение;Зарплатный;Центральный;200000,00;11.05.2025;41 554;116502.21;Активна
CARD-101826;2025-02-13;Мобильное приложение;Премиальный;Южный;300000,00;2025-02-13;48317,14;88729,63;Активна
CARD-100988;2025-05-02;мобильное приложение;Зарплатный;Центральный;100000,00;23.05.2025;35976,29;94567,73;Активна
CARD-100150;16.02.2025;отделение;Классический;Приволжский;50000,00;16.05.2025;0;7794.99;активна
CARD-100600;2025-02-21;Веб-сайт;Зарплатный;Приволжский;100 000;2025-02-25;23508.04;61938.20;Закрыта
CARD-102171;17.05.2025;мобильное приложение;Кэшбэк-максимум;Северо-Западный;50 000;2025-06-08;11039,47;26 156;Заблокирована
CARD-101698;02.05.2025;Мобильный банк;Классический;Приволжский;50000,00;22.05.2025;24260,83;58749,34;активна
CARD-100433;2025-03-10;отделение;Премиальный;Приволжский;200 000;2025-03-20;80272,19;253621,77;Активна
CARD-100195;27.06.2025;отделение;Классический;Северо-Западный;75000,00;06.07.2025;36689.51;80 091;Заблокирована
CARD-101356;2025-05-15;Партнёр;Классический;Центральный;75000,00;;0,00;0;Активна
CARD-101296;01.06.2025;Мобильное приложение;Зарплатный;Центральный;150000.00;2025-06-12;74 183;137970,95;Активна
CARD-102037;2025-03-28;Мобильное приложение;Классический;Сибирский;200 000;2025-04-08;18 218;35 854;Активна
CARD-102377;22.02.2025;МП;Классический;Центральный;100000.00;;0;0;Активна
CARD-101710;14.03.2025;Партнёр;Классический;Северо-Западный;75000.00;н/д;;;активна
CARD-100584;26.04.2025;Мобильное приложение;Зарплатный;Сибирский;500000,00;05.05.2025;117353.48;295 265;Активна
CARD-102113;29.05.2025;Мобильный банк;Зарплатный;Центральный;50000.00;;0,00;;Активна
CARD-102211;15.02.2025;Отделение ;Премиальный;Центральный;300000.00;2025-02-19;152540.81;252 655;Активна
CARD-100523;03.02.2025;Партнёрская сеть;Классический;Сибирский;100 000;05.02.2025;54833.28;115 373;активна
CARD-100492;29.04.2025;Отделение ;Классический;Северо-Западный;500 000;12.05.2025;268916,45;814680,73;Закрыта
CARD-101521;20.02.2025;Партнёр;Кэшбэк-максимум;Центральный;300 000;н/д;;0,00;Активна
CARD-100125;15.02.2025;Мобильный банк;Классический;Северо-Западный;300000,00;18.04.2025;0;15 723;активна
CARD-100005;2025-04-09;МП;Классический;Сибирский;300 000;11.04.2025;119122.16;263540,16;активна
CARD-100068;15.03.2025;ОТДЕЛЕНИЕ;Зарплатный;Приволжский;150000.00;;;;активна
CARD-101109;13.04.2025;Сайт банка;Зарплатный;Южный;150 000;;0;0;Активна
CARD-101220;14.01.2025;Отделение ;Зарплатный;Центральный;200000.00;;0,00;0;Активна
CARD-102020;27.01.2025;Мобильный банк;Зарплатный;Северо-Западный;200000,00;2025-02-10;72056,65;231550,59;Активна
CARD-101684;2025-03-15;Партнёр;Премиальный;Приволжский;150000,00;;0;;Активна
CARD-101591;29.07.2025;Партнёр;Классический;Южный;500 000;;0;0,00;Активна
CARD-101160;2025-06-05;ОТДЕЛЕНИЕ;Зарплатный;Центральный;50000.00;04.07.2025;14385.44;34705.48;Активна
CARD-101669;24.07.2025;партнёрская сеть;Премиальный;Центральный;50 000;н/д;;;Закрыта
CARD-100120;02.06.2025;Отделение ;Зарплатный;Южный;150000,00;2025-06-26;13 577;44627,75;Закрыта
CARD-101432;27.05.2025;Партнёрская сеть;Зарплатный;Сибирский;150 000;н/д;0,00;0;Активна
CARD-101888;15.06.2025;Сайт банка;Классический;Северо-Западный;150000,00;н/д;;;Заблокирована
CARD-100084;18.01.2025;Веб-сайт;Классический;Центральный;300000,00;18.01.2025;136236.50;234446,67;Закрыта
CARD-100536;26.01.2025;сайт банка;Премиальный;Приволжский;500 000;28.01.2025;145305,94;425 435;Активна
CARD-100903;05.04.2025;Отделение ;Зарплатный;Центральный;75 000;18.04.2025;30911,79;78529.81;Активна
CARD-101992;2025-06-30;мобильное приложение;Зарплатный;Центральный;300 000;2025-07-01;123 550;215 060;активна
CARD-101202;2025-03-05;Мобильный банк;Премиальный;Приволжский;300000.00;12.03.2025;90063,60;282753,13;Активна
CARD-102078;2025-01-18;отделение;Зарплатный;Сибирский;300 000;16.02.2025;131127.13;410 577;Активна
CARD-101962;24.07.2025;Офис банка;Зарплатный;Южный;200000,00;н/д;;0,00;Активна
CARD-102272;05.06.2025;отделение;Классический;Приволжский;300 000;24.06.2025;82 493;260 377;Заблокирована
CARD-101173;14.02.2025;Партнерская сеть;Классический;Центральный;75000,00;;0;0;Активна
CARD-101055;21.05.2025;Партнёр;Классический;Приволжский;200 000;н/д;0,00;0,00;Активна
CARD-100403;2025-02-15;Мобильное приложение;Классический;Южный;500000.00;;;;Активна
CARD-101289;09.02.2025;партнёрская сеть;Кэшбэк-максимум;Северо-Западный;200000.00;н/д;0,00;;Активна
CARD-100883;08.02.2025;сайт банка;Классический;Центральный;150000.00;;;0;Активна
CARD-100086;30.04.2025;Отделение;Кэшбэк-максимум;Приволжский;75000.00;05.05.2025;19 854;46 010;Активна
CARD-100546;27.05.2025;мобильное приложение;Классический;Сибирский;75000.00;25.06.2025;26053,35;56 072;Активна
CARD-101247;04.06.2025;МП;Классический;Приволжский;150000,00;19.06.2025;15316.11;30 530;Активна
CARD-100850;2025-01-25;МП;Премиальный;Северо-Западный;200 000;15.02.2025;52392.73;162 141;Закрыта
CARD-100964;19.05.2025;Мобильное приложение;Кэшбэк-максимум;Южный;75000.00;;0;0,00;Активна
CARD-100748;2025-01-19;ОТДЕЛЕНИЕ;Премиальный;Центральный;150000,00;19.01.2025;38 875;82116.38;активна
CARD-101980;24.02.2025;Сайт банка;Классический;Центральный;500 000;н/д;0;0,00;Активна
CARD-100989;09.06.2025;Мобильный банк;Зарплатный;Центральный;50000,00;26.06.2025;26285,56;84217,84;Активна
CARD-100575;2025-02-04;партнёрская сеть;Классический;Приволжский;150000.00;н/д;0,00;0;Заблокирована
CARD-101953;2025-04-15;Сайт банка;Классический;Южный;200000,00;26.04.2025;33 704;102 045;Заблокирована
CARD-100542;23.04.2025;Отделение;Зарплатный;Приволжский;300 000;;;0,00;активна
CARD-100678;31.07.2025;сайт банка;Зарплатный;Приволжский;50 000;06.08.2025;11683.13;31 147;Активна
CARD-101880;2025-04-24;Сайт банка;Классический;Центральный;300 000;н/д;0,00;0,00;Активна
CARD-101849;24.03.2025;Партнерская сеть;Классический;Южный;300000,00;н/д;0,00;;Активна
CARD-100298;20.02.2025;Партнерская сеть;Зарплатный;Центральный;50000,00;17.03.2025;6237,74;15246,44;Активна
CARD-101078;24.01.2025;Мобильный банк;Зарплатный;Северо-Западный;300 000;08.02.2025;133183,48;297 569;Активна
CARD-100700;03.02.2025;ОТДЕЛЕНИЕ;Премиальный;Приволжский;300000.00;;0,00;0;Закрыта
CARD-100642;2025-07-17;Мобильное приложение;Зарплатный;Центральный;100000,00;н/д;;;Активна
CARD-101786;11.03.2025;Отделение ;Премиальный;Приволжский;75 000;2025-03-24;18111,12;47 889;Активна
CARD-101461;11.05.2025;мобильное приложение;Премиальный;Приволжский;75000,00;04.06.2025;28 455;87549,98;Заблокирована
CARD-101069;2025-02-11;Сайт банка;Классический;Приволжский;300 000;н/д;;0,00;Заблокирована
CARD-100762;2025-07-14;Отделение;Зарплатный;Северо-Западный;150 000;31.07.2025;61 066;98 372;Активна
CARD-102013;2025-04-23;Мобильное приложение;Кэшбэк-максимум;Северо-Западный;300 000;01.05.2025;148881.44;417 015;Активна
CARD-100621;17.04.2025;отделение;Классический;Сибирский;100 000;;0,00;;Активна
CARD-102210;2025-03-10;ОТДЕЛЕНИЕ;Классический;Приволжский;500 000;;0,00;0,00;Активна
CARD-101607;16.05.2025;Офис банка;Классический;Сибирский;300000.00;н/д;0;0,00;активна
CARD-102079;11.03.2025;Партнёр;Классический;Северо-Западный;300000.00;26.03.2025;81064.84;250118.21;Активна
CARD-102221;2025-06-08;Офис банка;Зарплатный;Северо-Западный;100 000;02.07.2025;43 598;76477.23;активна
CARD-101968;2025-03-18;МП;Классический;Сибирский;150 000;02.04.2025;20695.72;60364,23;Активна
CARD-100196;21.01.2025;мобильное приложение;Классический;Центральный;150 000;01.02.2025;55331.55;95620,16;Закрыта
CARD-102054;23.04.2025;отделение;Классический;Сибирский;300 000;2025-05-20;143 566;485443,77;Активна
CARD-100353;22.06.2025;Офис банка;Классический;Южный;200000,00;23.06.2025;24 318;53558,67;Активна
CARD-100147;2025-07-06;отделение;Премиальный;Южный;75000,00;20.10.2025;;11788,54;активна
CARD-101794;06.02.2025;Партнёр;Зарплатный;Центральный;150000.00;2025-02-20;28361.05;95927,42;Активна
CARD-100282;30.06.2025;Мобильное приложение;Зарплатный;Центральный;75 000;25.07.2025;27 467;45858,53;Активна
CARD-100879;12.06.2025;Сайт банка;Классический;Северо-Западный;100000.00;н/д;0;0;Закрыта
CARD-100673;2025-07-18;Мобильный банк;Классический;Южный;75 000;22.07.2025;32000.94;92017.97;Активна
CARD-100169;2025-05-19;сайт банка;Зарплатный;Сибирский;50 000;;0;0,00;Активна
CARD-100085;13.01.2025;Мобильный банк;Классический;Приволжский;500 000;24.01.2025;57 612;170 438;Активна
CARD-100063;02.06.2025;Мобильный банк;Классический;Сибирский;50000.00;18.06.2025;23 274;52 728;Активна
CARD-100889;05.05.2025;Отделение;Классический;Сибирский;75 000;06.05.2025;20 927;60694,65;активна
CARD-101778;2025-02-23;сайт банка;Кэшбэк-максимум;Центральный;150 000;2025-03-03;18312.64;59 993;Закрыта
CARD-100926;25.03.2025;Отделение ;Зарплатный;Центральный;300000,00;21.04.2025;65 251;216671.67;Заблокирована
CARD-100019;22.03.2025;ОТДЕЛЕНИЕ;Зарплатный;Центральный;50 000;2025-04-10;18 387;32869.44;Активна
CARD-100249;27.03.2025;Мобильное приложение;Классический;Северо-Западный;75 000;05.04.2025;31814,73;105862,65;Активна
CARD-100976;01.08.2025;сайт банка;Зарплатный;Южный;200 000;07.08.2025;22246,07;39 097;Активна
CARD-100983;2025-07-03;Офис банка;Классический;Южный;75 000;н/д;;0,00;Заблокирована
CARD-101689;2025-02-13;партнёрская сеть;Классический;Южный;100000.00;07.03.2025;42 143;96 579;Активна
CARD-101543;28.03.2025;Мобильное приложение;Зарплатный;Северо-Западный;75000,00;н/д;;0;Активна
CARD-100069;23.02.2025;мобильное приложение;Премиальный;Центральный;200000.00;23.03.2025;48 452;85881,13;Активна
CARD-102207;23.05.2025;Мобильный банк;Классический;Приволжский;300 000;06.06.2025;68757,85;136 645;Активна
CARD-101824;2025-01-29;Партнёрская сеть;Зарплатный;Центральный;50 000;27.02.2025;22 350;59 263;Активна
CARD-101269;25.05.2025;МП;Кэшбэк-максимум;Приволжский;150000.00;13.06.2025;37693,88;107 803;Активна
CARD-100726;29.07.2025;Мобильное приложение;Классический;Приволжский;300 000;15.08.2025;162 850;520021,24;активна
CARD-100818;08.03.2025;ОТДЕЛЕНИЕ;Зарплатный;Сибирский;50000.00;2025-03-17;4675,49;7 557;Активна
CARD-102367;26.05.2025;Партнерская сеть;Премиальный;Центральный;150000,00;н/д;0,00;0;Активна
CARD-100758;11.05.2025;ОТДЕЛЕНИЕ;Классический;Центральный;150 000;2025-05-18;62757.16;105942.69;Закрыта
CARD-102262;2025-04-27;партнёрская сеть;Классический;Сибирский;200 000;н/д;;;Активна
CARD-100495;28.05.2025;мобильное приложение;Зарплатный;Центральный;75000.00;2025-05-30;6108.14;20562,23;Активна
CARD-100538;27.01.2025;Отделение;Премиальный;Северо-Западный;50 000;09.02.2025;26 688;67100,63;Активна
CARD-100608;14.02.2025;Сайт банка;Классический;Северо-Западный;150 000;14.02.2025;17052.74;32371.24;Активна
CARD-101226;2025-02-08;Офис банка;Кэшбэк-максимум;Приволжский;100000,00;17.02.2025;17444.86;31 981;Активна
CARD-101776;2025-05-24;ОТДЕЛЕНИЕ;Зарплатный;Северо-Западный;75000.00;16.06.2025;14 685;37345,77;Активна
CARD-101107;2025-04-30;Мобильное приложение;Премиальный;Центральный;100 000;2025-05-12;45 911;87617.96;Активна
CARD-101960;10.07.2025;Мобильный банк;Кэшбэк-максимум;Центральный;500000,00;23.07.2025;150558.57;466 166;Закрыта
CARD-100060;2025-07-18;Отделение;Классический;Южный;500000.00;н/д;;;Активна
CARD-100702;04.07.2025;МП;Зарплатный;Приволжский;300000,00;22.07.2025;104286.26;231888.14;Активна
CARD-100139;30.05.2025;Мобильное приложение;Кэшбэк-максимум;Южный;150000.00;06.06.2025;61 819;116 085;Активна
CARD-101740;29.01.2025;Мобильное приложение;Классический;Приволжский;300000,00;;0;0,00;Активна
CARD-101636;19.02.2025;Мобильный банк;Кэшбэк-максимум;Северо-Западный;75000.00;;0;;Активна
CARD-101628;16.07.2025;Офис банка;Классический;Северо-Западный;200000,00;2025-07-25;45523,15;123773.47;Активна
CARD-100370;27.06.2025;Партнёрская сеть;Зарплатный;Южный;200 000;11.09.2025;;24130,15;активна
CARD-100933;15.05.2025;ОТДЕЛЕНИЕ;Кэшбэк-максимум;Северо-Западный;100 000;;0;;Активна
CARD-101956;2025-05-27;Партнёрская сеть;Классический;Северо-Западный;300000.00;;0;;Активна
CARD-102345;2025-07-27;отделение;Классический;Южный;75 000;;0,00;0;активна
CARD-100475;18.04.2025;мобильное приложение;Классический;Сибирский;75 000;26.04.2025;16 282;49 190;Активна
CARD-102264;03.05.2025;сайт банка;Кэшбэк-максимум;Центральный;150000,00;29.05.2025;16112,16;30037.27;Активна
CARD-102200;24.03.2025;мобильное приложение;Классический;Центральный;200000,00;12.04.2025;75 698;167883.40;Активна
CARD-101121;17.01.2025;Веб-сайт;Премиальный;Центральный;50 000;2025-01-25;19 368;42 961;Активна
CARD-100529;22.02.2025;Мобильный банк;Премиальный;Южный;75000.00;;0;0,00;Активна
CARD-100164;17.06.2025;Партнёрская сеть;Зарплатный;Приволжский;150 000;24.06.2025;81 824;224209.10;Активна
CARD-100248;21.05.2025;Отделение ;Зарплатный;Центральный;500000.00;02.06.2025;164327.54;526 911;Активна
CARD-101201;15.03.2025;ОТДЕЛЕНИЕ;Зарплатный;Приволжский;75000.00;24.03.2025;13 339;38219,60;Закрыта
CARD-100129;2025-07-05;отделение;Премиальный;Северо-Западный;150 000;19.07.2025;34818,14;72380.92;Активна
CARD-100202;2025-02-15;мобильное приложение;Классический;Центральный;100000,00;01.03.2025;30 636;60 602;Активна
CARD-101212;09.03.2025;МП;Классический;Южный;75000,00;14.03.2025;22341,56;63 964;Активна
CARD-101774;04.06.2025;отделение;Зарплатный;Приволжский;300000.00;26.06.2025;89 446;204568.89;Заблокирована
CARD-100117;2025-06-04;сайт банка;Зарплатный;Приволжский;75000,00;04.06.2025;27 738;73 911;Активна
CARD-100771;02.05.2025;Партнёрская сеть;Классический;Приволжский;300000.00;2025-05-15;101 415;174 031;активна
CARD-102384;21.07.2025;сайт банка;Классический;Приволжский;300 000;11.08.2025;65675,47;123 137;Активна
CARD-100505;2025-02-18;Отделение;Зарплатный;Приволжский;50000,00;21.02.2025;22327,53;74 419;Активна
CARD-101555;24.04.2025;Офис банка;Классический;Сибирский;50000,00;24.04.2025;10 128;25924,62;Закрыта
CARD-102167;2025-03-27;Партнерская сеть;Премиальный;Центральный;100 000;н/д;0,00;0;Активна
CARD-101676;24.03.2025;Отделение ;Классический;Приволжский;500 000;2025-04-08;56405.20;144348,15;Активна
CARD-100443;30.05.2025;мобильное приложение;Классический;Сибирский;50000.00;25.06.2025;22993.28;50657.59;Активна
CARD-101377;14.04.2025;Отделение;Премиальный;Центральный;300 000;01.05.2025;122 076;294 927;Активна
CARD-101154;28.01.2025;партнёрская сеть;Премиальный;Центральный;50 000;н/д;0,00;;Активна
CARD-101447;09.03.2025;Партнёрская сеть;Классический;Центральный;100 000;;;0,00;Активна
CARD-102075;08.04.2025;мобильное приложение;Классический;Приволжский;200 000;2025-04-14;99696,57;174551,40;Активна
CARD-102357;18.01.2025;партнёрская сеть;Классический;Центральный;75000,00;;;;Активна
CARD-101878;26.05.2025;Мобильное приложение;Кэшбэк-максимум;Приволжский;75000.00;2025-06-18;24 813;49252,02;Активна
CARD-101957;2025-02-03;Мобильное приложение;Премиальный;Приволжский;100000.00;;;0,00;Активна
CARD-101885;2025-02-25;ОТДЕЛЕНИЕ;Классический;Центральный;75000,00;2025-03-26;27671.78;44 984;Активна
CARD-101995;10.07.2025;Отделение ;Кэшбэк-максимум;Сибирский;300 000;2025-07-14;62 728;114140,25;Активна
CARD-101261;29.03.2025;Мобильное приложение;Классический;Северо-Западный;50 000;05.04.2025;17488,43;56607,79;активна
CARD-102289;13.07.2025;Мобильное приложение;Классический;Центральный;50000,00;н/д;0,00;;Активна
CARD-100508;07.07.2025;отделение;Зарплатный;Центральный;200 000;27.07.2025;97181.62;204786,29;Активна
CARD-102061;15.05.2025;Партнерская сеть;Классический;Сибирский;50000.00;2025-06-12;5016,88;14 567;Активна
CARD-100098;10.02.2025;отделение;Зарплатный;Центральный;75000,00;03.03.2025;21 519;37136.86;Активна
CARD-101713;27.01.2025;мобильное приложение;Зарплатный;Сибирский;100000,00;24.02.2025;50 604;116 711;Активна
CARD-101924;2025-02-09;Отделение ;Кэшбэк-максимум;Южный;100 000;2025-03-03;51 684;167723.73;Активна
CARD-101606;11.05.2025;Партнёр;Зарплатный;Сибирский;100000,00;22.05.2025;25 467;44 389;Активна
CARD-100058;2025-04-29;Мобильный банк;Кэшбэк-максимум;Южный;500000.00;2025-05-10;112260,35;235 902;Закрыта
CARD-100114;02.07.2025;Партнёр;Классический;Центральный;300 000;н/д;0,00;;Активна
CARD-100949;2025-07-13;сайт банка;Зарплатный;Центральный;50 000;08.08.2025;26337,47;59698.05;Заблокирована
CARD-101057;11.05.2025;отделение;Премиальный;Северо-Западный;200 000;2025-06-05;72089,71;130356.58;активна
CARD-100270;15.04.2025;МП;Кэшбэк-максимум;Приволжский;200 000;2025-04-28;35050.19;85148,09;Активна
CARD-102144;24.06.2025;сайт банка;Классический;Сибирский;75000,00;н/д;0;0;Активна
CARD-102387;22.04.2025;Партнёр;Классический;Центральный;500000.00;06.07.2025;;30328.07;Активна
CARD-102261;2025-04-29;Мобильный банк;Классический;Северо-Западный;100 000;2025-05-13;23824,09;72 452;Активна
CARD-100391;16.06.2025;Мобильный банк;Кэшбэк-максимум;Приволжский;75 000;н/д;0,00;;Заблокирована
CARD-100925;2025-06-30;Мобильное приложение;Классический;Северо-Западный;50 000;15.10.2025;0;5316,24;Активна
CARD-100070;23.01.2025;Веб-сайт;Классический;Южный;75 000;н/д;;0;активна
CARD-100256;23.01.2025;Веб-сайт;Кэшбэк-максимум;Центральный;100 000;;;0;Активна
CARD-102376;28.07.2025;мобильное приложение;Классический;Центральный;300 000;26.08.2025;142993,76;445 211;активна
CARD-101124;09.07.2025;партнёрская сеть;Классический;Южный;500000,00;02.08.2025;146622.50;361 482;Активна
CARD-100335;19.02.2025;партнёрская сеть;Классический;Северо-Западный;100000,00;н/д;;;Закрыта
CARD-100936;14.03.2025;Мобильное приложение;Зарплатный;Центральный;150000.00;06.04.2025;78742,35;224 106;Активна
CARD-102278;04.04.2025;МП;Зарплатный;Приволжский;100000.00;09.04.2025;47 237;160 159;Активна
CARD-102300;17.05.2025;Партнёр;Зарплатный;Сибирский;300 000;2025-05-21;106 821;216 485;Активна
CARD-102120;07.06.2025;Отделение ;Классический;Южный;150 000;;0,00;0;Активна
CARD-102263;01.04.2025;сайт банка;Зарплатный;Приволжский;150000,00;н/д;;0;Закрыта
CARD-100854;2025-06-03;Партнёрская сеть;Кэшбэк-максимум;Южный;75 000;11.06.2025;7 547;24 491;Активна
CARD-101673;25.02.2025;Веб-сайт;Премиальный;Южный;500 000;08.03.2025;124 889;307 083;Активна
CARD-100389;02.06.2025;сайт банка;Классический;Приволжский;300 000;2025-06-06;29300,26;97961.33;Активна
CARD-100969;28.07.2025;Офис банка;Премиальный;Центральный;100 000;20.08.2025;53 942;132 166;Закрыта
CARD-100734;2025-04-11;мобильное приложение;Зарплатный;Северо-Западный;500 000;21.04.2025;139297,53;233268,26;Активна
CARD-100416;2025-05-04;Мобильное приложение;Кэшбэк-максимум;Приволжский;75 000;01.06.2025;39600,43;81276.02;Активна
CARD-100476;18.01.2025;мобильное приложение;Классический;Сибирский;75000.00;2025-02-02;39087,97;66937.27;Активна
CARD-101437;23.07.2025;мобильное приложение;Зарплатный;Центральный;150 000;03.08.2025;13744.45;23 740;Активна
CARD-101629;11.03.2025;МП;Премиальный;Сибирский;500 000;15.05.2025;;31228.09;Активна
CARD-101753;18.03.2025;Партнёрская сеть;Премиальный;Сибирский;300000,00;;0,00;0,00;Закрыта
CARD-101882;11.06.2025;отделение;Премиальный;Северо-Западный;100 000;;0,00;0;Заблокирована
CARD-100494;25.05.2025;Партнёрская сеть;Зарплатный;Центральный;150 000;2025-08-22;0,00;19 897;Активна
CARD-100079;08.05.2025;Веб-сайт;Зарплатный;Центральный;150 000;;0,00;;Активна
CARD-101802;2025-03-03;ОТДЕЛЕНИЕ;Премиальный;Сибирский;200 000;;0,00;;Активна
CARD-101485;04.05.2025;Отделение ;Премиальный;Центральный;200000.00;2025-05-25;107734,65;182 935;активна
CARD-101098;08.05.2025;Партнёр;Классический;Сибирский;150 000;19.05.2025;72094,33;147971,32;Активна
CARD-100213;04.03.2025;Мобильное приложение;Классический;Центральный;75 000;н/д;;;Активна
CARD-100016;03.04.2025;МП;Зарплатный;Центральный;75000.00;2025-04-18;26581,55;81 657;Активна
CARD-101022;2025-05-12;Партнерская сеть;Классический;Южный;100000.00;28.06.2025;0,00;17753.15;Закрыта
CARD-101587;2025-02-11;Партнёрская сеть;Премиальный;Центральный;100000,00;09.03.2025;46649.06;98302.21;Активна
CARD-101176;25.02.2025;Мобильное приложение;Классический;Сибирский;100000,00;10.03.2025;11 348;21 200;Активна
CARD-102002;15.06.2025;Мобильное приложение;Классический;Северо-Западный;500 000;2025-06-26;211 727;527305.23;Активна
CARD-101920;01.07.2025;Отделение;Зарплатный;Приволжский;100 000;2025-07-29;14812.79;49920.25;Активна
CARD-101407;22.04.2025;ОТДЕЛЕНИЕ;Зарплатный;Сибирский;50000,00;;;0,00;активна
CARD-100925;2025-06-30;Мобильное приложение;Классический;Северо-Западный;50 000;15.10.2025;0;5316,24;Активна
CARD-102256;19.01.2025;Отделение ;Зарплатный;Приволжский;100 000;20.01.2025;13769,09;40411.64;активна
CARD-100294;13.05.2025;Мобильный банк;Зарплатный;Сибирский;500000.00;02.06.2025;187864,77;523 313;Активна
CARD-101517;23.04.2025;отделение;Классический;Центральный;500 000;;0,00;0;Активна
CARD-101297;19.03.2025;партнёрская сеть;Классический;Южный;200000.00;н/д;0;0;Активна
CARD-100028;25.01.2025;Сайт банка;Классический;Приволжский;500000.00;08.02.2025;87831.05;198777,75;Активна
CARD-101785;24.06.2025;отделение;Зарплатный;Сибирский;75 000;17.07.2025;38 416;116233,57;Активна
CARD-100146;25.05.2025;Партнерская сеть;Премиальный;Южный;150 000;21.07.2025;0,00;27070.11;Заблокирована
CARD-102381;12.04.2025;Веб-сайт;Кэшбэк-максимум;Южный;300 000;;;0;Активна
CARD-102267;2025-02-09;Отделение ;Классический;Приволжский;150000.00;;;;Активна
CARD-102098;31.03.2025;МП;Классический;Приволжский;100000,00;н/д;0;0;Активна
CARD-100406;22.01.2025;ОТДЕЛЕНИЕ;Классический;Приволжский;100000.00;25.01.2025;8812.92;23139,18;Активна
CARD-102194;13.03.2025;отделение;Классический;Северо-Западный;100000,00;2025-04-09;37571,11;97597,20;Активна
CARD-100490;05.07.2025;Отделение;Классический;Центральный;75 000;18.07.2025;13696.55;29773.33;Активна
CARD-100175;08.04.2025;Сайт банка;Кэшбэк-максимум;Приволжский;500 000;26.04.2025;52 364;93382,94;Активна
CARD-100618;28.01.2025;сайт банка;Кэшбэк-максимум;Сибирский;300 000;;0;0;Активна
CARD-102043;12.06.2025;Офис банка;Классический;Южный;75 000;2025-06-24;31 917;58473.89;Активна
CARD-100151;14.06.2025;мобильное приложение;Зарплатный;Южный;500000,00;23.06.2025;122295,53;237 018;активна
CARD-100667;17.05.2025;Мобильный банк;Классический;Северо-Западный;50000,00;2025-05-23;22384,87;44796.19;Активна
CARD-101314;28.02.2025;мобильное приложение;Классический;Приволжский;100000.00;23.03.2025;19 790;53440.95;Активна
CARD-101264;13.06.2025;сайт банка;Классический;Южный;500 000;2025-07-04;169397,34;333687,85;Закрыта
CARD-100572;21.01.2025;ОТДЕЛЕНИЕ;Зарплатный;Северо-Западный;300000.00;03.02.2025;153560,82;314 849;Активна
CARD-100423;20.05.2025;Мобильное приложение;Зарплатный;Центральный;500 000;;0,00;0;Заблокирована
CARD-102231;2025-05-17;Отделение;Зарплатный;Северо-Западный;200000.00;08.06.2025;96 795;219 417;активна
CARD-101990;06.03.2025;сайт банка;Премиальный;Приволжский;100 000;2025-03-19;25826,04;85563,14;Активна
CARD-101241;07.07.2025;Партнерская сеть;Классический;Центральный;100 000;2025-08-01;43875.44;80425.61;Активна
CARD-102003;19.04.2025;Отделение;Зарплатный;Сибирский;500000.00;01.05.2025;248 397;837869,39;Закрыта
CARD-101686;06.04.2025;Мобильный банк;Премиальный;Центральный;50000,00;14.04.2025;22153.31;44485,27;активна
CARD-100434;13.07.2025;ОТДЕЛЕНИЕ;Классический;Центральный;100 000;;;0,00;Активна
CARD-101395;05.07.2025;мобильное приложение;Премиальный;Северо-Западный;300 000;17.07.2025;80383.40;257761,35;активна
CARD-102155;25.02.2025;Мобильное приложение;Классический;Центральный;300 000;2025-05-03;;57357.77;Активна
CARD-100965;17.03.2025;мобильное приложение;Кэшбэк-максимум;Северо-Западный;50000,00;2025-04-20;0;5009,85;Активна
CARD-100292;2025-07-15;МП;Классический;Центральный;150 000;19.07.2025;72480.66;184 528;Активна
CARD-100108;26.02.2025;Мобильный банк;Классический;Северо-Западный;200000,00;2025-03-02;87 755;293 758;Закрыта
CARD-101973;2025-07-24;Веб-сайт;Кэшбэк-максимум;Приволжский;50000,00;02.08.2025;9764.35;26 903;Активна
CARD-100694;06.04.2025;МП;Классический;Южный;500 000;13.04.2025;132 444;267 339;Активна
CARD-102096;2025-01-18;Партнёр;Зарплатный;Центральный;100 000;25.03.2025;;10876,32;Заблокирована
CARD-100579;28.03.2025;Партнерская сеть;Премиальный;Приволжский;50000.00;;0,00;0,00;Активна
CARD-100877;2025-07-14;отделение;Зарплатный;Приволжский;300000,00;19.07.2025;59924.80;202630,02;Активна
CARD-100957;25.05.2025;ОТДЕЛЕНИЕ;Классический;Приволжский;150000.00;2025-06-01;65 204;208 400;Активна
CARD-101851;2025-05-15;Отделение ;Классический;Южный;75000.00;;0,00;0;Активна
CARD-100609;12.03.2025;Отделение;Классический;Южный;75000.00;н/д;;;активна
CARD-101762;01.02.2025;Офис банка;Классический;Южный;200 000;24.02.2025;32 303;82 790;Закрыта
CARD-100013;10.06.2025;мобильное приложение;Премиальный;Приволжский;100 000;15.06.2025;16954,53;27579.65;Активна
CARD-101563;26.05.2025;Сайт банка;Зарплатный;Центральный;300000,00;н/д;0;;Закрыта
CARD-101272;28.06.2025;Партнёрская сеть;Кэшбэк-максимум;Северо-Западный;50 000;2025-06-28;9 178;17819,65;Активна
CARD-100042;19.03.2025;отделение;Премиальный;Северо-Западный;50 000;19.03.2025;6 641;11 378;Активна
CARD-100493;19.01.2025;Партнёр;Кэшбэк-максимум;Центральный;500 000;;0,00;0;Активна
CARD-101250;2025-07-24;Мобильный банк;Зарплатный;Центральный;200 000;17.08.2025;108720,25;197 582;Активна
CARD-102394;07.03.2025;Отделение ;Зарплатный;Северо-Западный;100000.00;17.03.2025;24054.67;68907,68;Заблокирована
CARD-100477;2025-07-12;ОТДЕЛЕНИЕ;Классический;Центральный;75 000;17.10.2025;0;12420.25;Активна
CARD-101380;26.05.2025;Веб-сайт;Премиальный;Центральный;500000.00;27.05.2025;49536,15;85964.70;активна
CARD-100355;04.06.2025;мобильное приложение;Классический;Центральный;200 000;03.07.2025;23830.27;63 575;Активна
CARD-100183;02.02.2025;Веб-сайт;Зарплатный;Приволжский;200000.00;2025-02-20;50289.55;147973.76;Активна
CARD-100721;05.03.2025;мобильное приложение;Кэшбэк-максимум;Северо-Западный;300000.00;2025-03-16;130169,02;360 202;Активна
CARD-101897;11.04.2025;Отделение;Классический;Приволжский;500000,00;;0;;Активна
CARD-101697;11.07.2025;Веб-сайт;Классический;Приволжский;50000.00;08.08.2025;9009.20;22273.69;Заблокирована
CARD-101348;19.05.2025;сайт банка;Кэшбэк-максимум;Южный;150000,00;;0,00;;Активна
CARD-101232;21.07.2025;Партнерская сеть;Зарплатный;Сибирский;500 000;;0;0;Активна
CARD-101850;2025-01-17;Отделение ;Зарплатный;Северо-Западный;150000,00;26.01.2025;45 709;112152.02;Активна
CARD-100715;23.01.2025;Мобильный банк;Классический;Приволжский;50000.00;25.01.2025;17433.96;36 311;Закрыта
CARD-101879;29.07.2025;Отделение ;Кэшбэк-максимум;Северо-Западный;50000.00;10.08.2025;20398.84;45899.13;Активна
CARD-101941;24.05.2025;отделение;Классический;Центральный;200000.00;2025-06-06;95 286;157746,75;Активна
CARD-101320;28.01.2025;Офис банка;Классический;Центральный;50 000;2025-02-15;27 405;52001,61;Активна
CARD-101565;2025-02-23;Отделение ;Классический;Приволжский;150 000;2025-03-19;50999.36;141136,34;Заблокирована
CARD-102011;2025-05-22;МП;Классический;Центральный;100000,00;н/д;0,00;;Активна
CARD-101630;26.04.2025;Сайт банка;Классический;Центральный;50000,00;;0;;Активна
CARD-100326;13.01.2025;Отделение ;Зарплатный;Центральный;200 000;;0;0,00;Активна
CARD-102088;18.01.2025;Офис банка;Классический;Приволжский;100000.00;26.04.2025;0,00;19 094;Активна
CARD-101952;2025-01-16;Партнёр;Классический;Сибирский;500 000;;;0;Активна
CARD-101815;2025-04-06;Мобильное приложение;Классический;Южный;100000.00;02.05.2025;49507,08;159956.19;Заблокирована
CARD-100243;24.07.2025;МП;Классический;Сибирский;200 000;31.07.2025;59712,56;182 218;Активна
CARD-101174;17.05.2025;Отделение;Премиальный;Сибирский;200 000;08.06.2025;44 276;72166.60;активна
CARD-102273;04.05.2025;Офис банка;Классический;Северо-Западный;50000.00;19.05.2025;14642,61;36899.48;Активна
CARD-101993;2025-05-29;отделение;Классический;Северо-Западный;150 000;н/д;0;0;Активна
CARD-100720;11.02.2025;ОТДЕЛЕНИЕ;Премиальный;Северо-Западный;50000,00;2025-02-28;7 013;14289.22;активна
CARD-102191;20.04.2025;Мобильное приложение;Классический;Сибирский;500000,00;2025-05-10;239470,88;530 643;Активна
CARD-101293;17.02.2025;мобильное приложение;Классический;Южный;200000.00;2025-03-02;32 869;65206,98;Активна
CARD-101400;31.05.2025;сайт банка;Кэшбэк-максимум;Центральный;150 000;2025-06-28;22689,61;56982.04;Активна
CARD-100966;24.01.2025;Мобильное приложение;Зарплатный;Северо-Западный;75 000;01.02.2025;39497,99;96 775;Заблокирована
CARD-100356;2025-07-12;Веб-сайт;Зарплатный;Сибирский;50000,00;13.07.2025;17520,27;49338.72;активна
CARD-100627;2025-01-30;мобильное приложение;Классический;Северо-Западный;500000,00;;0,00;0;Активна
CARD-101998;2025-05-31;Отделение;Классический;Сибирский;200000,00;;0,00;0;Активна
CARD-101664;31.07.2025;партнёрская сеть;Классический;Приволжский;200000,00;10.08.2025;39266.19;68 480;Заблокирована
CARD-101864;29.07.2025;Мобильное приложение;Классический;Центральный;50 000;09.08.2025;27019,65;85453,39;Активна
CARD-100052;14.01.2025;Веб-сайт;Классический;Центральный;50 000;;;0;Активна
CARD-100689;2025-07-29;Сайт банка;Зарплатный;Центральный;150000.00;18.08.2025;22 345;42581,23;Активна
CARD-100912;25.03.2025;сайт банка;Премиальный;Приволжский;300000,00;30.03.2025;51840.41;171723,72;Заблокирована
CARD-100787;2025-03-31;Веб-сайт;Зарплатный;Центральный;75000.00;;0,00;;Активна
CARD-101764;2025-03-16;МП;Кэшбэк-максимум;Центральный;75000,00;;0,00;;Активна
CARD-100425;06.06.2025;отделение;Кэшбэк-максимум;Центральный;100000.00;14.06.2025;8 341;24076,79;Активна
CARD-101458;21.01.2025;Веб-сайт;Зарплатный;Сибирский;500000,00;2025-02-16;163307,27;470887,98;Заблокирована
CARD-101503;18.06.2025;сайт банка;Классический;Центральный;200 000;н/д;0;0;Активна
CARD-101653;2025-04-29;Мобильное приложение;Классический;Приволжский;100000,00;н/д;;;активна
CARD-101770;30.06.2025;Отделение;Кэшбэк-максимум;Северо-Западный;300 000;10.07.2025;77 082;220 332;Активна
CARD-100455;19.02.2025;Мобильный банк;Кэшбэк-максимум;Центральный;50 000;20.02.2025;21 725;62225,13;Активна
CARD-101193;24.06.2025;Мобильное приложение;Классический;Сибирский;150000,00;30.06.2025;19 878;63060.01;Активна
CARD-102253;11.07.2025;партнёрская сеть;Классический;Приволжский;300000.00;н/д;0,00;;Закрыта
CARD-101027;15.07.2025;Партнерская сеть;Премиальный;Приволжский;100 000;;0;0;Активна
CARD-102094;21.02.2025;МП;Классический;Центральный;100 000;2025-03-15;10 881;34672.83;Активна
CARD-101620;18.07.2025;Отделение;Зарплатный;Северо-Западный;300000,00;22.07.2025;39161,51;96279.94;активна
CARD-100797;18.01.2025;Партнёр;Классический;Северо-Западный;500000,00;;;0;Активна
CARD-100152;2025-06-30;Веб-сайт;Классический;Южный;100 000;08.08.2025;0;5440.53;Активна
CARD-101111;2025-03-10;Партнерская сеть;Зарплатный;Южный;150 000;;;0,00;Активна
CARD-100662;2025-02-05;мобильное приложение;Зарплатный;Приволжский;150000,00;17.02.2025;35440.84;95174,71;Активна
CARD-102318;09.02.2025;ОТДЕЛЕНИЕ;Классический;Северо-Западный;150000.00;06.03.2025;66270,14;187374,68;Активна
CARD-101663;26.02.2025;Сайт банка;Классический;Центральный;150 000;26.03.2025;75 178;138 515;Активна
CARD-100420;2025-04-28;Отделение ;Зарплатный;Южный;150000,00;13.05.2025;28623,42;45998.75;Активна
CARD-101601;2025-06-29;Сайт банка;Классический;Южный;150000.00;2025-07-26;30405,54;98868,78;Активна
CARD-101513;15.07.2025;ОТДЕЛЕНИЕ;Классический;Центральный;500000.00;;;0;Активна
CARD-101084;20.05.2025;МП;Зарплатный;Северо-Западный;300000.00;01.06.2025;81 864;222 821;активна
CARD-101209;01.03.2025;Офис банка;Премиальный;Северо-Западный;500000.00;12.03.2025;274876,07;487932,24;Закрыта
CARD-101191;10.06.2025;сайт банка;Зарплатный;Южный;150 000;01.07.2025;32 726;59 836;Активна
CARD-101178;2025-03-24;отделение;Кэшбэк-максимум;Центральный;500000,00;н/д;;0;Заблокирована
CARD-102187;17.04.2025;Отделение ;Кэшбэк-максимум;Сибирский;500000.00;20.04.2025;260268.13;663352.94;Активна
CARD-101342;2025-03-11;Отделение;Классический;Центральный;500000,00;;;0;Активна
CARD-100487;03.05.2025;Офис банка;Зарплатный;Южный;300 000;;0;;Активна
CARD-102110;30.04.2025;Партнерская сеть;Кэшбэк-максимум;Сибирский;150000.00;27.05.2025;69077.97;150 934;Активна
CARD-102275;13.04.2025;Партнерская сеть;Кэшбэк-максимум;Северо-Западный;300 000;06.06.2025;0;52451.67;Активна
CARD-100561;2025-04-14;Веб-сайт;Классический;Южный;100 000;27.04.2025;24 649;65039.28;активна
CARD-100894;2025-02-17;отделение;Зарплатный;Центральный;100000.00;19.02.2025;34282.34;80930.42;Активна
CARD-100861;2025-07-23;Партнерская сеть;Кэшбэк-максимум;Северо-Западный;300000.00;08.09.2025;0,00;40004.83;Активна
CARD-100026;12.03.2025;Партнёрская сеть;Премиальный;Южный;500000.00;13.03.2025;186221.44;357 888;Заблокирована
CARD-101152;26.06.2025;МП;Классический;Центральный;200 000;23.08.2025;0;39448.28;Активна
CARD-101249;03.07.2025;отделение;Зарплатный;Центральный;100 000;26.07.2025;19265,99;41734.23;Активна
CARD-100852;30.01.2025;отделение;Зарплатный;Северо-Западный;100 000;н/д;;;Активна
CARD-102050;26.02.2025;Мобильное приложение;Зарплатный;Южный;100000.00;;0;0,00;Активна
CARD-101103;08.05.2025;сайт банка;Зарплатный;Южный;75000.00;03.06.2025;18537,64;53515,44;Активна
CARD-101007;2025-06-04;Мобильный банк;Классический;Центральный;150 000;23.06.2025;53 955;108 221;Активна
CARD-102001;22.06.2025;Мобильный банк;Классический;Южный;50 000;;0;;Активна
CARD-101164;11.07.2025;Отделение ;Классический;Сибирский;300 000;;0,00;0;активна
CARD-100313;2025-07-04;Мобильный банк;Зарплатный;Южный;500 000;12.07.2025;60 642;115 592;Активна
CARD-101434;2025-03-16;Мобильное приложение;Зарплатный;Приволжский;200 000;27.03.2025;29 256;75545.77;Активна
CARD-101468;22.01.2025;Мобильное приложение;Кэшбэк-максимум;Приволжский;75 000;06.02.2025;17809,57;35 009;Активна
CARD-100322;2025-01-25;Мобильный банк;Классический;Приволжский;50000,00;2025-02-19;11 114;29832.16;Активна
CARD-100780;04.07.2025;Отделение;Зарплатный;Южный;500000.00;2025-07-27;233199,50;550 466;Активна
CARD-100205;17.06.2025;сайт банка;Зарплатный;Сибирский;100 000;н/д;0,00;0,00;Активна
CARD-101069;2025-02-11;Сайт банка;Классический;Приволжский;300 000;н/д;;0,00;Заблокирована
CARD-101418;19.06.2025;МП;Зарплатный;Северо-Западный;150 000;2025-06-29;40957,62;77825.71;Активна
CARD-100539;29.04.2025;Мобильный банк;Премиальный;Сибирский;150000.00;2025-05-27;64 021;106289.59;Заблокирована
CARD-102092;21.07.2025;партнёрская сеть;Премиальный;Приволжский;300 000;2025-08-19;66 707;210 707;Заблокирована
CARD-100412;2025-02-11;сайт банка;Кэшбэк-максимум;Сибирский;500000,00;;0,00;;Активна
CARD-100986;2025-03-02;Отделение ;Классический;Центральный;50 000;2025-03-08;23 672;62 262;Активна
CARD-101390;2025-06-25;Веб-сайт;Премиальный;Южный;100 000;;0,00;;Активна
CARD-101448;2025-01-26;Партнерская сеть;Классический;Северо-Западный;200000,00;14.02.2025;58741,52;140512.98;Активна
CARD-101640;12.02.2025;Партнёрская сеть;Классический;Северо-Западный;500 000;;0;0,00;Активна
CARD-100303;13.01.2025;Сайт банка;Кэшбэк-максимум;Приволжский;50 000;н/д;;;Активна
CARD-100996;03.03.2025;сайт банка;Классический;Сибирский;200000.00;н/д;0;0,00;активна
CARD-100827;2025-01-13;ОТДЕЛЕНИЕ;Классический;Приволжский;75000.00;2025-01-21;32 031;92426,75;Активна
CARD-100635;23.01.2025;сайт банка;Зарплатный;Центральный;75 000;13.02.2025;18 117;50 103;Активна
CARD-100454;2025-02-04;отделение;Зарплатный;Приволжский;150000.00;28.02.2025;73236,08;150 254;Активна
CARD-102370;22.03.2025;МП;Классический;Центральный;50000.00;12.04.2025;15 130;48843.85;Активна
CARD-101267;15.01.2025;Офис банка;Зарплатный;Центральный;150 000;25.01.2025;75 489;170460,93;Активна
CARD-101705;2025-05-18;Мобильное приложение;Кэшбэк-максимум;Северо-Западный;200 000;05.06.2025;76847,32;229 759;Активна
CARD-101222;21.07.2025;партнёрская сеть;Зарплатный;Сибирский;150000,00;2025-07-24;43 607;105249.64;Заблокирована
CARD-100699;2025-06-30;Мобильный банк;Зарплатный;Сибирский;200000,00;17.07.2025;77 825;179 894;Активна
CARD-100712;2025-02-21;Партнёр;Кэшбэк-максимум;Центральный;50000,00;;;0;активна
CARD-101492;29.03.2025;Офис банка;Зарплатный;Южный;150 000;25.04.2025;80584.54;230620,46;Активна
CARD-101536;2025-06-19;Отделение ;Кэшбэк-максимум;Приволжский;300 000;25.06.2025;87780,99;222 057;активна
CARD-102028;11.02.2025;Мобильное приложение;Классический;Центральный;50000.00;26.02.2025;20958,00;60398.68;Активна
CARD-101930;08.05.2025;Отделение ;Кэшбэк-максимум;Центральный;150 000;13.05.2025;48567,89;99 740;Активна
CARD-101402;2025-04-26;Офис банка;Кэшбэк-максимум;Сибирский;200 000;;0;0,00;Активна
CARD-101217;21.02.2025;Партнёрская сеть;Классический;Северо-Западный;150 000;;0;;Активна
CARD-101876;06.07.2025;Мобильное приложение;Классический;Центральный;300000,00;н/д;;0,00;активна
CARD-101550;20.06.2025;отделение;Зарплатный;Центральный;200000,00;2025-07-04;47096.71;101429,43;Активна
CARD-101451;29.06.2025;Партнёрская сеть;Классический;Северо-Западный;300 000;2025-09-01;0,00;57 888;Активна
CARD-100548;2025-05-27;Веб-сайт;Классический;Сибирский;300000,00;11.06.2025;115898,44;268456,06;Активна
CARD-102005;11.06.2025;партнёрская сеть;Классический;Центральный;200000,00;н/д;0;0,00;Активна
CARD-101721;2025-03-24;МП;Классический;Центральный;200000,00;2025-04-07;108 797;254 002;Активна
CARD-101157;16.03.2025;Офис банка;Классический;Южный;50 000;н/д;0,00;0,00;Активна
CARD-100006;2025-04-27;ОТДЕЛЕНИЕ;Классический;Приволжский;100000.00;2025-05-02;42451,77;93936,38;Активна
CARD-100496;08.05.2025;сайт банка;Классический;Центральный;100 000;н/д;0,00;0;Закрыта
CARD-100485;2025-02-09;Партнёр;Премиальный;Центральный;75 000;;;0;Закрыта
CARD-100945;2025-02-21;Мобильное приложение;Кэшбэк-максимум;Приволжский;150000,00;;0;0;Активна
CARD-101298;20.06.2025;Веб-сайт;Классический;Центральный;150000,00;;0,00;;Активна
CARD-101872;17.04.2025;Мобильное приложение;Классический;Приволжский;500000,00;22.04.2025;72523,29;226 250;Активна
CARD-101412;09.07.2025;Мобильный банк;Зарплатный;Центральный;300000,00;05.08.2025;140 265;465115,49;активна
CARD-100264;18.07.2025;МП;Премиальный;Сибирский;100000.00;2025-07-28;50 389;143735,75;Активна
CARD-102019;2025-01-15;сайт банка;Зарплатный;Приволжский;50 000;н/д;0,00;0;Активна
CARD-102233;10.03.2025;ОТДЕЛЕНИЕ;Классический;Южный;300 000;н/д;0,00;0;Активна
CARD-101932;06.03.2025;Сайт банка;Классический;Южный;150 000;27.03.2025;54 759;156966,56;активна
CARD-101150;14.01.2025;Отделение ;Классический;Южный;300000,00;н/д;;0;активна
CARD-100893;29.07.2025;Партнерская сеть;Зарплатный;Приволжский;75 000;03.08.2025;10 971;36 792;активна
CARD-100633;26.03.2025;Партнерская сеть;Зарплатный;Приволжский;100 000;04.04.2025;24 304;82477,35;Активна
CARD-101690;21.07.2025;Мобильный банк;Кэшбэк-максимум;Северо-Западный;100000,00;24.07.2025;27541.98;83 268;Активна
CARD-102311;2025-02-10;мобильное приложение;Классический;Южный;500 000;20.03.2025;0;33 110;Активна
CARD-102238;01.04.2025;Мобильное приложение;Классический;Центральный;75 000;15.04.2025;13492.40;41065,74;Активна
CARD-102051;28.06.2025;Мобильный банк;Классический;Сибирский;500000,00;2025-07-05;264459.51;888353.53;Активна
CARD-101599;2025-02-27;Партнёрская сеть;Классический;Центральный;150000.00;22.03.2025;15488,99;28386,39;Активна
CARD-100778;24.01.2025;отделение;Премиальный;Сибирский;500 000;16.02.2025;151 027;371 594;Активна
CARD-100751;20.01.2025;Партнерская сеть;Классический;Южный;500000.00;11.02.2025;265083.73;556 678;Заблокирована
CARD-100990;2025-07-17;Сайт банка;Классический;Приволжский;100 000;26.09.2025;0,00;14158.65;Активна
CARD-100435;25.01.2025;Отделение ;Классический;Сибирский;200000,00;03.02.2025;66378.32;141257.83;Заблокирована
CARD-102168;24.03.2025;Мобильный банк;Классический;Северо-Западный;75 000;25.03.2025;31 805;53 908;Активна
CARD-102358;03.07.2025;Партнёрская сеть;Зарплатный;Центральный;150000.00;;0,00;0,00;Активна
CARD-102053;12.04.2025;Партнёрская сеть;Зарплатный;Северо-Западный;300000,00;н/д;0;;Активна
CARD-100794;2025-07-02;Мобильное приложение;Зарплатный;Южный;100 000;03.07.2025;41763,35;69 476;Активна
CARD-102009;08.02.2025;Партнёрская сеть;Зарплатный;Северо-Западный;500 000;н/д;0;0;активна
CARD-101756;30.06.2025;Партнерская сеть;Зарплатный;Центральный;150 000;02.07.2025;28650,40;79 552;Активна
CARD-100023;18.04.2025;МП;Классический;Приволжский;75 000;04.05.2025;17486,39;56660,79;Активна
CARD-100868;11.02.2025;мобильное приложение;Классический;Южный;75 000;12.02.2025;19750,86;62105.54;активна
CARD-100185;2025-06-26;Сайт банка;Зарплатный;Северо-Западный;150000,00;10.07.2025;71887,03;206171,77;Активна
CARD-101028;15.06.2025;ОТДЕЛЕНИЕ;Классический;Центральный;300 000;;;0;Закрыта
CARD-101838;14.03.2025;Сайт банка;Классический;Северо-Западный;300000.00;10.04.2025;80 043;130 787;Активна
CARD-101520;01.06.2025;мобильное приложение;Классический;Северо-Западный;75 000;;0,00;0;Активна
CARD-100458;18.01.2025;Отделение;Классический;Приволжский;150000.00;21.01.2025;49 529;114285.61;Активна
CARD-101079;2025-03-18;Веб-сайт;Кэшбэк-максимум;Центральный;75000,00;;;0,00;активна
CARD-102069;20.06.2025;ОТДЕЛЕНИЕ;Зарплатный;Сибирский;75000,00;н/д;0,00;;Активна
CARD-101050;02.06.2025;Отделение;Зарплатный;Приволжский;500000,00;01.07.2025;237 827;633 723;Активна
CARD-100911;01.04.2025;Партнёрская сеть;Классический;Приволжский;150 000;2025-04-16;47277,24;93 469;Активна
CARD-102066;04.05.2025;ОТДЕЛЕНИЕ;Премиальный;Северо-Западный;150000,00;29.05.2025;25 383;81497,17;Активна
CARD-101873;22.02.2025;ОТДЕЛЕНИЕ;Зарплатный;Центральный;50 000;2025-02-24;20992,33;51785,11;Активна
CARD-100777;17.02.2025;Отделение;Классический;Приволжский;150 000;18.02.2025;22701,87;44 761;Активна
CARD-100045;2025-03-14;мобильное приложение;Зарплатный;Северо-Западный;75 000;2025-03-22;17 243;28021.10;Активна
CARD-101700;20.01.2025;отделение;Кэшбэк-максимум;Сибирский;50 000;;0;0,00;Активна
CARD-100606;2025-04-06;отделение;Зарплатный;Приволжский;150 000;06.04.2025;56 191;98298,24;Активна
CARD-100576;18.06.2025;МП;Зарплатный;Центральный;300 000;2025-06-26;159849,20;425 605;Заблокирована
CARD-101835;21.05.2025;мобильное приложение;Классический;Приволжский;50 000;15.06.2025;8 465;26861,94;Активна
CARD-101714;2025-06-21;сайт банка;Классический;Приволжский;100 000;04.07.2025;27 575;56 365;Заблокирована
CARD-101507;05.07.2025;отделение;Премиальный;Южный;75 000;24.07.2025;33 985;75926,91;Активна
CARD-101030;2025-07-05;Веб-сайт;Зарплатный;Северо-Западный;75000,00;07.07.2025;22713.88;47130,02;Активна
CARD-102250;13.05.2025;Веб-сайт;Кэшбэк-максимум;Центральный;75 000;;;;Активна
CARD-101935;26.01.2025;Партнёр;Классический;Южный;150000.00;н/д;0,00;0,00;Активна
CARD-102213;11.03.2025;Сайт банка;Классический;Центральный;300000,00;02.04.2025;89880,85;260127.24;Активна
CARD-101184;2025-02-07;мобильное приложение;Классический;Северо-Западный;150000.00;07.02.2025;66968,33;162 616;Активна
CARD-101195;21.03.2025;Отделение;Зарплатный;Приволжский;500 000;2025-03-22;136 892;446 464;активна
CARD-102388;21.03.2025;ОТДЕЛЕНИЕ;Кэшбэк-максимум;Центральный;50000,00;;0;0;Активна
CARD-100464;20.01.2025;Веб-сайт;Классический;Южный;150 000;;0;;Активна
CARD-100158;11.05.2025;Отделение ;Классический;Южный;100000,00;2025-05-11;32097.80;86 330;Активна
CARD-100499;2025-05-31;отделение;Кэшбэк-максимум;Сибирский;500000,00;;;;Активна
CARD-100610;22.02.2025;Мобильное приложение;Классический;Центральный;100000,00;02.03.2025;35628,73;70958.64;Активна
CARD-100888;16.05.2025;Отделение;Классический;Южный;100000.00;10.06.2025;28622,45;91680.89;Активна
CARD-101666;24.01.2025;сайт банка;Кэшбэк-максимум;Приволжский;100000,00;02.02.2025;10 210;31 605;активна
CARD-100109;03.02.2025;сайт банка;Классический;Сибирский;500000,00;;0,00;;Активна
CARD-101058;18.06.2025;мобильное приложение;Премиальный;Южный;300000,00;2025-07-14;24786,15;71 500;Активна
CARD-101647;31.07.2025;Отделение;Зарплатный;Приволжский;300000,00;20.08.2025;128913,87;417984.47;Активна
CARD-101544;24.01.2025;сайт банка;Премиальный;Приволжский;100000,00;28.01.2025;18854.62;41019,98;Активна
CARD-101131;01.06.2025;партнёрская сеть;Классический;Северо-Западный;100000.00;2025-06-08;43 155;95523,17;активна
CARD-101518;25.02.2025;Веб-сайт;Кэшбэк-максимум;Сибирский;50000,00;16.03.2025;9 953;24 770;Активна
CARD-102186;2025-03-10;Отделение ;Зарплатный;Северо-Западный;500000,00;27.03.2025;60802.75;151 652;активна
CARD-102331;20.06.2025;Партнёрская сеть;Кэшбэк-максимум;Северо-Западный;100000.00;н/д;0,00;0,00;Активна
CARD-101064;14.07.2025;Партнёр;Зарплатный;Северо-Западный;500000.00;2025-09-11;0,00;23 165;активна
CARD-102107;03.06.2025;Отделение ;Классический;Центральный;150 000;11.06.2025;20034,93;33 486;Активна
CARD-101798;26.05.2025;Отделение;Кэшбэк-максимум;Сибирский;50000,00;н/д;;0,00;Заблокирована
CARD-102304;03.07.2025;Веб-сайт;Классический;Приволжский;200000,00;30.10.2025;0;9646.10;Активна
CARD-100275;2025-04-14;Отделение;Зарплатный;Приволжский;300000.00;;;;Активна
CARD-100659;2025-02-12;Отделение ;Классический;Сибирский;500 000;06.04.2025;0;25984.30;Активна
CARD-101228;2025-01-31;МП;Премиальный;Северо-Западный;200000,00;2025-02-25;68 404;147413.52;активна
CARD-101539;21.04.2025;отделение;Зарплатный;Центральный;300000,00;13.05.2025;140 864;451741,18;Активна
CARD-101122;11.06.2025;Мобильное приложение;Классический;Приволжский;300000,00;08.07.2025;99144,58;305999.46;Активна
CARD-100841;27.06.2025;Мобильный банк;Классический;Южный;500 000;н/д;0,00;0;Закрыта
CARD-100227;25.07.2025;мобильное приложение;Классический;Южный;50 000;02.08.2025;12 850;40665,68;Заблокирована
CARD-102071;2025-02-05;Отделение;Классический;Южный;500000.00;17.02.2025;140 984;252700.12;Активна
CARD-101311;28.03.2025;Отделение ;Зарплатный;Приволжский;300 000;03.04.2025;132 995;329613,38;Активна
CARD-101726;22.07.2025;сайт банка;Зарплатный;Южный;100 000;08.08.2025;51 216;167111,87;активна
CARD-101557;28.01.2025;Офис банка;Зарплатный;Центральный;50000.00;;0,00;0,00;Активна
CARD-100875;04.07.2025;Мобильный банк;Кэшбэк-максимум;Сибирский;150 000;18.07.2025;37 424;101276,68;активна
CARD-100231;05.05.2025;Офис банка;Зарплатный;Приволжский;100000,00;;;0,00;Активна
CARD-102150;2025-07-30;Веб-сайт;Зарплатный;Южный;150000.00;2025-08-10;79878,11;229502.79;Заблокирована
CARD-101265;2025-05-03;мобильное приложение;Премиальный;Северо-Западный;50 000;18.05.2025;11399,37;29510,96;Активна
CARD-101143;25.02.2025;МП;Классический;Приволжский;300 000;;0,00;0;Активна
CARD-101618;2025-05-09;отделение;Классический;Сибирский;50000.00;23.05.2025;20 266;56 325;Активна
CARD-100189;2025-04-02;ОТДЕЛЕНИЕ;Классический;Центральный;75000,00;19.04.2025;9796,65;30 852;Активна
CARD-100643;24.03.2025;Мобильный банк;Премиальный;Северо-Западный;200 000;2025-04-04;107721,75;196796,56;Активна
CARD-100488;2025-05-21;Мобильный банк;Зарплатный;Сибирский;50000.00;31.05.2025;4897.37;9 132;Активна
CARD-100237;2025-02-06;мобильное приложение;Классический;Сибирский;75000,00;2025-02-08;22 034;42556.91;Активна
CARD-101942;07.07.2025;Сайт банка;Классический;Сибирский;500000.00;2025-07-17;128 179;413535,97;Активна
CARD-101361;21.07.2025;Веб-сайт;Зарплатный;Сибирский;75000,00;11.08.2025;39573.02;79678.12;Активна
CARD-100775;2025-02-04;партнёрская сеть;Премиальный;Приволжский;500 000;06.02.2025;243068,18;453962.62;Активна
CARD-101651;08.03.2025;МП;Классический;Южный;75000,00;09.03.2025;26418,59;46941.32;Активна
CARD-101833;09.04.2025;Отделение ;Премиальный;Приволжский;300000,00;20.04.2025;47562.45;106948,27;Активна
CARD-101115;2025-06-12;Мобильное приложение;Классический;Северо-Западный;50 000;25.06.2025;10 863;36 628;Активна
CARD-101117;2025-07-07;Партнёрская сеть;Кэшбэк-максимум;Северо-Западный;50000,00;;;;активна
CARD-102396;09.03.2025;ОТДЕЛЕНИЕ;Классический;Южный;75000.00;07.05.2025;;9 022;Активна
CARD-100336;2025-02-03;Сайт банка;Зарплатный;Северо-Западный;150 000;2025-02-12;20 481;53716,58;Активна
CARD-100821;26.04.2025;Партнёр;Классический;Центральный;500000,00;;0;0;Активна
CARD-100629;17.03.2025;МП;Классический;Приволжский;100000,00;07.06.2025;0;10681.33;Активна
CARD-101223;2025-01-17;партнёрская сеть;Зарплатный;Приволжский;200 000;;0;0;Активна
CARD-100791;03.04.2025;Веб-сайт;Классический;Приволжский;300000.00;;0;0,00;Закрыта
CARD-101746;14.02.2025;Офис банка;Зарплатный;Центральный;100000.00;2025-03-08;36 322;95 383;активна
CARD-101715;30.06.2025;отделение;Зарплатный;Центральный;100000,00;н/д;0;0,00;активна
CARD-100533;16.01.2025;Отделение;Зарплатный;Приволжский;100000,00;12.02.2025;43663.95;76 198;Активна
CARD-101871;13.03.2025;Мобильный банк;Кэшбэк-максимум;Центральный;50 000;2025-04-06;7088,03;13432.18;Активна
CARD-100923;16.03.2025;Партнёр;Премиальный;Приволжский;50000,00;н/д;0;;Активна
CARD-101074;23.02.2025;Партнерская сеть;Классический;Сибирский;500000.00;;0,00;;активна
CARD-102174;2025-07-24;мобильное приложение;Классический;Центральный;200000.00;03.08.2025;56278,05;141077,94;Активна
CARD-101570;2025-04-20;Отделение;Классический;Сибирский;100 000;н/д;;;Активна
CARD-100571;27.03.2025;Отделение ;Премиальный;Северо-Западный;200 000;03.04.2025;107965,49;309807.09;активна
CARD-102099;12.05.2025;партнёрская сеть;Кэшбэк-максимум;Сибирский;50000.00;19.05.2025;18190.47;35978,69;Заблокирована
CARD-100311;2025-02-17;партнёрская сеть;Премиальный;Центральный;75000,00;08.03.2025;8960,07;22920,30;Активна
CARD-100581;2025-04-16;Мобильный банк;Премиальный;Центральный;50 000;07.05.2025;11 077;27666.29;Активна
CARD-101014;19.02.2025;Мобильный банк;Премиальный;Северо-Западный;200 000;20.02.2025;61374.05;200284.50;Закрыта
CARD-100444;2025-06-10;ОТДЕЛЕНИЕ;Классический;Сибирский;100 000;н/д;;0;активна
CARD-101368;2025-02-03;Сайт банка;Зарплатный;Приволжский;100 000;18.02.2025;38075.29;115 979;Активна
CARD-100987;03.02.2025;Отделение;Зарплатный;Северо-Западный;300 000;04.02.2025;126 721;415969,95;Активна
CARD-100722;23.06.2025;МП;Классический;Приволжский;150 000;08.07.2025;30190,96;61 638;Активна
CARD-100486;2025-05-14;Отделение ;Зарплатный;Приволжский;150000,00;27.05.2025;59 123;139 279;активна
CARD-101106;10.04.2025;МП;Зарплатный;Северо-Западный;100 000;30.04.2025;53849,44;92085,28;Активна
CARD-102303;2025-04-27;Офис банка;Зарплатный;Приволжский;150 000;2025-05-06;74 265;246252.70;активна
CARD-100299;20.03.2025;Веб-сайт;Классический;Северо-Западный;500000.00;н/д;;0,00;Активна
CARD-100312;06.06.2025;сайт банка;Премиальный;Северо-Западный;75 000;23.06.2025;22 083;53981,83;Активна
CARD-101135;19.04.2025;Отделение;Классический;Южный;100000.00;2025-08-16;;8727.58;Активна
CARD-101554;04.02.2025;Отделение ;Зарплатный;Северо-Западный;300000.00;14.02.2025;80 346;193554,84;Заблокирована
CARD-102257;2025-03-02;Офис банка;Классический;Сибирский;100000,00;2025-03-24;31 721;95733.38;Активна
CARD-100366;21.03.2025;сайт банка;Кэшбэк-максимум;Северо-Западный;100 000;;;0,00;Активна
CARD-101145;09.07.2025;Партнёрская сеть;Зарплатный;Приволжский;500 000;23.07.2025;57520.92;118697,69;Активна
CARD-100636;19.05.2025;Мобильное приложение;Премиальный;Сибирский;100 000;04.06.2025;41 499;129 520;Активна
CARD-102029;09.07.2025;отделение;Классический;Центральный;300000.00;2025-07-24;34866,60;77 642;Закрыта
CARD-102258;2025-01-26;Офис банка;Премиальный;Центральный;500 000;2025-04-02;0;98292.17;Активна
CARD-101632;30.07.2025;Партнерская сеть;Кэшбэк-максимум;Сибирский;500 000;06.08.2025;224 451;449531,52;Активна
CARD-101015;27.07.2025;мобильное приложение;Зарплатный;Центральный;50 000;23.08.2025;14 671;28 162;Активна
CARD-101089;2025-07-30;Партнерская сеть;Классический;Центральный;50 000;;0;0,00;Активна
CARD-100077;2025-07-06;МП;Премиальный;Центральный;75000.00;2025-07-07;28215.25;63 338;Активна
CARD-100010;17.04.2025;Веб-сайт;Классический;Сибирский;300000.00;13.05.2025;63 939;212049,67;Активна
CARD-100081;2025-07-16;Отделение;Классический;Северо-Западный;75000,00;10.08.2025;28 683;68 731;Активна
CARD-101349;25.04.2025;Отделение;Классический;Центральный;500 000;н/д;0,00;0,00;Активна
CARD-100354;27.05.2025;Сайт банка;Зарплатный;Центральный;300000,00;15.06.2025;63 495;212 007;Активна
CARD-100238;27.07.2025;ОТДЕЛЕНИЕ;Зарплатный;Центральный;75000.00;2025-08-22;20 385;43 504;Активна
CARD-100880;2025-02-03;отделение;Классический;Центральный;100000,00;16.02.2025;17 583;57223,27;Активна
CARD-102124;25.03.2025;Мобильный банк;Зарплатный;Северо-Западный;150000.00;19.04.2025;47 032;140 770;Активна
CARD-100034;27.06.2025;МП;Классический;Южный;100 000;28.06.2025;30514.48;50885.96;активна
CARD-101364;2025-07-07;Отделение;Классический;Северо-Западный;500 000;2025-08-03;138 970;434826,86;Активна
CARD-101569;24.06.2025;Мобильное приложение;Зарплатный;Центральный;500 000;29.06.2025;49052,38;129966.28;Заблокирована
CARD-100513;05.03.2025;отделение;Премиальный;Приволжский;300 000;18.05.2025;;52635,86;Активна
CARD-101259;08.02.2025;Отделение;Классический;Центральный;50000.00;19.02.2025;25 932;45 578;Активна
CARD-102063;27.02.2025;Партнёр;Классический;Приволжский;100000.00;н/д;;0,00;активна
CARD-100027;2025-01-18;МП;Классический;Южный;200 000;2025-01-25;95277.40;192458.57;Активна
CARD-100445;27.02.2025;МП;Зарплатный;Северо-Западный;300000,00;22.03.2025;152961,77;510098.29;Активна
CARD-100233;2025-05-16;Отделение ;Зарплатный;Центральный;100000,00;;0;0;Активна
CARD-102164;2025-04-07;Мобильный банк;Премиальный;Южный;100000.00;2025-05-06;29608.85;48 662;Активна
CARD-102101;2025-07-08;сайт банка;Премиальный;Приволжский;50000.00;2025-08-04;6 169;10 182;Активна
CARD-101423;19.03.2025;мобильное приложение;Зарплатный;Центральный;150000.00;05.06.2025;0;6321,39;Закрыта
CARD-100804;2025-01-19;Партнёрская сеть;Классический;Южный;150000,00;;0,00;;Активна
CARD-100333;18.05.2025;Мобильный банк;Классический;Южный;100000.00;21.08.2025;;11667.58;Активна
CARD-101858;09.06.2025;ОТДЕЛЕНИЕ;Классический;Центральный;100000,00;01.07.2025;52750,66;152692.07;Активна
CARD-100596;23.03.2025;ОТДЕЛЕНИЕ;Классический;Приволжский;150000.00;01.04.2025;64166,92;155938.15;Активна
CARD-101983;09.06.2025;сайт банка;Классический;Приволжский;100000,00;2025-06-17;38 018;110585.77;Активна
CARD-101263;2025-03-09;Партнёр;Кэшбэк-максимум;Северо-Западный;50000,00;;;;Активна
CARD-102137;2025-04-01;Мобильный банк;Классический;Сибирский;75000.00;28.04.2025;11409.22;25418.68;Заблокирована
CARD-101155;12.03.2025;Веб-сайт;Классический;Северо-Западный;200 000;23.03.2025;39 684;109 571;Активна
CARD-101234;23.05.2025;отделение;Зарплатный;Центральный;300000.00;20.06.2025;152557.56;407636,59;Активна
CARD-101984;2025-06-18;Сайт банка;Кэшбэк-максимум;Южный;500000.00;2025-06-23;188528.06;407 317;Активна
CARD-100239;13.05.2025;Мобильное приложение;Классический;Центральный;100000.00;26.05.2025;25088.01;70767.74;Заблокирована
CARD-101720;2025-04-13;ОТДЕЛЕНИЕ;Классический;Сибирский;75 000;25.04.2025;29610,71;79375,84;Активна
CARD-101780;22.07.2025;сайт банка;Зарплатный;Северо-Западный;100 000;13.08.2025;33050,12;84 581;Активна
CARD-101366;2025-02-14;ОТДЕЛЕНИЕ;Классический;Приволжский;500 000;10.03.2025;83 279;162 397;Активна
CARD-100460;20.01.2025;Мобильное приложение;Классический;Центральный;200 000;17.02.2025;59602,88;131492,45;Активна
CARD-101631;23.01.2025;Мобильный банк;Классический;Южный;300 000;27.01.2025;51096.15;150 783;активна
CARD-101996;05.04.2025;Офис банка;Кэшбэк-максимум;Центральный;75000,00;н/д;0,00;0;Активна
CARD-100929;06.06.2025;МП;Классический;Южный;300000.00;07.06.2025;82300,32;192 514;Активна
CARD-102087;2025-02-26;Веб-сайт;Зарплатный;Северо-Западный;100000,00;15.03.2025;30 629;68 421;Активна
CARD-100011;16.02.2025;отделение;Зарплатный;Центральный;75000.00;01.03.2025;21 465;66924,46;Активна
CARD-101771;10.06.2025;отделение;Кэшбэк-максимум;Южный;300000,00;2025-06-10;126750,07;305 997;Активна
CARD-101789;2025-02-17;отделение;Зарплатный;Приволжский;50 000;;0,00;0,00;Заблокирована
CARD-100594;2025-02-26;мобильное приложение;Классический;Центральный;300000.00;15.03.2025;63 631;143 241;Активна
CARD-102224;04.05.2025;мобильное приложение;Классический;Центральный;300000,00;;;0,00;Активна
CARD-101214;2025-03-19;Мобильное приложение;Зарплатный;Центральный;200 000;2025-04-10;26937.48;51 925;Заблокирована
CARD-101215;2025-04-13;мобильное приложение;Классический;Центральный;300 000;04.05.2025;93 959;304 045;Активна
CARD-100431;09.06.2025;Офис банка;Зарплатный;Центральный;100000,00;03.07.2025;41954,30;102 600;Активна
CARD-101813;04.03.2025;Партнёр;Классический;Приволжский;200 000;26.03.2025;95 096;283 123;Активна
CARD-102390;20.02.2025;Мобильное приложение;Премиальный;Центральный;100000,00;27.02.2025;47805,52;110671.80;Активна
CARD-100225;25.04.2025;Партнёр;Премиальный;Центральный;300 000;;0;;активна
CARD-100944;07.04.2025;мобильное приложение;Классический;Северо-Западный;500000,00;06.05.2025;136895,66;281603.45;активна
CARD-102014;2025-03-11;Мобильное приложение;Кэшбэк-максимум;Центральный;500 000;01.04.2025;145897,17;270332.06;активна
CARD-101723;2025-02-16;Мобильный банк;Зарплатный;Северо-Западный;300 000;01.03.2025;158 521;450269.41;Активна
CARD-101523;08.02.2025;Отделение ;Классический;Северо-Западный;50000,00;2025-02-17;14364.95;48192.31;Активна
CARD-101671;2025-07-23;Партнёр;Классический;Южный;150000.00;2025-10-25;0,00;5078,33;Активна
CARD-101083;12.05.2025;Партнерская сеть;Классический;Северо-Западный;200000,00;26.07.2025;;13350,02;Закрыта
CARD-101352;30.07.2025;Отделение ;Классический;Северо-Западный;50 000;н/д;0;0,00;Активна
CARD-102006;2025-02-17;Отделение;Кэшбэк-максимум;Северо-Западный;200 000;2025-02-28;51355,16;136432,72;активна
CARD-101650;02.05.2025;Партнерская сеть;Премиальный;Центральный;500 000;19.05.2025;104 019;264165,53;Активна
CARD-100615;15.05.2025;Сайт банка;Классический;Сибирский;100000,00;06.09.2025;;4 174;Активна
CARD-100519;06.07.2025;ОТДЕЛЕНИЕ;Зарплатный;Центральный;200 000;10.07.2025;80 337;203475,88;Заблокирована
CARD-101971;24.02.2025;Офис банка;Кэшбэк-максимум;Сибирский;50000.00;24.02.2025;23542.30;64988,34;активна
CARD-100300;21.02.2025;Отделение ;Классический;Центральный;500000,00;04.03.2025;219 371;545382.06;Активна
CARD-100007;23.06.2025;отделение;Классический;Сибирский;500000.00;2025-07-19;166 597;451070,86;Активна
CARD-101404;09.04.2025;Офис банка;Зарплатный;Северо-Западный;100000,00;2025-04-21;31749.80;102049,05;Закрыта
CARD-100952;21.02.2025;Мобильное приложение;Классический;Приволжский;200000,00;2025-03-03;30883,84;81 543;Активна
CARD-100352;04.06.2025;Партнёр;Классический;Сибирский;300 000;;;0,00;активна
CARD-101411;15.04.2025;Партнерская сеть;Классический;Южный;100000,00;н/д;0;0,00;Заблокирована
CARD-101019;07.06.2025;МП;Классический;Южный;100 000;2025-07-02;11172,61;35 084;Активна
CARD-100082;20.03.2025;МП;Премиальный;Центральный;200 000;06.04.2025;88 612;268803.57;активна
CARD-100342;24.02.2025;МП;Кэшбэк-максимум;Сибирский;150000,00;2025-03-08;41 788;128353.68;Активна
CARD-101695;2025-06-01;мобильное приложение;Классический;Сибирский;150000.00;;0,00;0;Активна
CARD-101216;29.07.2025;Мобильный банк;Классический;Южный;200000,00;30.07.2025;17174.43;56 793;Активна
CARD-100209;11.03.2025;мобильное приложение;Зарплатный;Центральный;100000.00;15.06.2025;;16 039;Активна
CARD-101318;06.03.2025;ОТДЕЛЕНИЕ;Премиальный;Сибирский;200 000;н/д;0;0;Активна
CARD-100222;14.02.2025;Мобильный банк;Классический;Центральный;150 000;2025-02-26;24 198;80209,01;Активна
CARD-101645;25.07.2025;МП;Зарплатный;Северо-Западный;150 000;2025-08-01;64 452;118 334;Активна
CARD-101373;07.03.2025;Сайт банка;Кэшбэк-максимум;Северо-Западный;300000,00;2025-03-16;104721.01;222004.81;Активна
CARD-100393;2025-01-25;Партнёрская сеть;Премиальный;Приволжский;150000,00;22.02.2025;60 434;160 484;Закрыта
CARD-100438;10.05.2025;Сайт банка;Классический;Центральный;50 000;2025-05-26;4520,44;9329,88;Активна
CARD-101580;17.02.2025;отделение;Классический;Приволжский;500 000;;0;0,00;Активна
CARD-100178;2025-06-16;Офис банка;Классический;Северо-Западный;300000.00;;0;;Активна
CARD-100948;25.01.2025;Сайт банка;Классический;Южный;50000,00;н/д;0;0,00;Активна
CARD-100044;08.05.2025;Партнёрская сеть;Кэшбэк-максимум;Северо-Западный;300 000;2025-05-12;84 559;236 909;Закрыта
CARD-102023;05.02.2025;Мобильный банк;Премиальный;Центральный;150 000;2025-02-09;64690.09;115 315;Закрыта
CARD-101197;28.04.2025;Мобильный банк;Зарплатный;Северо-Западный;150 000;08.05.2025;55 313;145869.16;активна
CARD-100820;2025-06-17;Отделение;Кэшбэк-максимум;Северо-Западный;50 000;21.06.2025;13317,46;25578.66;Активна
CARD-101974;28.07.2025;Сайт банка;Классический;Приволжский;100000,00;14.08.2025;30535.05;63725,53;Активна
CARD-101733;25.02.2025;Партнёрская сеть;Классический;Центральный;300000.00;23.03.2025;52 697;165525,30;Активна
CARD-102117;21.07.2025;Мобильное приложение;Классический;Центральный;75 000;2025-07-25;13457,40;32 969;Активна
CARD-101166;13.07.2025;Мобильное приложение;Кэшбэк-максимум;Приволжский;50 000;06.08.2025;5 236;17109,35;Активна
CARD-101595;2025-04-22;мобильное приложение;Зарплатный;Центральный;150000,00;;0;;Активна
CARD-101043;09.07.2025;МП;Премиальный;Северо-Западный;300 000;2025-08-28;0;58039,79;Закрыта
CARD-101034;29.07.2025;МП;Классический;Южный;100 000;28.09.2025;;19470,47;Активна
CARD-100991;2025-05-19;Партнерская сеть;Зарплатный;Центральный;150000.00;;0;0;Закрыта
CARD-102177;2025-04-12;сайт банка;Зарплатный;Приволжский;50 000;;;0,00;Активна
CARD-100851;13.05.2025;мобильное приложение;Кэшбэк-максимум;Центральный;500 000;10.06.2025;269796,15;778214.75;Активна
CARD-101419;05.07.2025;МП;Классический;Сибирский;50000,00;09.07.2025;4 003;13139,79;Активна
CARD-101883;2025-04-12;МП;Зарплатный;Северо-Западный;100000.00;16.04.2025;30838,50;70 177;Активна
CARD-102178;26.01.2025;Офис банка;Классический;Центральный;75 000;14.02.2025;14 938;26 739;активна
CARD-101694;2025-06-02;Отделение;Кэшбэк-максимум;Сибирский;150 000;2025-06-20;26183,54;45 873;Активна
CARD-100915;02.03.2025;МП;Зарплатный;Южный;75 000;22.03.2025;30 572;77 040;Активна
CARD-101470;03.04.2025;Мобильный банк;Классический;Центральный;50000.00;15.04.2025;23423.03;74648.14;Активна
CARD-101560;03.03.2025;мобильное приложение;Зарплатный;Центральный;300000,00;23.03.2025;41364.97;110753,29;Активна
CARD-101648;13.01.2025;партнёрская сеть;Зарплатный;Северо-Западный;75000.00;н/д;;0;активна
CARD-102298;21.07.2025;Офис банка;Кэшбэк-максимум;Центральный;75 000;19.08.2025;11114.77;34 963;активна
CARD-100294;13.05.2025;Мобильный банк;Зарплатный;Сибирский;500000.00;02.06.2025;187864,77;523 313;Активна
CARD-101617;08.05.2025;Партнерская сеть;Классический;Северо-Западный;300 000;2025-07-21;0;16425.04;Активна
CARD-101389;21.02.2025;партнёрская сеть;Классический;Южный;75 000;16.04.2025;0;2414,86;Активна
CARD-101018;2025-01-31;Сайт банка;Зарплатный;Центральный;200 000;02.02.2025;67234,21;228193,13;Активна
CARD-100387;07.07.2025;Мобильное приложение;Зарплатный;Сибирский;100 000;2025-07-28;27 053;77854,68;Активна
CARD-100516;25.07.2025;Офис банка;Зарплатный;Северо-Западный;100000.00;;0,00;;Активна
CARD-101912;2025-07-15;Отделение;Классический;Центральный;50000,00;2025-07-19;16715.12;52 669;Активна
CARD-101415;28.07.2025;Сайт банка;Зарплатный;Северо-Западный;500000.00;21.08.2025;263629.60;730763.75;Активна
CARD-102193;2025-06-15;партнёрская сеть;Кэшбэк-максимум;Приволжский;300 000;11.07.2025;74 926;154785.80;активна
CARD-100447;01.03.2025;сайт банка;Классический;Южный;50000.00;20.03.2025;9 735;17 712;Активна
CARD-100733;2025-04-07;Мобильное приложение;Классический;Северо-Западный;200000,00;;0,00;0,00;Активна
CARD-102240;2025-02-13;Партнёрская сеть;Зарплатный;Северо-Западный;150000,00;02.03.2025;52227,54;98662.91;Активна
CARD-101739;29.04.2025;Мобильное приложение;Классический;Центральный;100000.00;2025-05-09;40071.24;78829,23;активна
CARD-100680;11.02.2025;Партнёр;Зарплатный;Приволжский;500000,00;05.03.2025;130126,71;296 721;Активна
CARD-101186;2025-01-27;Мобильный банк;Кэшбэк-максимум;Южный;300000.00;2025-02-08;57241,34;148 915;Активна
CARD-100559;14.03.2025;мобильное приложение;Классический;Центральный;300 000;2025-04-10;158586.58;294364.85;Активна
CARD-100663;25.01.2025;МП;Классический;Сибирский;150000.00;;;;Активна
CARD-102279;2025-03-29;сайт банка;Классический;Южный;75 000;26.04.2025;38 865;77 999;Закрыта
CARD-101947;2025-03-26;ОТДЕЛЕНИЕ;Зарплатный;Приволжский;300000.00;;;0;Активна
CARD-102048;26.07.2025;партнёрская сеть;Классический;Северо-Западный;200 000;н/д;;0;Активна
CARD-101048;02.07.2025;Партнерская сеть;Премиальный;Южный;300 000;;0;;Активна
CARD-101112;09.07.2025;Сайт банка;Кэшбэк-максимум;Приволжский;100000.00;20.07.2025;38004.59;74 863;Активна
CARD-102129;01.04.2025;мобильное приложение;Классический;Центральный;300 000;16.04.2025;100087,27;267834,45;Активна
CARD-101642;13.07.2025;Партнёр;Классический;Сибирский;300 000;08.08.2025;118 476;233518.77;Заблокирована
CARD-101970;22.01.2025;Мобильное приложение;Классический;Южный;75000.00;;;0,00;активна
CARD-101248;25.05.2025;отделение;Классический;Приволжский;50000,00;01.06.2025;11 503;30161.58;Активна
CARD-100291;2025-06-09;Мобильное приложение;Классический;Центральный;100000,00;2025-06-29;44 433;115 310;Активна
CARD-101465;2025-05-29;Офис банка;Классический;Южный;150 000;31.05.2025;40 170;125417,70;активна
CARD-100349;20.04.2025;Партнерская сеть;Премиальный;Сибирский;75 000;;0;0;Активна
CARD-100941;07.03.2025;Мобильный банк;Классический;Сибирский;300000.00;;0;;Активна
CARD-100640;2025-03-22;Мобильное приложение;Зарплатный;Северо-Западный;50000.00;2025-03-26;11799,63;38459.68;Активна
CARD-100544;2025-03-07;партнёрская сеть;Кэшбэк-максимум;Приволжский;100 000;н/д;0,00;0;активна
CARD-101246;2025-08-01;Мобильное приложение;Кэшбэк-максимум;Южный;100 000;2025-08-20;46 999;140254,32;активна
CARD-100106;09.07.2025;Партнерская сеть;Кэшбэк-максимум;Центральный;300000.00;н/д;0;0,00;Активна
CARD-101538;27.07.2025;ОТДЕЛЕНИЕ;Кэшбэк-максимум;Центральный;100 000;н/д;0,00;;Активна
CARD-100574;2025-01-21;Партнерская сеть;Классический;Сибирский;75 000;28.02.2025;0,00;14162,84;Закрыта
CARD-102399;2025-06-07;мобильное приложение;Зарплатный;Приволжский;100000.00;2025-06-17;44933,19;80 060;Активна
CARD-100934;21.02.2025;Мобильный банк;Классический;Северо-Западный;50 000;11.03.2025;23932.90;75056.10;Заблокирована
CARD-101818;21.04.2025;Отделение ;Премиальный;Центральный;300000,00;03.05.2025;75 332;177970,98;активна
CARD-101294;16.05.2025;Мобильное приложение;Классический;Сибирский;150000,00;н/д;0;0,00;Активна
CARD-100906;10.07.2025;Мобильный банк;Классический;Центральный;150 000;;0;0;Активна
CARD-100160;2025-03-02;Мобильный банк;Классический;Южный;50000.00;;0,00;0;Активна
CARD-102114;15.02.2025;Партнёрская сеть;Классический;Южный;150000,00;2025-03-05;34 737;92 364;Активна
CARD-102299;2025-02-09;Отделение ;Классический;Южный;75000.00;н/д;0,00;0,00;Активна
CARD-101945;30.07.2025;Мобильное приложение;Классический;Центральный;200 000;28.08.2025;54 617;94 333;активна
CARD-101955;26.01.2025;Мобильный банк;Зарплатный;Центральный;500000,00;н/д;0;0;Активна
CARD-100873;2025-01-19;Партнёр;Зарплатный;Центральный;100000.00;;0;0;Активна
CARD-101334;24.02.2025;МП;Зарплатный;Центральный;500 000;01.03.2025;237069.04;477689,79;Активна
CARD-100448;15.05.2025;Отделение;Зарплатный;Приволжский;500 000;12.06.2025;142975,88;476403.30;Активна
CARD-100645;18.05.2025;Мобильное приложение;Премиальный;Южный;75000.00;06.06.2025;26265,04;67063,10;активна
CARD-101590;28.02.2025;партнёрская сеть;Классический;Сибирский;100 000;24.03.2025;46 860;132 717;Активна
CARD-100015;2025-02-12;партнёрская сеть;Премиальный;Центральный;300000,00;24.02.2025;67317.97;176 775;Активна
CARD-100886;05.07.2025;мобильное приложение;Классический;Южный;500000.00;05.07.2025;174939,40;395503,97;Активна
CARD-101892;08.02.2025;Мобильное приложение;Классический;Приволжский;200000,00;11.02.2025;34 309;90875.47;Активна
CARD-100217;2025-05-01;Партнёрская сеть;Классический;Приволжский;200000,00;2025-05-23;17575,84;46365,25;активна
CARD-101840;2025-01-15;сайт банка;Классический;Приволжский;150 000;29.01.2025;19103,99;54 663;Активна
CARD-100586;29.05.2025;Мобильный банк;Классический;Приволжский;50000.00;2025-06-17;13867,29;44 399;активна
CARD-102324;04.05.2025;Отделение;Кэшбэк-максимум;Центральный;300 000;2025-06-01;107648.30;222 482;Заблокирована
CARD-101862;2025-04-12;Веб-сайт;Зарплатный;Сибирский;500 000;н/д;0,00;;Активна
CARD-100514;22.06.2025;Мобильное приложение;Премиальный;Южный;200000.00;2025-07-07;87 795;145 759;Активна
CARD-101596;07.02.2025;Партнёрская сеть;Классический;Центральный;500000.00;08.03.2025;209020.14;464 583;активна
CARD-100168;2025-05-20;Партнерская сеть;Зарплатный;Сибирский;50 000;01.06.2025;11 001;20 540;Активна
CARD-100710;2025-04-30;Мобильное приложение;Классический;Центральный;500 000;12.05.2025;74756.22;193064,19;Активна
CARD-102217;2025-01-20;Офис банка;Кэшбэк-максимум;Приволжский;50 000;2025-01-24;7 351;24978,86;Активна
CARD-100014;09.06.2025;Мобильный банк;Классический;Центральный;150000.00;09.06.2025;52682.63;125 968;Активна
CARD-101473;07.04.2025;Партнёрская сеть;Классический;Центральный;200000.00;04.06.2025;0,00;11704.85;Активна
CARD-100509;23.04.2025;Отделение;Классический;Приволжский;150 000;13.05.2025;66 263;157765,06;активна
CARD-100669;20.05.2025;ОТДЕЛЕНИЕ;Кэшбэк-максимум;Сибирский;500000,00;22.05.2025;48 640;134670,27;активна
CARD-101537;23.01.2025;МП;Зарплатный;Центральный;150000.00;20.02.2025;69586,69;207083,77;Активна
CARD-102338;2025-04-17;Отделение ;Классический;Приволжский;150 000;21.04.2025;53 591;133692,49;активна
CARD-101817;01.08.2025;Отделение;Классический;Центральный;75000,00;2025-08-10;14 337;46889,78;Активна
CARD-101816;12.02.2025;ОТДЕЛЕНИЕ;Кэшбэк-максимум;Центральный;200 000;09.04.2025;0,00;16417,61;Активна
CARD-101134;04.03.2025;Партнерская сеть;Классический;Северо-Западный;200000.00;2025-03-30;54538.70;96626,57;Активна
CARD-100592;25.04.2025;сайт банка;Классический;Приволжский;200 000;;;0,00;Активна
CARD-102024;30.03.2025;Мобильное приложение;Премиальный;Центральный;50000.00;07.04.2025;8030.62;17687.71;активна
CARD-100334;2025-03-15;Партнёрская сеть;Кэшбэк-максимум;Сибирский;75000,00;2025-06-27;0;14769,84;активна
CARD-101252;17.07.2025;Мобильный банк;Классический;Центральный;150000.00;2025-07-26;59 685;158340,36;Активна
CARD-100782;2025-05-09;Партнёр;Зарплатный;Сибирский;300 000;30.05.2025;144279,74;396 368;Активна
CARD-102008;31.05.2025;Отделение ;Классический;Северо-Западный;100000,00;2025-06-21;14 527;36535,25;Активна
CARD-101737;02.07.2025;отделение;Классический;Сибирский;75 000;;;;активна
CARD-100031;11.07.2025;МП;Зарплатный;Северо-Западный;75 000;2025-07-28;41196,10;103866,55;Активна
CARD-100891;2025-01-17;партнёрская сеть;Зарплатный;Приволжский;500000.00;2025-02-03;272 803;712661,24;Активна
CARD-101097;15.01.2025;Мобильное приложение;Зарплатный;Сибирский;200000,00;15.01.2025;71019.00;229645,35;Активна
CARD-101270;29.04.2025;Мобильное приложение;Классический;Приволжский;100000,00;03.05.2025;29981,34;60 266;Активна
CARD-100324;29.06.2025;отделение;Классический;Приволжский;300000,00;24.07.2025;106082,31;201 412;Активна
CARD-100511;15.01.2025;Отделение;Классический;Приволжский;75 000;26.01.2025;15 571;50 928;активна
CARD-100796;01.03.2025;Отделение;Зарплатный;Центральный;100000,00;20.03.2025;21102.19;68392,59;Активна
CARD-101923;25.03.2025;Мобильный банк;Классический;Южный;500 000;04.04.2025;266017,65;773288.78;Активна
CARD-101075;28.04.2025;Отделение ;Классический;Приволжский;500000.00;25.08.2025;;70052,01;Активна
CARD-101208;08.06.2025;сайт банка;Премиальный;Сибирский;100000.00;05.07.2025;28409.45;78455,63;Активна
CARD-100587;10.04.2025;Мобильное приложение;Зарплатный;Центральный;150000.00;2025-04-20;64 372;117571,62;Активна
CARD-101853;12.07.2025;отделение;Зарплатный;Южный;75 000;02.08.2025;7 312;17212.61;Активна
CARD-100817;23.04.2025;Партнёрская сеть;Классический;Сибирский;150000.00;25.07.2025;;14503.20;Активна
CARD-100759;05.06.2025;МП;Зарплатный;Северо-Западный;150000,00;2025-06-27;26746,70;62107.70;активна
CARD-102312;02.07.2025;МП;Зарплатный;Южный;200000,00;16.07.2025;51138.73;142318.78;Активна
CARD-100617;31.05.2025;Отделение ;Зарплатный;Северо-Западный;300000,00;03.06.2025;129 311;433 799;Заблокирована
CARD-100726;29.07.2025;Мобильное приложение;Классический;Приволжский;300 000;15.08.2025;162 850;520021,24;активна
CARD-100285;23.03.2025;мобильное приложение;Классический;Центральный;150 000;20.04.2025;16972,76;52160,97;Активна
CARD-101299;21.07.2025;Веб-сайт;Классический;Центральный;50000,00;04.08.2025;12 738;22 422;Активна
CARD-101387;18.01.2025;Отделение;Классический;Приволжский;100 000;20.01.2025;52891.40;167277.97;активна
CARD-102350;04.06.2025;Отделение;Премиальный;Центральный;150000,00;23.06.2025;77283,15;205918.92;активна
CARD-100808;10.05.2025;Сайт банка;Премиальный;Центральный;500 000;;0;0,00;Активна
CARD-101243;04.03.2025;МП;Зарплатный;Сибирский;200000,00;2025-03-15;102978,44;322324.55;Заблокирована
CARD-101100;22.04.2025;сайт банка;Премиальный;Центральный;50 000;н/д;;0;Активна
CARD-101615;2025-07-19;Мобильное приложение;Зарплатный;Сибирский;500000,00;2025-07-19;156054,26;255740,80;Закрыта
CARD-100924;14.02.2025;Партнёр;Зарплатный;Сибирский;200000,00;17.02.2025;40906,29;77 902;Активна
CARD-100630;09.06.2025;Отделение ;Премиальный;Приволжский;100000.00;2025-06-21;48091,16;85572,19;Активна
CARD-101000;2025-05-07;Партнёр;Кэшбэк-максимум;Сибирский;100000.00;25.05.2025;49 866;92 805;Активна
CARD-100242;2025-07-02;МП;Зарплатный;Южный;150 000;2025-07-02;42805.45;112800.92;Закрыта
CARD-100914;30.06.2025;Мобильный банк;Классический;Сибирский;150000,00;27.07.2025;32250.53;107169,23;Активна
CARD-101844;15.04.2025;Отделение;Зарплатный;Сибирский;300 000;;;0;Активна
CARD-101641;12.02.2025;Мобильный банк;Премиальный;Северо-Западный;500000.00;2025-03-09;123 996;269075,51;активна
CARD-101903;2025-03-21;Сайт банка;Кэшбэк-максимум;Северо-Западный;50000.00;10.04.2025;15309.16;38509.01;Активна
CARD-101462;2025-04-27;Партнёрская сеть;Классический;Северо-Западный;200000,00;2025-07-13;0,00;20706,01;Активна
CARD-100177;02.02.2025;Партнёрская сеть;Зарплатный;Центральный;500000.00;2025-02-11;81711,16;266536,92;Активна
CARD-100641;2025-05-04;Партнерская сеть;Классический;Центральный;75000,00;01.06.2025;15644,22;38 426;Закрыта
CARD-102283;14.04.2025;Партнёр;Кэшбэк-максимум;Северо-Западный;100000,00;н/д;0,00;0,00;Активна
CARD-100123;2025-06-03;отделение;Премиальный;Центральный;300000,00;27.06.2025;149711,42;421 049;Активна
CARD-102084;2025-03-06;Мобильный банк;Зарплатный;Центральный;500000,00;2025-03-24;246 317;743 634;Активна
CARD-100705;2025-03-24;Партнерская сеть;Классический;Центральный;75 000;2025-05-11;0,00;4 098;Активна
CARD-101147;22.06.2025;Мобильный банк;Кэшбэк-максимум;Южный;100000.00;30.06.2025;46229,11;122374,59;Активна
CARD-101306;2025-04-05;МП;Кэшбэк-максимум;Центральный;50 000;10.04.2025;4802,49;8992.80;Заблокирована
CARD-101032;19.06.2025;Отделение;Классический;Приволжский;100000.00;;;;Активна
CARD-101251;20.02.2025;Мобильное приложение;Кэшбэк-максимум;Центральный;200 000;2025-03-11;50 107;94 202;Активна
CARD-102352;18.07.2025;Отделение ;Классический;Южный;500000,00;2025-07-19;187989,72;538 037;Активна
CARD-102076;10.04.2025;Офис банка;Кэшбэк-максимум;Центральный;300000,00;10.07.2025;0,00;31 990;Активна
CARD-101503;18.06.2025;сайт банка;Классический;Центральный;200 000;н/д;0;0;Активна
CARD-101245;26.05.2025;мобильное приложение;Классический;Центральный;150 000;н/д;0,00;0,00;активна
CARD-101067;2025-03-29;Отделение ;Классический;Южный;200 000;;;0;Активна
CARD-101828;2025-05-01;Партнёрская сеть;Премиальный;Северо-Западный;150 000;н/д;0,00;;Активна
CARD-100103;2025-03-24;Отделение ;Классический;Южный;75 000;26.03.2025;14003,66;29195,19;Активна
CARD-101180;24.04.2025;Мобильный банк;Классический;Сибирский;500000.00;12.05.2025;239999,18;738 849;Активна
CARD-100351;21.06.2025;Партнерская сеть;Премиальный;Приволжский;200 000;2025-07-18;30751.43;98683.14;Активна
CARD-101981;2025-03-14;мобильное приложение;Кэшбэк-максимум;Центральный;300000,00;н/д;0;;Активна
CARD-100769;07.03.2025;отделение;Классический;Центральный;100000.00;;0,00;0;активна
CARD-101168;31.03.2025;Мобильный банк;Классический;Южный;300 000;2025-07-25;0,00;52238.91;активна
CARD-100136;24.03.2025;мобильное приложение;Классический;Центральный;50000.00;22.04.2025;26 695;46 240;Активна
CARD-100184;20.03.2025;Веб-сайт;Зарплатный;Приволжский;500000,00;26.05.2025;;60411,41;Активна
CARD-100619;2025-06-10;партнёрская сеть;Кэшбэк-максимум;Южный;100000,00;2025-06-24;39 403;122 986;Активна
CARD-101535;06.07.2025;Партнерская сеть;Классический;Центральный;200 000;н/д;;0;Активна
CARD-102315;2025-05-15;МП;Классический;Центральный;500 000;23.05.2025;101 061;206120,24;активна
CARD-102123;2025-07-12;Офис банка;Зарплатный;Центральный;50 000;22.07.2025;25988,71;58261.64;Активна
CARD-100967;17.06.2025;Мобильное приложение;Классический;Сибирский;300 000;03.07.2025;109522.60;281 061;Активна
CARD-100144;07.02.2025;Отделение ;Классический;Центральный;50000.00;18.02.2025;17 390;28 539;активна
CARD-101287;10.06.2025;мобильное приложение;Премиальный;Приволжский;200000.00;2025-06-25;87 518;165 409;Активна
CARD-100340;18.03.2025;сайт банка;Кэшбэк-максимум;Центральный;50000,00;н/д;;0;Активна
CARD-100396;2025-05-03;ОТДЕЛЕНИЕ;Классический;Центральный;500 000;2025-05-17;174171.75;442 262;Активна
CARD-101253;14.02.2025;партнёрская сеть;Классический;Приволжский;300000,00;;0,00;0;Активна
CARD-100204;15.03.2025;партнёрская сеть;Классический;Южный;75 000;;;;Активна
CARD-100432;17.01.2025;отделение;Классический;Северо-Западный;150 000;2025-02-06;35171,87;58548.76;Активна
CARD-100884;2025-06-25;Партнёрская сеть;Классический;Центральный;75 000;24.07.2025;14210,46;37 142;Активна
CARD-101321;22.04.2025;МП;Классический;Северо-Западный;300 000;н/д;0;0,00;Активна
CARD-102359;2025-01-15;Офис банка;Зарплатный;Северо-Западный;100 000;2025-02-02;25502.12;41037,73;Активна
CARD-100473;07.03.2025;Мобильное приложение;Премиальный;Центральный;50000.00;2025-06-05;0,00;1 650;Активна
CARD-101021;2025-01-23;Офис банка;Классический;Приволжский;200000.00;25.01.2025;68 717;119588.49;Активна
CARD-100479;25.06.2025;Партнерская сеть;Премиальный;Приволжский;500 000;14.07.2025;127434.27;264882,23;Активна
CARD-100262;16.06.2025;мобильное приложение;Классический;Приволжский;300000,00;;0,00;0,00;Активна
CARD-101337;02.03.2025;Отделение;Премиальный;Южный;150 000;2025-03-02;13 120;23084,73;Активна
CARD-100881;02.03.2025;Отделение ;Кэшбэк-максимум;Центральный;100 000;н/д;;0,00;Активна
CARD-100037;06.02.2025;Сайт банка;Премиальный;Центральный;150 000;26.05.2025;0,00;11 641;Активна
CARD-101085;29.06.2025;Офис банка;Классический;Северо-Западный;100000,00;2025-07-08;24929,86;51492,25;Активна
CARD-102192;31.05.2025;мобильное приложение;Классический;Центральный;100 000;н/д;0,00;0;активна
CARD-100685;21.04.2025;сайт банка;Зарплатный;Приволжский;50 000;26.04.2025;25 728;45665.03;Активна
CARD-101476;17.06.2025;Сайт банка;Классический;Южный;200000.00;;;0,00;Активна
CARD-100405;21.05.2025;Партнерская сеть;Классический;Центральный;300 000;;0,00;0;Активна
CARD-102208;09.07.2025;Отделение ;Классический;Сибирский;100000.00;03.09.2025;0,00;7080.50;Заблокирована
CARD-102143;12.02.2025;Партнёрская сеть;Зарплатный;Южный;500 000;;0;;Активна
CARD-101899;11.06.2025;Партнёр;Кэшбэк-максимум;Центральный;100 000;04.09.2025;0;3 915;Активна
CARD-101427;13.01.2025;Мобильный банк;Классический;Сибирский;200 000;2025-02-02;72535,93;215 295;Активна
CARD-101339;2025-01-22;МП;Зарплатный;Центральный;50000,00;18.02.2025;27454.67;64177,48;Активна
CARD-100318;29.07.2025;МП;Премиальный;Приволжский;200000,00;2025-08-18;59 585;154333.03;активна
CARD-102274;29.06.2025;мобильное приложение;Премиальный;Северо-Западный;150 000;2025-07-02;35 904;67270,00;Активна
CARD-101416;12.07.2025;Партнерская сеть;Премиальный;Центральный;500 000;05.08.2025;91411.38;224 010;Активна
CARD-100481;05.02.2025;Партнёрская сеть;Зарплатный;Южный;100000,00;2025-03-30;0,00;9 855;Активна
CARD-100199;21.03.2025;Отделение ;Классический;Центральный;300000,00;;0;;Активна
CARD-102056;29.01.2025;ОТДЕЛЕНИЕ;Классический;Южный;75000.00;н/д;;0,00;Активна
CARD-102161;2025-03-23;Мобильное приложение;Зарплатный;Центральный;50 000;2025-04-14;4 610;15 541;Активна
CARD-101755;14.01.2025;МП;Кэшбэк-максимум;Южный;300 000;14.01.2025;39 426;80 648;Активна
CARD-100072;2025-05-06;Отделение;Классический;Приволжский;200000,00;04.06.2025;65 711;171 541;Активна
CARD-101556;05.04.2025;сайт банка;Классический;Приволжский;150000.00;2025-04-30;20742.75;40193,18;Активна
CARD-101575;31.03.2025;Мобильный банк;Классический;Центральный;200 000;2025-04-13;99 448;229 289;Закрыта
CARD-100135;30.04.2025;Мобильный банк;Классический;Северо-Западный;100000.00;06.05.2025;36 723;121902.66;Активна
CARD-100565;10.04.2025;сайт банка;Классический;Сибирский;50000,00;16.06.2025;;8027.15;Заблокирована
CARD-102317;06.06.2025;Партнерская сеть;Кэшбэк-максимум;Сибирский;100 000;03.07.2025;11490,70;19190,24;Активна
CARD-101144;02.04.2025;партнёрская сеть;Премиальный;Южный;300000.00;13.06.2025;;59 793;Активна
CARD-102223;24.02.2025;Сайт банка;Классический;Северо-Западный;200 000;22.03.2025;93509.43;175 271;Активна
CARD-102141;11.05.2025;ОТДЕЛЕНИЕ;Зарплатный;Приволжский;50 000;2025-05-18;23738.78;50657.75;Активна
CARD-101791;2025-06-14;Офис банка;Классический;Южный;75 000;2025-06-30;20008,12;37469.24;Активна
CARD-101855;14.04.2025;Мобильный банк;Классический;Центральный;300 000;04.05.2025;68608.15;190953.86;активна
CARD-100960;30.03.2025;мобильное приложение;Классический;Северо-Западный;50000,00;14.04.2025;14 489;47 824;Активна
CARD-101383;14.07.2025;Партнёр;Классический;Приволжский;500000,00;2025-07-22;169463,08;294 744;Активна
CARD-100468;16.06.2025;Сайт банка;Классический;Сибирский;300000.00;02.07.2025;145 101;351168.85;Активна
CARD-102294;04.07.2025;Отделение ;Зарплатный;Северо-Западный;100 000;04.07.2025;21627,44;35130.48;активна
CARD-100532;10.06.2025;Мобильный банк;Премиальный;Центральный;200000,00;18.06.2025;96 654;177563.30;Активна
CARD-100208;2025-08-01;сайт банка;Кэшбэк-максимум;Центральный;100 000;18.08.2025;12 804;32 217;Активна
CARD-100512;06.05.2025;Мобильный банк;Премиальный;Приволжский;50 000;;;0,00;Активна
CARD-101026;2025-07-01;мобильное приложение;Классический;Южный;200000.00;2025-07-22;36269.33;98278.28;Активна
CARD-100551;27.05.2025;Отделение ;Премиальный;Южный;100 000;28.05.2025;45243,75;90937.07;Активна
CARD-100192;12.06.2025;Партнерская сеть;Классический;Центральный;75000.00;20.06.2025;23176,10;57 586;Активна
CARD-102049;12.03.2025;мобильное приложение;Классический;Сибирский;200 000;01.04.2025;58762,90;163064,67;активна
CARD-101086;16.02.2025;партнёрская сеть;Кэшбэк-максимум;Центральный;200000,00;;0,00;;Заблокирована
CARD-101495;25.05.2025;Партнёрская сеть;Кэшбэк-максимум;Центральный;75000.00;19.06.2025;17909,59;39300.45;Активна
CARD-100417;19.03.2025;мобильное приложение;Кэшбэк-максимум;Северо-Западный;75000.00;16.04.2025;22 678;60624,03;Активна
CARD-101424;2025-07-28;партнёрская сеть;Зарплатный;Северо-Западный;75 000;2025-10-16;0;2 652;Активна
CARD-100418;25.04.2025;МП;Классический;Приволжский;75000.00;23.05.2025;10 705;34 131;Активна
CARD-101148;2025-06-28;МП;Зарплатный;Северо-Западный;200 000;13.07.2025;52556,38;94617,96;Активна
CARD-100652;14.06.2025;МП;Классический;Южный;300000,00;;;;Активна
CARD-101877;13.04.2025;сайт банка;Классический;Северо-Западный;300000,00;2025-05-03;97653,23;275857,10;Заблокирована
CARD-101747;15.04.2025;Мобильное приложение;Кэшбэк-максимум;Северо-Западный;150 000;04.05.2025;17733,89;33111.04;Активна
CARD-101974;28.07.2025;Сайт банка;Классический;Приволжский;100000,00;14.08.2025;30535.05;63725,53;Активна
CARD-102010;05.04.2025;Мобильное приложение;Классический;Южный;300 000;28.04.2025;148 981;407 008;Активна
CARD-101566;2025-01-30;Офис банка;Премиальный;Центральный;50000,00;;;;Активна
CARD-101210;2025-05-24;Отделение;Кэшбэк-максимум;Центральный;300 000;2025-06-04;60 123;190143.00;Активна
CARD-100424;22.02.2025;Веб-сайт;Классический;Северо-Западный;150000,00;;0,00;;Активна
CARD-102042;31.03.2025;Партнерская сеть;Классический;Сибирский;100 000;24.04.2025;51266,96;86 839;Заблокирована
CARD-100309;04.06.2025;Мобильное приложение;Классический;Южный;300000,00;29.06.2025;108 376;359525.59;Закрыта
CARD-100048;12.03.2025;Мобильное приложение;Классический;Сибирский;100000.00;08.04.2025;28763,17;79008,23;Закрыта
CARD-102301;2025-04-03;партнёрская сеть;Классический;Сибирский;100 000;01.05.2025;18024,76;41120,64;Активна
CARD-102249;06.02.2025;Партнерская сеть;Премиальный;Приволжский;50 000;;0,00;;Активна
CARD-101344;07.06.2025;сайт банка;Кэшбэк-максимум;Южный;500000,00;;0;;активна
CARD-101076;2025-06-05;Мобильное приложение;Классический;Центральный;75 000;30.07.2025;0,00;7464,87;Активна
CARD-101627;2025-01-14;МП;Зарплатный;Сибирский;500 000;2025-01-30;115 502;346 718;Активна
CARD-101656;18.05.2025;Сайт банка;Премиальный;Приволжский;200000.00;08.06.2025;100 694;174 423;Активна
CARD-101471;01.04.2025;МП;Классический;Северо-Западный;50000,00;;0,00;0,00;Активна
CARD-101012;01.06.2025;Отделение ;Премиальный;Центральный;200000.00;30.06.2025;22 260;47 826;активна
CARD-101049;21.03.2025;Мобильное приложение;Зарплатный;Центральный;50000,00;25.03.2025;19 775;51733.67;Активна
CARD-100398;05.04.2025;сайт банка;Классический;Приволжский;100000.00;14.04.2025;10144.22;25824.83;Активна
CARD-101509;07.02.2025;Офис банка;Премиальный;Приволжский;500 000;09.02.2025;149 946;370 877;Закрыта
CARD-101379;2025-03-29;Мобильное приложение;Зарплатный;Центральный;150000,00;17.04.2025;53500,18;103 021;Закрыта
CARD-100540;19.01.2025;партнёрская сеть;Премиальный;Приволжский;100 000;;0;0;Активна
CARD-101035;18.07.2025;Партнерская сеть;Классический;Центральный;75000,00;;0;0;Активна
CARD-102309;2025-06-15;Партнёр;Классический;Южный;200000.00;н/д;;0;Активна
CARD-101922;08.04.2025;Партнёрская сеть;Классический;Центральный;75000,00;н/д;0;0,00;Активна
CARD-100653;2025-07-28;МП;Классический;Сибирский;500 000;;0;;Активна
CARD-100126;31.07.2025;мобильное приложение;Кэшбэк-максимум;Северо-Западный;100000.00;21.08.2025;28 726;84 248;Закрыта
CARD-102127;09.02.2025;Сайт банка;Классический;Приволжский;200000.00;;;0,00;Закрыта
CARD-101006;2025-01-23;Партнерская сеть;Классический;Южный;500000,00;н/д;0;0,00;Активна
CARD-101594;2025-02-16;Офис банка;Кэшбэк-максимум;Центральный;300 000;07.03.2025;128 946;428 512;Активна
CARD-101474;23.05.2025;Сайт банка;Кэшбэк-максимум;Центральный;300 000;;0;0;Активна
CARD-100916;31.05.2025;отделение;Классический;Северо-Западный;50 000;н/д;0;0;Активна
CARD-101867;07.07.2025;Офис банка;Классический;Центральный;150000.00;2025-07-22;13 096;29 147;активна
CARD-101823;2025-05-11;Мобильное приложение;Кэшбэк-максимум;Центральный;150 000;19.07.2025;0,00;12661,32;Активна
CARD-100033;2025-06-27;мобильное приложение;Кэшбэк-максимум;Северо-Западный;50000,00;07.07.2025;14173,64;26431.10;активна
CARD-101116;2025-04-23;Отделение;Кэшбэк-максимум;Приволжский;500000,00;2025-04-30;212 369;528 186;Активна
CARD-100162;2025-06-21;мобильное приложение;Кэшбэк-максимум;Центральный;50 000;н/д;0,00;0,00;Активна
CARD-102169;27.04.2025;Партнерская сеть;Премиальный;Центральный;100000.00;;;0;Закрыта
CARD-101370;01.02.2025;Мобильный банк;Классический;Сибирский;200000,00;04.02.2025;89626,53;171 542;Активна
CARD-101031;2025-02-28;Отделение ;Зарплатный;Приволжский;150 000;12.03.2025;62 383;179 283;Активна
CARD-101138;23.02.2025;отделение;Классический;Южный;100000,00;24.03.2025;10 156;19 717;Активна
CARD-102204;02.03.2025;МП;Зарплатный;Приволжский;50 000;20.03.2025;8 209;13 151;Активна
CARD-100788;26.06.2025;ОТДЕЛЕНИЕ;Премиальный;Центральный;75000.00;;;0,00;Активна
CARD-101340;09.07.2025;Партнёр;Классический;Сибирский;300000,00;;0;0;активна
CARD-101169;09.03.2025;Офис банка;Зарплатный;Центральный;150 000;2025-04-06;16200.09;37 180;Активна
CARD-102140;22.05.2025;партнёрская сеть;Премиальный;Южный;300 000;08.06.2025;26 539;72 987;Активна
CARD-101444;2025-06-11;сайт банка;Классический;Приволжский;150 000;08.07.2025;37 656;77664,59;Активна
CARD-101003;21.02.2025;Сайт банка;Зарплатный;Южный;200000,00;2025-03-10;85 575;167 876;Активна
CARD-100105;12.05.2025;отделение;Зарплатный;Северо-Западный;100 000;2025-06-10;49 848;97482.59;Активна
CARD-100862;13.03.2025;мобильное приложение;Премиальный;Центральный;300000.00;н/д;0,00;0;Активна
CARD-100395;2025-02-15;Мобильный банк;Классический;Центральный;75000,00;28.02.2025;18 962;63018,64;активна
CARD-100047;25.02.2025;Мобильное приложение;Премиальный;Центральный;500 000;21.03.2025;237685,68;662484,68;Активна
CARD-102025;20.06.2025;МП;Классический;Сибирский;300 000;н/д;;0,00;Активна
CARD-100061;02.03.2025;ОТДЕЛЕНИЕ;Классический;Приволжский;200000,00;;0,00;0,00;Активна
CARD-100113;14.03.2025;отделение;Зарплатный;Южный;75 000;12.04.2025;35227.34;84 814;Активна
CARD-101925;2025-05-02;Сайт банка;Классический;Приволжский;100 000;н/д;0,00;0;Активна
CARD-101324;14.01.2025;Мобильный банк;Премиальный;Северо-Западный;75000.00;03.05.2025;0;13898,31;Активна
CARD-100768;18.01.2025;партнёрская сеть;Зарплатный;Центральный;150000,00;04.02.2025;27928,94;46166,89;Заблокирована
CARD-100905;18.07.2025;Мобильное приложение;Зарплатный;Южный;200000.00;26.07.2025;34 773;109699.50;Активна
CARD-102128;07.07.2025;Мобильное приложение;Зарплатный;Центральный;100000.00;20.07.2025;38 297;110930,58;Активна
CARD-101489;22.06.2025;партнёрская сеть;Классический;Южный;300000.00;2025-06-22;57 075;176 333;Заблокирована
CARD-101149;21.01.2025;Мобильный банк;Зарплатный;Приволжский;100000,00;2025-02-01;44 993;133621,74;Активна
CARD-102197;26.01.2025;Отделение ;Классический;Приволжский;100000,00;2025-02-07;53 225;170081.55;активна
CARD-100895;04.04.2025;Отделение ;Классический;Приволжский;300000.00;07.04.2025;60376,39;181 991;Активна
CARD-101954;25.06.2025;мобильное приложение;Классический;Центральный;50000.00;17.07.2025;15 907;54044.60;Активна
CARD-101592;23.04.2025;отделение;Классический;Приволжский;50 000;2025-05-01;14 626;26813,80;Активна
CARD-102325;01.07.2025;ОТДЕЛЕНИЕ;Зарплатный;Северо-Западный;50 000;02.07.2025;26357.79;58753.33;Активна
CARD-101435;06.02.2025;мобильное приложение;Классический;Приволжский;75000.00;2025-03-01;35565.60;118450,14;Заблокирована
CARD-100092;24.06.2025;ОТДЕЛЕНИЕ;Классический;Северо-Западный;500000,00;н/д;0,00;;Заблокирована
CARD-101572;29.01.2025;Мобильный банк;Премиальный;Центральный;50000,00;12.02.2025;5 105;14 716;Активна
CARD-100510;2025-02-12;Сайт банка;Кэшбэк-максимум;Приволжский;100000,00;26.02.2025;13 713;31093,00;Активна
CARD-101677;08.02.2025;Партнерская сеть;Кэшбэк-максимум;Центральный;100000,00;;;;Активна
CARD-102062;24.01.2025;Партнерская сеть;Классический;Сибирский;500000.00;2025-02-12;252480.76;527587.01;Заблокирована
CARD-101588;28.04.2025;Отделение ;Классический;Северо-Западный;75000,00;03.05.2025;27 616;92 316;Активна
CARD-101327;2025-06-03;партнёрская сеть;Классический;Центральный;75000,00;2025-06-14;22 390;37 052;Активна
CARD-101316;26.01.2025;мобильное приложение;Классический;Центральный;150000.00;27.01.2025;69 385;121 817;активна
CARD-101505;26.01.2025;Мобильный банк;Классический;Центральный;75 000;01.02.2025;22 128;54464,53;Активна
CARD-101767;30.01.2025;Сайт банка;Зарплатный;Северо-Западный;200000.00;н/д;0;0,00;Активна
CARD-101959;03.05.2025;Офис банка;Классический;Центральный;500000,00;;0;0;Активна
CARD-100834;02.05.2025;сайт банка;Классический;Приволжский;75 000;04.05.2025;39 018;111119,18;Активна
CARD-100167;25.03.2025;сайт банка;Зарплатный;Центральный;200000,00;2025-04-10;92 082;295254,14;Активна
CARD-101194;2025-04-07;Офис банка;Классический;Приволжский;500 000;26.04.2025;240003,74;670 125;Заблокирована
CARD-102280;2025-03-12;ОТДЕЛЕНИЕ;Классический;Приволжский;300000.00;18.03.2025;82 025;267307,32;Активна
CARD-102328;30.07.2025;Мобильный банк;Премиальный;Приволжский;75 000;23.08.2025;9 571;24933.64;Активна
CARD-101146;20.07.2025;мобильное приложение;Классический;Сибирский;150000,00;2025-08-10;62 970;102777.55;Закрыта
CARD-101285;26.06.2025;Отделение;Кэшбэк-максимум;Северо-Западный;200 000;06.07.2025;58307.91;105709,56;активна
CARD-100155;21.07.2025;отделение;Классический;Северо-Западный;300 000;2025-08-01;131 186;411 554;Закрыта
CARD-101859;30.05.2025;мобильное приложение;Классический;Центральный;100 000;26.06.2025;49 478;157513,45;Активна
CARD-100172;20.02.2025;Мобильное приложение;Премиальный;Северо-Западный;75000.00;21.03.2025;28543.71;64299.18;Активна
CARD-100054;02.04.2025;партнёрская сеть;Премиальный;Центральный;300000,00;;0,00;0,00;Заблокирована
CARD-100104;2025-02-24;Партнёр;Кэшбэк-максимум;Центральный;300000,00;17.03.2025;150 738;439123.24;Активна
CARD-102351;27.02.2025;мобильное приложение;Зарплатный;Северо-Западный;200000.00;н/д;0;;Активна
CARD-100331;21.01.2025;партнёрская сеть;Премиальный;Южный;150 000;н/д;0;0;Активна
CARD-101038;2025-02-16;Офис банка;Классический;Сибирский;150000,00;;0;0;активна
CARD-100984;20.07.2025;Веб-сайт;Премиальный;Приволжский;150000.00;;;;Закрыта
CARD-100339;20.06.2025;Мобильный банк;Зарплатный;Центральный;500000,00;2025-07-15;106508.18;236 174;Активна
CARD-101129;2025-05-12;Офис банка;Зарплатный;Южный;150000.00;25.05.2025;58838.09;189 476;Активна
CARD-101062;22.04.2025;Партнерская сеть;Зарплатный;Центральный;100000.00;;0,00;0,00;Заблокирована
CARD-101114;20.05.2025;МП;Зарплатный;Приволжский;200 000;12.06.2025;47786.15;114769,62;Активна
CARD-100537;28.04.2025;МП;Классический;Центральный;100000,00;23.05.2025;25079.30;41708,66;Активна
CARD-100008;07.04.2025;партнёрская сеть;Зарплатный;Центральный;50000,00;н/д;0,00;0,00;Активна
CARD-102227;27.06.2025;Веб-сайт;Классический;Сибирский;75 000;26.09.2025;0;2790.13;Активна
CARD-100341;2025-05-26;сайт банка;Зарплатный;Центральный;300000,00;05.09.2025;;29 075;Активна
CARD-101906;25.06.2025;Партнерская сеть;Классический;Южный;50 000;;0,00;0;Активна
CARD-100823;2025-04-29;ОТДЕЛЕНИЕ;Кэшбэк-максимум;Центральный;100 000;17.05.2025;19 862;44751,58;Активна
CARD-101463;2025-02-08;мобильное приложение;Кэшбэк-максимум;Южный;150000,00;12.02.2025;37 349;119038.88;Активна
CARD-100133;18.01.2025;сайт банка;Премиальный;Южный;200000.00;14.02.2025;96680.81;184 679;Активна
CARD-102229;02.05.2025;Мобильный банк;Зарплатный;Центральный;150 000;2025-05-09;13 724;31 918;Активна
CARD-101782;02.05.2025;Партнёр;Классический;Южный;50 000;21.05.2025;22453.93;51 083;Закрыта
CARD-101136;02.06.2025;Партнерская сеть;Зарплатный;Центральный;100 000;;0,00;;Активна
CARD-100065;14.02.2025;сайт банка;Классический;Центральный;200 000;27.02.2025;71540.55;157 751;Заблокирована
CARD-100661;29.06.2025;сайт банка;Премиальный;Сибирский;75000.00;;0,00;;Заблокирована
CARD-100695;14.05.2025;Отделение ;Классический;Сибирский;500000,00;н/д;;;Активна
CARD-100346;14.05.2025;Мобильное приложение;Кэшбэк-максимум;Центральный;150000.00;;0;;Активна
CARD-100569;04.03.2025;МП;Классический;Приволжский;500000.00;23.03.2025;218133.39;443 220;Активна
CARD-101401;21.05.2025;Партнёрская сеть;Классический;Приволжский;200000,00;19.06.2025;34 643;100129,82;Закрыта
CARD-100145;23.03.2025;Офис банка;Зарплатный;Северо-Западный;100 000;03.04.2025;18556.07;58755.80;Закрыта
CARD-100211;2025-04-16;ОТДЕЛЕНИЕ;Премиальный;Северо-Западный;100000.00;14.05.2025;38143.94;115 511;Заблокирована
CARD-100149;09.04.2025;Партнёрская сеть;Классический;Приволжский;50 000;н/д;0;;Активна
CARD-101328;03.02.2025;Отделение;Классический;Сибирский;75000.00;;0;0,00;Активна
CARD-101139;24.06.2025;Отделение;Классический;Северо-Западный;50000.00;2025-06-29;18 119;33995,43;Активна
CARD-100660;2025-03-20;ОТДЕЛЕНИЕ;Классический;Южный;500 000;;0;0,00;Активна
CARD-100207;09.02.2025;Сайт банка;Классический;Центральный;300000,00;26.02.2025;91483,06;251200.87;Активна
CARD-101406;20.06.2025;Мобильное приложение;Классический;Северо-Западный;50000,00;24.06.2025;13811,23;29799,93;Заблокирована
CARD-100074;2025-01-16;сайт банка;Зарплатный;Южный;75000.00;2025-01-23;10983.30;22564,63;Активна
CARD-100670;08.02.2025;мобильное приложение;Классический;Северо-Западный;75 000;2025-04-26;;5993,93;активна
CARD-100672;03.02.2025;Мобильное приложение;Классический;Северо-Западный;150000.00;27.02.2025;60060,02;136508.82;активна
CARD-100844;2025-02-07;Веб-сайт;Зарплатный;Южный;75000,00;;;;Активна
CARD-100708;01.06.2025;Мобильный банк;Зарплатный;Северо-Западный;150000,00;;;0,00;Активна
CARD-100724;19.07.2025;Мобильный банк;Кэшбэк-максимум;Центральный;150 000;2025-08-09;63661.20;160582.52;Активна
CARD-102369;08.02.2025;МП;Кэшбэк-максимум;Приволжский;50000.00;11.02.2025;24419.31;51 550;Активна
CARD-100937;01.04.2025;МП;Зарплатный;Приволжский;150000.00;23.04.2025;18298.01;32 938;Закрыта
CARD-100977;17.01.2025;Мобильный банк;Зарплатный;Центральный;200000.00;01.02.2025;90 753;208 778;Активна
CARD-101088;2025-07-01;отделение;Кэшбэк-максимум;Приволжский;200000,00;17.07.2025;34923.86;77038.21;Активна
CARD-100872;28.01.2025;сайт банка;Зарплатный;Приволжский;500000.00;2025-02-18;266794.83;427 399;Активна
CARD-100674;08.07.2025;Мобильный банк;Классический;Центральный;500000,00;01.08.2025;190 514;424 614;Активна
CARD-101185;2025-04-22;Партнёрская сеть;Премиальный;Южный;200 000;24.04.2025;80114.72;223 554;активна
CARD-100940;2025-05-21;МП;Зарплатный;Центральный;50 000;2025-06-02;5609,49;13520,43;Активна
CARD-101797;2025-07-24;ОТДЕЛЕНИЕ;Классический;Южный;75000,00;;;0;Активна
CARD-100357;2025-04-29;Мобильное приложение;Кэшбэк-максимум;Южный;75000.00;27.05.2025;22 844;63 648;Активна
CARD-102320;2025-06-16;Мобильное приложение;Классический;Северо-Западный;75 000;20.06.2025;13552,44;38 778;активна
CARD-102074;09.02.2025;Мобильный банк;Премиальный;Северо-Западный;500 000;06.03.2025;45858,72;115093.99;Активна
CARD-100556;22.02.2025;Офис банка;Зарплатный;Приволжский;200000,00;2025-02-25;18396,03;43625,07;Активна
CARD-101002;27.02.2025;ОТДЕЛЕНИЕ;Классический;Центральный;150000.00;07.03.2025;72 520;161445,13;Активна
CARD-101846;14.03.2025;Офис банка;Классический;Приволжский;150 000;29.03.2025;36 970;95563.53;Активна
CARD-101291;23.02.2025;Мобильный банк;Классический;Южный;300000.00;21.03.2025;36206.33;103 795;Активна
CARD-101501;04.07.2025;Отделение;Зарплатный;Приволжский;50000.00;24.07.2025;12 969;33774,05;Активна
CARD-101958;13.01.2025;сайт банка;Классический;Центральный;300000,00;2025-01-25;25 170;50 886;Заблокирована
CARD-100573;21.07.2025;партнёрская сеть;Классический;Сибирский;500 000;24.07.2025;67 451;205793.22;Активна
CARD-100727;06.07.2025;Партнёр;Кэшбэк-максимум;Центральный;100000,00;;0;0,00;Активна
CARD-101319;2025-07-09;Партнерская сеть;Зарплатный;Центральный;100 000;15.07.2025;50 074;130746.13;Активна
CARD-101082;2025-01-26;Мобильное приложение;Классический;Северо-Западный;100 000;2025-02-17;9618.44;23035.21;Активна
CARD-102131;2025-07-14;Веб-сайт;Классический;Северо-Западный;50 000;н/д;0;0,00;Заблокирована
CARD-100520;02.07.2025;Отделение ;Кэшбэк-максимум;Северо-Западный;50 000;21.07.2025;4118.29;8 693;Заблокирована
CARD-101255;02.06.2025;Веб-сайт;Премиальный;Центральный;50 000;;0,00;0,00;Активна
CARD-100611;12.05.2025;Мобильный банк;Премиальный;Северо-Западный;50000,00;2025-06-04;24 873;58 549;Активна
CARD-101693;2025-05-11;Отделение ;Зарплатный;Южный;500000.00;03.06.2025;135216,03;299 094;Активна
CARD-101313;10.07.2025;Отделение ;Классический;Центральный;100000,00;04.10.2025;;8 327;Активна
CARD-101928;01.02.2025;Отделение;Зарплатный;Южный;300000,00;н/д;0;;Активна
CARD-102236;2025-08-01;сайт банка;Классический;Сибирский;150 000;29.10.2025;;26938.22;Закрыта
CARD-102036;2025-05-15;МП;Зарплатный;Южный;150 000;2025-06-05;69617,23;144 679;Активна
CARD-100268;21.07.2025;Отделение ;Классический;Центральный;50 000;;0,00;0,00;Активна
CARD-102091;21.01.2025;МП;Кэшбэк-максимум;Приволжский;75000,00;25.01.2025;12 953;37519,86;активна
CARD-100212;18.05.2025;отделение;Зарплатный;Центральный;150000,00;05.06.2025;34248,38;103189,83;Заблокирована
CARD-102021;17.03.2025;партнёрская сеть;Кэшбэк-максимум;Сибирский;500000.00;2025-07-06;0;25 160;Активна
CARD-101951;24.07.2025;Партнёрская сеть;Премиальный;Северо-Западный;200000,00;26.07.2025;82713,47;176877,23;Активна
CARD-102138;15.01.2025;Офис банка;Классический;Сибирский;50 000;2025-02-10;7 707;23 208;активна
CARD-100089;2025-06-15;Сайт банка;Классический;Северо-Западный;200 000;н/д;0,00;;Активна
CARD-101581;2025-03-01;ОТДЕЛЕНИЕ;Кэшбэк-максимум;Центральный;50 000;11.03.2025;4060.79;10887.33;Активна
CARD-101374;18.01.2025;Мобильное приложение;Классический;Приволжский;500 000;;;;активна
CARD-100347;19.01.2025;ОТДЕЛЕНИЕ;Классический;Сибирский;75000.00;06.02.2025;34 020;86534.01;Активна
CARD-100241;2025-07-05;Партнёрская сеть;Зарплатный;Южный;300 000;;0;;активна
CARD-102314;05.05.2025;сайт банка;Зарплатный;Северо-Западный;100 000;;0,00;0,00;Активна
CARD-101916;14.05.2025;Офис банка;Кэшбэк-максимум;Южный;500000,00;14.05.2025;94 847;224596,64;Заблокирована
CARD-101491;25.05.2025;МП;Классический;Южный;200000,00;;0;;Активна
CARD-100696;2025-01-25;Отделение ;Премиальный;Приволжский;300000.00;06.02.2025;128433,73;290 419;Активна
CARD-102134;19.01.2025;сайт банка;Зарплатный;Центральный;75 000;23.02.2025;;5 879;Активна
CARD-100972;24.01.2025;Веб-сайт;Кэшбэк-максимум;Центральный;500000,00;;0;0,00;Активна
CARD-101765;26.04.2025;Партнерская сеть;Классический;Центральный;500 000;н/д;;;Закрыта
CARD-100913;07.03.2025;Отделение;Классический;Центральный;500000,00;;0;0;Активна
CARD-101233;13.06.2025;ОТДЕЛЕНИЕ;Кэшбэк-максимум;Центральный;150000.00;;0,00;0,00;Активна
CARD-101613;10.07.2025;ОТДЕЛЕНИЕ;Классический;Центральный;150000.00;н/д;0;0,00;Активна
CARD-100327;2025-02-02;Офис банка;Зарплатный;Сибирский;300 000;07.02.2025;42 643;131 222;Активна
CARD-102222;18.02.2025;Партнёр;Премиальный;Северо-Западный;200000,00;31.03.2025;0,00;37185,61;активна
CARD-100259;2025-04-14;ОТДЕЛЕНИЕ;Классический;Центральный;75 000;2025-04-26;18 703;42 408;Активна
CARD-100922;11.03.2025;мобильное приложение;Премиальный;Северо-Западный;100000.00;11.03.2025;32 754;95469.73;Активна
CARD-100740;2025-01-24;Партнерская сеть;Классический;Приволжский;75000.00;;0,00;0,00;Активна
CARD-101734;05.03.2025;Отделение ;Классический;Южный;75000,00;13.04.2025;;8756,04;Активна
CARD-100362;13.01.2025;мобильное приложение;Премиальный;Северо-Западный;200000,00;н/д;;0;активна
CARD-100427;2025-01-31;мобильное приложение;Классический;Центральный;100 000;20.02.2025;14411.17;46386,45;Активна
CARD-101683;18.05.2025;Отделение;Кэшбэк-максимум;Приволжский;75000,00;н/д;0,00;;Заблокирована
CARD-101182;26.04.2025;сайт банка;Кэшбэк-максимум;Приволжский;50000,00;10.05.2025;20350,40;60892,89;активна
CARD-100954;11.05.2025;Партнёрская сеть;Зарплатный;Северо-Западный;150000,00;2025-06-05;61 205;190 735;Активна
CARD-100650;17.03.2025;МП;Классический;Приволжский;300000.00;04.04.2025;48353,93;161527.29;Заблокирована
CARD-101397;16.07.2025;сайт банка;Классический;Сибирский;200000.00;2025-07-19;49612,06;146 568;Заблокирована
CARD-101095;09.02.2025;Сайт банка;Классический;Приволжский;75000,00;н/д;0;0,00;Активна
CARD-100143;16.07.2025;Партнерская сеть;Кэшбэк-максимум;Южный;50000,00;06.08.2025;16251,93;47847,67;Активна
CARD-100644;15.04.2025;сайт банка;Зарплатный;Южный;100 000;12.05.2025;43 991;135253.65;Заблокирована
CARD-102226;2025-03-19;Партнёрская сеть;Зарплатный;Южный;150000,00;;0;0;Заблокирована
CARD-101646;26.06.2025;МП;Классический;Северо-Западный;150000,00;24.07.2025;46024,55;96 242;Активна
CARD-100272;17.06.2025;отделение;Премиальный;Сибирский;100 000;29.06.2025;14505.29;35 338;Активна
CARD-102296;16.01.2025;Офис банка;Классический;Северо-Западный;500000,00;16.01.2025;244913.34;633032,23;Заблокирована
CARD-101085;29.06.2025;Офис банка;Классический;Северо-Западный;100000,00;2025-07-08;24929,86;51492,25;Активна
CARD-100822;05.07.2025;МП;Премиальный;Северо-Западный;75000.00;11.07.2025;30312,77;88 234;Активна
CARD-101346;19.03.2025;сайт банка;Классический;Центральный;150000,00;30.03.2025;57 095;132719,58;Активна
CARD-100864;2025-01-28;Партнёр;Классический;Центральный;150 000;;0;;Заблокирована
CARD-100307;14.04.2025;Отделение ;Классический;Южный;150 000;2025-05-06;59 559;115 978;активна
CARD-100692;04.03.2025;мобильное приложение;Классический;Сибирский;100000,00;30.03.2025;36777,14;73 407;активна
CARD-100036;07.03.2025;Мобильный банк;Зарплатный;Центральный;300000,00;2025-03-11;137617,93;407 850;Активна
CARD-101966;2025-05-19;сайт банка;Классический;Центральный;100000.00;27.05.2025;18 738;44980.61;Закрыта
CARD-100410;2025-07-08;Веб-сайт;Классический;Северо-Западный;300000,00;;0,00;;Активна
CARD-100359;08.02.2025;МП;Зарплатный;Приволжский;300000.00;2025-02-28;148883,65;255898,98;Активна
CARD-100795;07.04.2025;Партнерская сеть;Зарплатный;Южный;75000.00;;0;0,00;Активна
CARD-102349;2025-06-08;отделение;Зарплатный;Сибирский;75 000;11.06.2025;30 756;78427,14;Активна
CARD-101183;08.02.2025;Партнерская сеть;Премиальный;Приволжский;150 000;;;0,00;активна
CARD-101441;2025-03-26;Веб-сайт;Классический;Приволжский;100 000;02.04.2025;39042,55;70 205;Закрыта
CARD-101398;2025-01-25;Мобильный банк;Зарплатный;Южный;75 000;16.02.2025;22690.16;65 659;Активна
CARD-100882;03.05.2025;Офис банка;Классический;Центральный;150000,00;05.05.2025;69 885;142391,20;Заблокирована
CARD-100825;07.06.2025;ОТДЕЛЕНИЕ;Классический;Сибирский;300000,00;2025-06-18;61 693;128660.54;Активна
CARD-100024;16.01.2025;отделение;Кэшбэк-максимум;Центральный;150 000;;0,00;0;Активна
CARD-100132;14.03.2025;Отделение ;Премиальный;Северо-Западный;150000.00;16.03.2025;17 704;45923,14;Активна
CARD-102290;07.02.2025;Отделение ;Зарплатный;Южный;300 000;2025-02-26;112 398;270 750;Активна
CARD-101381;30.01.2025;МП;Кэшбэк-максимум;Приволжский;50000.00;;0,00;;Активна
CARD-101757;06.05.2025;ОТДЕЛЕНИЕ;Классический;Центральный;75000,00;2025-05-17;23878,28;75 462;Активна
CARD-101584;19.05.2025;Веб-сайт;Классический;Центральный;200 000;22.05.2025;108 361;248 136;Активна
CARD-101841;2025-07-07;Веб-сайт;Премиальный;Сибирский;100000.00;н/д;;;Активна
CARD-101805;28.02.2025;Партнёрская сеть;Классический;Сибирский;50 000;;;;Активна
CARD-100932;16.07.2025;Мобильный банк;Зарплатный;Приволжский;300000.00;21.07.2025;86602.14;151 467;Заблокирована
CARD-101408;15.04.2025;отделение;Зарплатный;Северо-Западный;500000.00;17.04.2025;121740.00;285626.10;Активна
CARD-100043;21.02.2025;партнёрская сеть;Классический;Приволжский;50000,00;;0,00;;Активна
CARD-101743;21.03.2025;ОТДЕЛЕНИЕ;Кэшбэк-максимум;Южный;200000.00;;;;Активна
CARD-100807;01.04.2025;мобильное приложение;Зарплатный;Сибирский;100000,00;07.04.2025;24855,27;50736,76;Закрыта
CARD-102225;02.07.2025;Мобильный банк;Зарплатный;Северо-Западный;150 000;2025-07-11;57224,92;115 357;Активна
CARD-100400;18.01.2025;Сайт банка;Классический;Сибирский;150000.00;2025-01-30;31331,95;96 335;Закрыта
CARD-101051;03.03.2025;сайт банка;Классический;Сибирский;100000,00;29.04.2025;0,00;4 357;Активна
CARD-101917;2025-03-21;сайт банка;Зарплатный;Центральный;50 000;19.04.2025;17347,65;54 460;активна
CARD-101668;08.07.2025;Мобильный банк;Кэшбэк-максимум;Южный;100000.00;30.09.2025;0;10269.03;Активна
CARD-102386;12.03.2025;Отделение;Зарплатный;Сибирский;75 000;2025-04-05;17 650;44 784;Активна
CARD-102371;12.07.2025;Партнёрская сеть;Классический;Сибирский;75000,00;;;0;Активна
CARD-100073;2025-06-26;Веб-сайт;Кэшбэк-максимум;Южный;500000,00;;;;Заблокирована
CARD-102072;2025-06-27;Партнёрская сеть;Классический;Центральный;75000,00;н/д;0,00;0,00;Активна
CARD-101644;30.05.2025;мобильное приложение;Классический;Южный;150000,00;06.06.2025;15225.68;30 251;Закрыта
CARD-100566;15.06.2025;Мобильное приложение;Премиальный;Южный;200000.00;2025-07-13;32 311;69339,45;Активна
CARD-100793;16.02.2025;МП;Премиальный;Приволжский;75000,00;2025-04-04;0;12437.24;Активна
CARD-100385;23.07.2025;Мобильное приложение;Зарплатный;Приволжский;500 000;10.08.2025;256128.92;800549.43;Активна
CARD-101454;2025-06-21;ОТДЕЛЕНИЕ;Зарплатный;Северо-Западный;500000,00;2025-07-14;47 859;82 157;Активна
CARD-101128;2025-02-05;ОТДЕЛЕНИЕ;Кэшбэк-максимум;Центральный;75 000;28.02.2025;18242.92;51699.64;Активна
CARD-100995;2025-06-30;Сайт банка;Премиальный;Центральный;150000,00;21.07.2025;47298.19;138 005;активна
CARD-100097;07.07.2025;ОТДЕЛЕНИЕ;Зарплатный;Сибирский;150000,00;2025-07-13;51161.45;122 219;Активна
CARD-101769;28.05.2025;сайт банка;Зарплатный;Центральный;200000,00;29.05.2025;67669.49;115138.92;активна
CARD-101388;08.05.2025;Мобильный банк;Кэшбэк-максимум;Центральный;150 000;24.05.2025;75 681;147025,04;Активна
CARD-102356;01.03.2025;мобильное приложение;Классический;Сибирский;150 000;22.06.2025;0,00;10359.23;Активна
CARD-100338;14.04.2025;Мобильное приложение;Зарплатный;Сибирский;75 000;20.04.2025;24 502;43541.98;Активна
CARD-101315;23.01.2025;Отделение;Классический;Центральный;100000.00;16.02.2025;16 171;35094,70;Активна
CARD-102269;03.03.2025;Партнёр;Зарплатный;Приволжский;150000,00;28.06.2025;0,00;24 671;активна
CARD-102347;2025-02-12;Офис банка;Премиальный;Северо-Западный;200000,00;25.02.2025;76662.20;230 201;Активна
CARD-100614;10.06.2025;Веб-сайт;Кэшбэк-максимум;Северо-Западный;150000,00;;0;0;Активна
CARD-101692;14.02.2025;Партнёр;Классический;Центральный;100 000;22.02.2025;22046,33;44 943;Активна
CARD-101445;28.03.2025;МП;Кэшбэк-максимум;Приволжский;100 000;2025-04-06;42397.65;106738,49;Закрыта
CARD-102139;2025-04-24;отделение;Зарплатный;Центральный;300000,00;28.04.2025;31 298;104 180;Активна
CARD-100803;2025-06-19;Веб-сайт;Классический;Северо-Западный;75000,00;22.06.2025;13153.89;30063,77;Активна
CARD-102142;09.02.2025;ОТДЕЛЕНИЕ;Классический;Центральный;200000.00;2025-03-10;19288,06;59883.74;Активна
CARD-101044;30.04.2025;Мобильный банк;Зарплатный;Южный;200 000;2025-05-18;29967.86;48965,77;Активна
CARD-101442;09.06.2025;Мобильный банк;Кэшбэк-максимум;Приволжский;75 000;;0;0;активна
CARD-100388;16.01.2025;Мобильное приложение;Классический;Сибирский;500000,00;21.01.2025;52 704;101224,84;Заблокирована
CARD-100970;22.06.2025;ОТДЕЛЕНИЕ;Премиальный;Приволжский;150000,00;н/д;0,00;0;Активна
CARD-102108;2025-04-21;Сайт банка;Кэшбэк-максимум;Приволжский;300000,00;;;0;Активна
CARD-102149;28.05.2025;ОТДЕЛЕНИЕ;Кэшбэк-максимум;Центральный;500000.00;06.06.2025;98 230;331 067;Активна
CARD-101331;21.04.2025;Партнёр;Зарплатный;Центральный;500 000;н/д;0,00;0;Активна
CARD-102268;07.03.2025;отделение;Классический;Северо-Западный;500 000;18.03.2025;115958,20;312356,95;Заблокирована
CARD-100927;10.05.2025;Сайт банка;Кэшбэк-максимум;Южный;50000.00;2025-06-14;;2 357;Активна
CARD-101589;2025-03-26;отделение;Кэшбэк-максимум;Приволжский;150000,00;;0;;Активна
CARD-102121;2025-02-26;Отделение;Зарплатный;Центральный;200000,00;24.03.2025;48513,82;138 387;Заблокирована
CARD-102246;03.03.2025;Веб-сайт;Зарплатный;Центральный;150 000;27.03.2025;16638.95;41763.50;Активна
CARD-101221;2025-02-07;Отделение;Премиальный;Центральный;300000,00;2025-02-24;49 451;148707.95;Активна
CARD-100714;08.03.2025;Партнёрская сеть;Кэшбэк-максимум;Центральный;200 000;;0;0,00;Активна
CARD-102329;2025-02-22;Сайт банка;Кэшбэк-максимум;Центральный;50 000;н/д;;0,00;Активна
CARD-101119;2025-07-16;Партнерская сеть;Премиальный;Сибирский;50 000;;;0,00;Заблокирована
CARD-100372;09.03.2025;ОТДЕЛЕНИЕ;Зарплатный;Приволжский;100000,00;2025-03-17;24 097;71 317;Активна
CARD-102205;29.05.2025;Партнёрская сеть;Классический;Центральный;75 000;14.06.2025;39747.59;121507,51;Активна
CARD-101024;08.04.2025;МП;Классический;Центральный;500 000;20.04.2025;116 363;230 782;активна
CARD-100871;24.07.2025;Мобильный банк;Зарплатный;Приволжский;75000,00;2025-09-19;;14 704;Активна
CARD-100002;30.01.2025;отделение;Классический;Приволжский;50000,00;22.02.2025;13 392;34 142;Активна
CARD-101975;2025-07-06;ОТДЕЛЕНИЕ;Зарплатный;Южный;75000.00;07.07.2025;20142.49;50870,75;Активна
CARD-101478;14.04.2025;ОТДЕЛЕНИЕ;Зарплатный;Сибирский;500 000;08.05.2025;248911,44;497 849;Активна
CARD-102033;22.02.2025;ОТДЕЛЕНИЕ;Зарплатный;Центральный;75 000;2025-03-02;39 417;109936.66;Активна
CARD-101336;22.05.2025;Офис банка;Премиальный;Центральный;50000.00;06.06.2025;18 882;31 945;Заблокирована
CARD-102183;2025-07-26;Мобильный банк;Классический;Центральный;50 000;2025-08-02;24671.57;47211.81;активна
CARD-100779;25.06.2025;Партнерская сеть;Классический;Приволжский;200 000;29.08.2025;0;26 812;Заблокирована
CARD-102007;15.04.2025;Мобильный банк;Премиальный;Северо-Западный;100 000;02.05.2025;48 230;152 678;Активна
CARD-102132;17.07.2025;МП;Зарплатный;Сибирский;150 000;25.07.2025;18 494;42 793;Активна
CARD-101393;04.02.2025;партнёрская сеть;Кэшбэк-максимум;Приволжский;150 000;;0,00;0;Активна
CARD-101185;2025-04-22;Партнёрская сеть;Премиальный;Южный;200 000;24.04.2025;80114.72;223 554;активна
CARD-102323;2025-06-04;партнёрская сеть;Классический;Центральный;100000,00;;;;Активна
CARD-100310;03.06.2025;Мобильное приложение;Классический;Приволжский;75000,00;27.06.2025;7302,30;14 763;Активна
CARD-101367;14.04.2025;отделение;Зарплатный;Южный;100000,00;н/д;0;0;Активна
CARD-100251;14.01.2025;сайт банка;Кэшбэк-максимум;Южный;200000,00;;0;0,00;Активна
CARD-101305;25.07.2025;Партнёрская сеть;Классический;Сибирский;75 000;10.09.2025;0;13 578;Активна
CARD-101738;07.05.2025;отделение;Кэшбэк-максимум;Сибирский;75000.00;11.05.2025;30204,25;59 499;Активна
CARD-100638;2025-03-08;партнёрская сеть;Кэшбэк-максимум;Северо-Западный;200 000;;0;;активна
CARD-100076;02.06.2025;отделение;Зарплатный;Центральный;200 000;30.06.2025;58118.72;184834,20;Заблокирована
CARD-101936;14.01.2025;отделение;Кэшбэк-максимум;Северо-Западный;200000,00;09.02.2025;72884,78;228 356;Активна
CARD-101512;08.02.2025;Офис банка;Классический;Северо-Западный;200000,00;27.02.2025;29 764;96238,33;активна
CARD-100308;17.01.2025;Мобильный банк;Классический;Приволжский;300000,00;05.02.2025;138459,62;442806,73;Активна
CARD-100142;28.04.2025;Партнёрская сеть;Зарплатный;Центральный;150 000;;0,00;;Активна
CARD-100288;10.04.2025;МП;Классический;Сибирский;50 000;05.05.2025;9317.09;19375,10;Активна
CARD-101524;21.05.2025;Мобильный банк;Классический;Северо-Западный;300000,00;2025-05-23;90209,31;218 525;активна
CARD-100430;18.03.2025;Партнерская сеть;Классический;Северо-Западный;200 000;;0;0;Активна
CARD-100979;2025-03-04;ОТДЕЛЕНИЕ;Классический;Северо-Западный;200 000;16.06.2025;0,00;39990.04;Активна
CARD-101869;2025-07-22;Мобильный банк;Классический;Южный;75 000;15.08.2025;33 391;67 106;Активна
CARD-102291;2025-07-22;отделение;Зарплатный;Южный;50 000;;;0;Активна
CARD-100653;2025-07-28;МП;Классический;Сибирский;500 000;;0;;Активна
CARD-101609;2025-05-02;Мобильное приложение;Классический;Центральный;50000,00;;;;Активна
CARD-100384;19.06.2025;Офис банка;Классический;Центральный;300000.00;2025-09-02;0;56467.87;Активна
CARD-100853;2025-06-18;Офис банка;Зарплатный;Центральный;500000,00;2025-07-01;182772,19;568333.24;активна
CARD-102243;2025-03-21;Веб-сайт;Зарплатный;Приволжский;500000.00;2025-04-07;87868.08;278962,33;Активна
CARD-100415;11.03.2025;Офис банка;Зарплатный;Северо-Западный;150000,00;26.03.2025;26279.21;42048,99;Активна
CARD-101711;03.05.2025;Партнерская сеть;Кэшбэк-максимум;Северо-Западный;150 000;н/д;;0;Закрыта
CARD-101681;04.03.2025;Партнерская сеть;Классический;Южный;500 000;2025-06-03;;64 881;активна
CARD-100128;2025-06-08;мобильное приложение;Премиальный;Приволжский;500 000;2025-06-23;43592,45;94305.08;Активна
CARD-101631;23.01.2025;Мобильный банк;Классический;Южный;300 000;27.01.2025;51096.15;150 783;активна
CARD-100738;2025-05-18;Мобильный банк;Зарплатный;Сибирский;300000.00;;0,00;0;Активна
CARD-102244;2025-06-15;сайт банка;Классический;Северо-Западный;75000,00;12.07.2025;21 741;55 218;Активна
CARD-101728;29.06.2025;Сайт банка;Кэшбэк-максимум;Сибирский;50000,00;н/д;0,00;;Активна
CARD-100314;13.06.2025;Офис банка;Классический;Северо-Западный;50000.00;2025-08-03;;7342,59;активна
CARD-100414;2025-03-27;Мобильный банк;Классический;Центральный;50000,00;02.04.2025;22 920;67483.22;активна
CARD-101533;24.06.2025;отделение;Зарплатный;Центральный;300000,00;16.07.2025;72264.45;203 663;Активна
CARD-101763;10.04.2025;Отделение ;Кэшбэк-максимум;Сибирский;300 000;;;;Активна
CARD-100441;15.02.2025;Мобильное приложение;Классический;Северо-Западный;500000.00;12.03.2025;92645,69;269401,91;Заблокирована
CARD-101900;2025-03-05;Отделение ;Зарплатный;Приволжский;200 000;31.03.2025;65 018;173 517;Активна
CARD-101965;2025-04-19;ОТДЕЛЕНИЕ;Зарплатный;Северо-Западный;500000,00;19.04.2025;58 140;160050,50;активна
CARD-101934;2025-05-31;Партнёр;Классический;Приволжский;200000.00;;0;0;активна
CARD-100833;28.07.2025;Веб-сайт;Классический;Сибирский;100 000;2025-10-06;0;14893,77;Активна
CARD-101052;24.06.2025;Отделение;Зарплатный;Южный;200 000;;0;0,00;Активна
CARD-102322;17.01.2025;Партнерская сеть;Классический;Сибирский;300000,00;23.01.2025;49111,41;154691,73;Закрыта
CARD-102391;04.03.2025;сайт банка;Зарплатный;Центральный;75 000;2025-04-20;0;7829,08;Активна
CARD-100367;14.05.2025;Отделение ;Классический;Сибирский;50 000;;0;0,00;Активна
CARD-101132;13.06.2025;отделение;Классический;Центральный;200 000;05.10.2025;0,00;14870,56;Заблокирована
CARD-100753;2025-02-04;Отделение ;Кэшбэк-максимум;Центральный;100000,00;;;;Активна
CARD-101341;26.05.2025;сайт банка;Классический;Центральный;300000,00;н/д;0;0;Закрыта
CARD-100507;23.03.2025;Отделение;Классический;Центральный;150000.00;2025-04-02;51840.40;123210,04;Активна
CARD-101292;19.01.2025;Веб-сайт;Премиальный;Сибирский;300000,00;23.01.2025;144 993;410 325;Активна
CARD-101196;18.03.2025;Мобильный банк;Премиальный;Приволжский;300000.00;2025-04-10;118 283;194640.54;Активна
CARD-100683;25.01.2025;ОТДЕЛЕНИЕ;Классический;Центральный;100000,00;н/д;;;Активна
CARD-101809;06.04.2025;Отделение;Зарплатный;Южный;75000.00;08.04.2025;10517.24;30 823;Активна
CARD-100849;20.02.2025;Партнерская сеть;Кэшбэк-максимум;Приволжский;75000.00;;0,00;0,00;Активна
CARD-101189;16.02.2025;партнёрская сеть;Классический;Центральный;300000.00;20.02.2025;116 011;319 396;Активна
CARD-101104;21.02.2025;отделение;Зарплатный;Центральный;75000,00;24.02.2025;21542,41;51 200;Активна
CARD-102115;16.02.2025;Отделение;Классический;Южный;500 000;28.02.2025;69896.95;166014,31;Активна
CARD-100832;25.02.2025;МП;Классический;Центральный;100 000;14.03.2025;44112,49;135332,12;активна
CARD-102163;22.01.2025;мобильное приложение;Кэшбэк-максимум;Северо-Западный;150000.00;28.01.2025;36 866;71 408;Закрыта
CARD-101875;2025-03-28;партнёрская сеть;Зарплатный;Южный;200 000;23.04.2025;39 640;116 532;Активна
CARD-100250;22.06.2025;мобильное приложение;Зарплатный;Приволжский;75000.00;06.07.2025;36 885;64 104;Активна
CARD-100304;25.03.2025;Отделение;Зарплатный;Сибирский;500000,00;2025-04-23;153113,00;480203,58;Закрыта
CARD-100360;29.03.2025;Веб-сайт;Классический;Сибирский;300000,00;;0;;Активна
CARD-101682;2025-02-13;сайт банка;Классический;Южный;75000.00;;;0;Активна
CARD-100599;24.04.2025;сайт банка;Классический;Приволжский;200000.00;;0,00;;Активна
CARD-101660;14.05.2025;Мобильный банк;Классический;Южный;50 000;;;0,00;Активна
CARD-101552;2025-03-05;Партнерская сеть;Кэшбэк-максимум;Центральный;50000.00;19.03.2025;12049,46;24472,26;Активна
CARD-101382;26.05.2025;сайт банка;Классический;Северо-Западный;200 000;н/д;0;0;Заблокирована
CARD-101547;2025-03-10;Мобильный банк;Классический;Северо-Западный;500000.00;29.03.2025;173134,96;427396.46;активна
CARD-102344;2025-07-26;партнёрская сеть;Классический;Приволжский;300 000;05.08.2025;68929,93;223610.93;Активна
CARD-100582;07.06.2025;отделение;Премиальный;Северо-Западный;300000,00;2025-06-07;27517.49;85931,21;Активна
CARD-100681;2025-02-03;Партнёр;Зарплатный;Сибирский;500 000;13.02.2025;92456.14;184176.60;Активна
CARD-102228;10.05.2025;Мобильный банк;Премиальный;Центральный;75 000;2025-05-25;26379.00;55936,53;Активна
CARD-101905;2025-06-01;отделение;Классический;Приволжский;50 000;2025-06-14;13 958;46043.17;активна
CARD-101597;16.06.2025;ОТДЕЛЕНИЕ;Классический;Южный;200 000;30.06.2025;32 682;77573.35;Заблокирована
CARD-100046;2025-03-06;ОТДЕЛЕНИЕ;Зарплатный;Сибирский;150000,00;;0;0;Активна
CARD-100223;28.06.2025;Мобильный банк;Кэшбэк-максимум;Сибирский;200 000;;;0,00;Активна
CARD-100595;13.05.2025;сайт банка;Зарплатный;Южный;500 000;2025-05-15;216 204;719791,00;Активна
CARD-101582;05.03.2025;Партнёрская сеть;Кэшбэк-максимум;Северо-Западный;50 000;;;;активна
CARD-101351;18.04.2025;Партнёрская сеть;Зарплатный;Центральный;150000,00;2025-08-04;0,00;7753.58;Заблокирована
CARD-100429;2025-03-18;Отделение ;Классический;Сибирский;75 000;07.06.2025;0;14 194;Активна
CARD-102201;02.06.2025;МП;Классический;Центральный;75000,00;07.06.2025;17526.58;38 421;Активна
CARD-100271;29.04.2025;партнёрская сеть;Кэшбэк-максимум;Северо-Западный;300000.00;14.05.2025;116 497;188 466;Активна
CARD-100484;22.01.2025;отделение;Классический;Приволжский;500000.00;2025-02-08;138862,60;299896,70;Активна
CARD-101516;11.03.2025;МП;Премиальный;Приволжский;200000,00;13.03.2025;48 274;94281.35;Активна
CARD-100628;15.05.2025;Сайт банка;Зарплатный;Центральный;75 000;11.06.2025;39 536;121975,83;Активна
CARD-101295;2025-06-21;МП;Кэшбэк-максимум;Южный;300 000;2025-07-16;95 913;190 080;Активна
CARD-101585;30.07.2025;Веб-сайт;Кэшбэк-максимум;Южный;150000.00;н/д;;0;Активна
CARD-101345;2025-06-17;Офис банка;Классический;Сибирский;300 000;2025-06-24;106291,18;218 986;Закрыта
CARD-101568;17.02.2025;Мобильное приложение;Кэшбэк-максимум;Приволжский;50000.00;09.03.2025;22 726;52959,55;Активна
CARD-100830;09.03.2025;партнёрская сеть;Классический;Северо-Западный;50 000;06.05.2025;0,00;3744,70;Активна
CARD-101562;2025-02-15;Партнерская сеть;Классический;Центральный;500000.00;2025-02-21;228 396;634 338;Активна
CARD-102339;27.03.2025;Веб-сайт;Премиальный;Центральный;150000.00;15.07.2025;0;6701,51;активна
CARD-102083;02.06.2025;Отделение ;Классический;Центральный;500000.00;24.06.2025;80212.07;163 748;Активна
CARD-100713;22.06.2025;Мобильное приложение;Классический;Северо-Западный;150000.00;23.06.2025;67198,69;203516.62;Активна
CARD-101227;21.06.2025;Офис банка;Кэшбэк-максимум;Южный;75000,00;10.07.2025;36719.13;70 250;Активна
CARD-100057;20.02.2025;МП;Классический;Центральный;100 000;2025-03-05;43029,82;98 339;Активна
CARD-100602;08.03.2025;Отделение ;Зарплатный;Приволжский;150000,00;15.03.2025;81 117;162235.95;Активна
CARD-101637;2025-02-14;Офис банка;Классический;Центральный;100 000;;0,00;0;Активна
CARD-101819;30.07.2025;Сайт банка;Классический;Северо-Западный;300000.00;2025-08-10;92497.01;210115,59;активна
CARD-100000;2025-05-12;Партнёр;Классический;Сибирский;100 000;2025-05-23;41756,98;127 194;Активна
CARD-102188;15.01.2025;Офис банка;Зарплатный;Южный;200 000;07.02.2025;47533,29;134316,63;Активна
CARD-101273;30.03.2025;сайт банка;Кэшбэк-максимум;Южный;50000,00;2025-05-11;0,00;1942,68;Активна
CARD-100799;12.07.2025;отделение;Классический;Сибирский;50 000;н/д;;0;Заблокирована
CARD-101081;24.04.2025;Сайт банка;Премиальный;Приволжский;200000,00;н/д;;0,00;Активна
CARD-102242;2025-04-17;МП;Классический;Приволжский;500000,00;18.04.2025;252504.32;439020,89;Заблокирована
CARD-100975;18.06.2025;Офис банка;Премиальный;Приволжский;75000.00;07.07.2025;8983.49;28 357;Активна
CARD-101848;11.07.2025;Партнерская сеть;Классический;Сибирский;100000.00;;0,00;;активна
CARD-100383;05.02.2025;Партнёрская сеть;Классический;Центральный;200 000;н/д;0,00;0,00;Активна
CARD-101600;2025-02-22;мобильное приложение;Зарплатный;Центральный;75000.00;2025-02-28;11134,17;28 233;Заблокирована
CARD-101531;2025-05-14;МП;Классический;Центральный;200 000;24.05.2025;49690.63;89127,90;Закрыта
CARD-100407;26.07.2025;Отделение;Кэшбэк-максимум;Приволжский;100 000;;0;0;Активна
CARD-100220;30.03.2025;МП;Классический;Южный;150 000;2025-04-13;51 781;167559,37;Активна
CARD-101594;2025-02-16;Офис банка;Кэшбэк-максимум;Центральный;300 000;07.03.2025;128 946;428 512;Активна
CARD-100328;08.05.2025;Сайт банка;Классический;Приволжский;150000,00;24.05.2025;27992,45;78468,34;Активна
CARD-102239;27.06.2025;Офис банка;Премиальный;Сибирский;100 000;29.06.2025;19 599;47734.80;Заблокирована
CARD-101731;24.01.2025;отделение;Классический;Северо-Западный;300000,00;;0;;Активна
CARD-101989;09.02.2025;отделение;Зарплатный;Сибирский;200 000;;0;0;Активна
CARD-100374;2025-04-03;Партнёрская сеть;Кэшбэк-максимум;Северо-Западный;50 000;01.08.2025;;1606.72;активна
CARD-101870;10.04.2025;Мобильное приложение;Классический;Северо-Западный;500000,00;23.04.2025;89 563;294 238;Закрыта
CARD-101803;2025-03-10;Мобильное приложение;Зарплатный;Южный;75000,00;2025-03-29;30 606;96 297;Активна
CARD-102104;14.04.2025;Мобильное приложение;Кэшбэк-максимум;Южный;200 000;10.08.2025;;36773,63;активна
CARD-102130;04.02.2025;Отделение;Классический;Центральный;300 000;21.02.2025;164 361;264 826;Закрыта
CARD-101422;2025-04-11;Отделение ;Классический;Сибирский;500 000;14.04.2025;86874,69;208279.17;Активна
CARD-101096;2025-03-26;Отделение ;Премиальный;Сибирский;200000,00;;0;;Активна
CARD-101624;18.07.2025;ОТДЕЛЕНИЕ;Классический;Сибирский;300000,00;н/д;;0;Активна
CARD-102295;05.06.2025;Мобильное приложение;Зарплатный;Центральный;300000.00;19.06.2025;136 017;389353.22;Активна
CARD-101281;26.06.2025;отделение;Классический;Центральный;150000.00;2025-07-11;13857,76;22 776;Активна
CARD-100344;07.04.2025;мобильное приложение;Классический;Сибирский;200 000;06.06.2025;0;23436,66;Активна
CARD-102340;07.07.2025;Мобильный банк;Классический;Центральный;200000.00;2025-07-21;26041,30;62059.16;Активна
CARD-101626;09.04.2025;Мобильное приложение;Классический;Сибирский;75000.00;;;;Заблокирована
CARD-102212;2025-05-27;ОТДЕЛЕНИЕ;Премиальный;Южный;100 000;25.06.2025;46 588;80219,73;Активна
CARD-101365;19.06.2025;Офис банка;Классический;Южный;75000.00;2025-06-25;22 860;74970.45;Активна
CARD-101102;14.06.2025;МП;Кэшбэк-максимум;Южный;100 000;07.07.2025;33 106;99 447;активна
CARD-102348;14.07.2025;Мобильный банк;Классический;Северо-Западный;300000.00;;;;Активна
CARD-102203;01.05.2025;Мобильное приложение;Зарплатный;Северо-Западный;50000,00;08.05.2025;15 174;34835,40;Активна
CARD-101704;16.04.2025;отделение;Кэшбэк-максимум;Центральный;500000.00;19.04.2025;175 881;303998.88;Активна
CARD-102060;30.03.2025;Офис банка;Классический;Приволжский;500 000;2025-04-11;265585.81;537 786;Активна
CARD-100639;2025-02-11;МП;Классический;Центральный;150000,00;28.02.2025;78835,13;214269,38;Активна
CARD-102166;10.02.2025;Веб-сайт;Классический;Северо-Западный;50 000;01.03.2025;18 097;51 410;Активна
CARD-101446;04.02.2025;Сайт банка;Кэшбэк-максимум;Северо-Западный;75000.00;н/д;0,00;;Активна
CARD-101256;20.02.2025;Отделение;Зарплатный;Центральный;300000.00;08.03.2025;83447.60;209 134;Заблокирована
CARD-100498;09.06.2025;МП;Классический;Центральный;100 000;;0;0;Активна
CARD-100194;18.06.2025;Отделение;Зарплатный;Сибирский;150000,00;01.07.2025;82 405;180 505;Активна
CARD-100422;08.05.2025;Сайт банка;Зарплатный;Северо-Западный;150000,00;31.05.2025;82402,34;137 700;активна
CARD-101685;06.04.2025;Партнёр;Классический;Сибирский;75 000;29.04.2025;36885.29;59 496;Активна
CARD-100240;20.04.2025;Мобильное приложение;Премиальный;Северо-Западный;100000.00;12.05.2025;9255,18;21 840;Активна
CARD-100397;2025-08-01;МП;Зарплатный;Южный;500 000;11.08.2025;199 786;583749.16;Активна
CARD-101094;2025-05-18;МП;Классический;Южный;200000,00;2025-05-26;21598,67;52 445;активна
CARD-101167;19.01.2025;ОТДЕЛЕНИЕ;Премиальный;Сибирский;75000.00;н/д;;;Активна
CARD-101578;23.04.2025;Отделение ;Зарплатный;Сибирский;75000,00;2025-05-19;33 492;75293,85;Активна
CARD-100287;07.06.2025;сайт банка;Кэшбэк-максимум;Приволжский;500000.00;20.06.2025;105050.71;298 401;Закрыта
CARD-102307;11.07.2025;Отделение;Зарплатный;Сибирский;100000.00;07.08.2025;20 310;40568,53;Активна
CARD-102172;10.05.2025;ОТДЕЛЕНИЕ;Кэшбэк-максимум;Сибирский;300 000;2025-05-12;26873,78;90556,66;Активна
CARD-100805;2025-03-31;Мобильный банк;Зарплатный;Центральный;200 000;н/д;;0,00;активна
CARD-101899;11.06.2025;Партнёр;Кэшбэк-максимум;Центральный;100 000;04.09.2025;0;3 915;Активна
CARD-100658;02.05.2025;Мобильное приложение;Зарплатный;Центральный;500000.00;28.05.2025;144650.48;449325,36;активна
CARD-100887;20.01.2025;Мобильное приложение;Зарплатный;Центральный;500 000;26.01.2025;204393,92;554377,55;Активна
CARD-101073;17.03.2025;Мобильное приложение;Классический;Центральный;100 000;2025-04-12;23 569;76187,24;Активна
CARD-101229;27.06.2025;Партнерская сеть;Классический;Северо-Западный;150000.00;2025-09-15;0,00;11733.01;Активна
CARD-100377;2025-04-08;Партнерская сеть;Зарплатный;Центральный;100000,00;н/д;;0;Активна
CARD-101659;2025-02-07;мобильное приложение;Классический;Центральный;200 000;08.02.2025;39578,39;96 949;активна
CARD-102319;2025-05-14;партнёрская сеть;Классический;Центральный;150000,00;19.05.2025;27651.88;49378,94;Активна
CARD-100869;2025-03-27;ОТДЕЛЕНИЕ;Классический;Сибирский;50 000;12.04.2025;26717.06;65880.67;Активна
CARD-102321;27.02.2025;Партнёр;Зарплатный;Сибирский;50000,00;13.05.2025;0;6 878;Активна
CARD-100846;30.01.2025;мобильное приложение;Зарплатный;Приволжский;200 000;08.02.2025;98 380;270 699;Активна
CARD-100404;14.06.2025;мобильное приложение;Классический;Южный;500 000;10.07.2025;71834,64;146 582;Активна
CARD-101375;01.06.2025;Партнерская сеть;Кэшбэк-максимум;Центральный;500000,00;н/д;;0,00;Активна
CARD-100062;31.01.2025;Партнерская сеть;Классический;Северо-Западный;200000,00;2025-02-09;30767.09;50190.28;Активна
CARD-100295;23.01.2025;мобильное приложение;Премиальный;Центральный;500000,00;15.02.2025;219 791;420 085;Активна
CARD-101179;24.02.2025;отделение;Премиальный;Центральный;150000.00;24.02.2025;71778.91;168 077;Активна
CARD-101856;18.04.2025;Сайт банка;Классический;Центральный;50 000;02.05.2025;8842,53;28733,62;Активна
CARD-100369;29.07.2025;мобильное приложение;Зарплатный;Сибирский;150000,00;29.07.2025;20223.93;49466,19;активна
CARD-100088;20.06.2025;Партнёрская сеть;Классический;Сибирский;100000.00;12.07.2025;28 755;86859,86;активна
CARD-102285;29.06.2025;мобильное приложение;Классический;Северо-Западный;500 000;11.07.2025;181237,15;587 038;Активна
CARD-102086;2025-05-20;партнёрская сеть;Классический;Сибирский;50000.00;30.05.2025;4 945;12 248;активна
CARD-100112;2025-05-13;МП;Классический;Сибирский;150 000;15.05.2025;75056,29;140 738;Активна
CARD-100131;07.04.2025;Мобильный банк;Зарплатный;Центральный;100 000;;0,00;0;Активна
CARD-101773;2025-05-25;Офис банка;Классический;Северо-Западный;100 000;03.07.2025;0;18881,61;Активна
CARD-100772;06.03.2025;Мобильное приложение;Зарплатный;Сибирский;75000,00;2025-03-08;6 802;17 196;Активна
CARD-101672;19.05.2025;отделение;Классический;Южный;50000,00;2025-06-05;23 073;56 940;Активна
CARD-100261;14.02.2025;МП;Кэшбэк-максимум;Сибирский;50 000;н/д;0;;активна
CARD-100101;2025-01-29;Партнёрская сеть;Классический;Южный;500000.00;14.02.2025;49561.12;130892,67;Активна
CARD-100723;2025-03-12;Веб-сайт;Премиальный;Приволжский;150 000;2025-04-03;59 589;138 697;Активна
CARD-102363;2025-07-25;мобильное приложение;Кэшбэк-максимум;Южный;150000,00;23.08.2025;50 141;105224,47;Активна
CARD-102237;04.03.2025;Мобильное приложение;Зарплатный;Центральный;75000,00;22.03.2025;13487,92;42493.56;Активна
CARD-100531;01.03.2025;Офис банка;Кэшбэк-максимум;Сибирский;50000.00;;0;;Активна
CARD-101631;23.01.2025;Мобильный банк;Классический;Южный;300 000;27.01.2025;51096.15;150 783;активна
CARD-102361;2025-07-09;Офис банка;Классический;Центральный;75000,00;27.07.2025;27090,87;61250.38;активна
CARD-101496;2025-05-30;отделение;Классический;Центральный;500 000;31.05.2025;223 533;729 651;Активна
CARD-100469;14.01.2025;Сайт банка;Кэшбэк-максимум;Центральный;500000.00;2025-01-14;195 173;552 230;Активна
CARD-100752;20.07.2025;Мобильный банк;Зарплатный;Южный;200 000;07.08.2025;80 504;169235.29;Активна
CARD-100910;14.05.2025;Мобильный банк;Классический;Приволжский;500000,00;2025-05-27;208039,77;611793,16;Активна
CARD-101886;19.04.2025;партнёрская сеть;Классический;Южный;50000,00;;0,00;0;Активна
CARD-102245;16.07.2025;сайт банка;Классический;Северо-Западный;200000.00;21.07.2025;42700,66;128487,77;активна
CARD-101140;27.04.2025;Мобильный банк;Премиальный;Южный;500 000;14.05.2025;86 231;260946.78;активна
CARD-100099;2025-02-14;Отделение ;Классический;Сибирский;50 000;;;0,00;Активна
CARD-102065;03.06.2025;сайт банка;Зарплатный;Южный;150 000;2025-06-14;67555.37;117 826;Активна
CARD-100440;26.01.2025;мобильное приложение;Зарплатный;Центральный;150 000;;;;Активна
CARD-100206;24.01.2025;Отделение;Кэшбэк-максимум;Центральный;300 000;02.02.2025;121112.41;232881.04;Активна
CARD-101433;2025-03-19;Сайт банка;Премиальный;Северо-Западный;200000.00;05.04.2025;99 955;315 071;активна
CARD-102100;2025-06-29;Отделение ;Премиальный;Приволжский;500000.00;02.07.2025;221178.91;710438,29;Заблокирована
CARD-102023;05.02.2025;Мобильный банк;Премиальный;Центральный;150 000;2025-02-09;64690.09;115 315;Закрыта
CARD-100041;14.04.2025;Офис банка;Классический;Северо-Западный;75000.00;н/д;0;0,00;Активна
CARD-100690;18.06.2025;Мобильный банк;Премиальный;Сибирский;500000,00;2025-06-30;219 498;530393.45;Активна
CARD-100201;19.05.2025;Отделение ;Кэшбэк-максимум;Сибирский;50000.00;н/д;;0,00;Активна
CARD-100530;04.03.2025;МП;Классический;Приволжский;150 000;;;0;Активна
CARD-100553;2025-06-25;Веб-сайт;Зарплатный;Северо-Западный;150 000;20.07.2025;32 168;55 141;Активна
CARD-100522;2025-06-04;партнёрская сеть;Зарплатный;Приволжский;200000.00;2025-09-12;;33128.63;Активна
CARD-102059;2025-02-20;Мобильный банк;Зарплатный;Приволжский;50000.00;2025-03-20;9 647;17 350;Активна
CARD-100761;05.05.2025;МП;Кэшбэк-максимум;Приволжский;150 000;2025-05-19;65 372;157520.75;активна
CARD-100463;28.05.2025;Офис банка;Классический;Центральный;500 000;2025-07-30;0,00;27389,52;Активна
CARD-101137;08.04.2025;партнёрская сеть;Премиальный;Сибирский;100 000;04.05.2025;15678.87;26 617;активна
CARD-100974;16.01.2025;сайт банка;Классический;Северо-Западный;50 000;28.01.2025;7654,56;25 610;активна
CARD-100332;2025-05-05;мобильное приложение;Зарплатный;Приволжский;300 000;24.05.2025;119535,50;249107,12;Активна
CARD-100896;2025-05-15;Мобильный банк;Зарплатный;Центральный;300000.00;03.06.2025;145056.81;286 213;Активна
CARD-101783;24.06.2025;Мобильное приложение;Зарплатный;Северо-Западный;200000,00;01.07.2025;88 213;164733.21;Активна
CARD-100682;2025-05-07;ОТДЕЛЕНИЕ;Классический;Сибирский;150 000;13.05.2025;81 084;199042,17;Активна
CARD-101722;2025-01-19;партнёрская сеть;Кэшбэк-максимум;Сибирский;150 000;14.02.2025;70292,50;199 648;активна
CARD-101841;2025-07-07;Веб-сайт;Премиальный;Сибирский;100000.00;н/д;;;Активна
CARD-100604;2025-05-06;МП;Кэшбэк-максимум;Центральный;50 000;2025-05-28;23771,24;49 349;Активна
CARD-100718;2025-03-05;Отделение;Классический;Сибирский;75 000;;;;Активна
CARD-101199;22.02.2025;Партнёрская сеть;Премиальный;Сибирский;100 000;19.03.2025;54 226;121139,68;Заблокирована
CARD-101207;2025-05-03;МП;Классический;Северо-Западный;50 000;16.05.2025;14 517;33 629;активна
CARD-101604;23.04.2025;Партнерская сеть;Классический;Приволжский;150000,00;;;;Активна
CARD-101092;13.07.2025;МП;Классический;Южный;100000,00;14.07.2025;27906.27;93395.25;активна
CARD-100578;2025-04-10;Веб-сайт;Зарплатный;Южный;150000.00;24.04.2025;72711,50;119926,33;Активна
CARD-101452;2025-02-12;мобильное приложение;Зарплатный;Центральный;100 000;12.02.2025;24 195;45053,16;активна
CARD-100193;25.02.2025;Отделение ;Зарплатный;Северо-Западный;75 000;23.03.2025;10 565;29713,00;Активна
CARD-100190;20.01.2025;партнёрская сеть;Классический;Центральный;100000.00;14.02.2025;36 803;124 957;Активна
CARD-102070;2025-03-17;Мобильное приложение;Зарплатный;Южный;100000,00;20.03.2025;20311,26;56779,15;Активна
CARD-100229;21.06.2025;партнёрская сеть;Классический;Центральный;300 000;05.09.2025;0,00;58273,24;Активна
CARD-101276;26.02.2025;Отделение ;Премиальный;Сибирский;150000,00;19.03.2025;31 960;91 906;Активна
CARD-100235;2025-04-24;отделение;Зарплатный;Северо-Западный;200000.00;;0,00;0,00;Активна
CARD-100442;04.06.2025;мобильное приложение;Классический;Приволжский;500 000;27.06.2025;158583.98;357 075;Активна
CARD-100597;26.02.2025;сайт банка;Премиальный;Северо-Западный;75 000;14.03.2025;11039,37;27791,90;Активна
CARD-101301;2025-07-19;Офис банка;Зарплатный;Сибирский;50000,00;;0;0;Активна
CARD-102333;2025-05-20;сайт банка;Зарплатный;Северо-Западный;500 000;16.06.2025;116618,70;301819.56;Активна
CARD-101542;16.03.2025;Партнёрская сеть;Зарплатный;Центральный;150 000;2025-03-28;45016.31;120 735;Активна
CARD-101608;27.02.2025;Сайт банка;Классический;Центральный;500 000;2025-03-23;150 394;353 052;Активна
CARD-100174;14.06.2025;Мобильный банк;Зарплатный;Приволжский;200000,00;2025-06-24;86 136;185312,47;активна
CARD-100173;13.03.2025;Отделение ;Классический;Приволжский;50000,00;20.03.2025;18 189;47 215;Активна
CARD-101163;11.05.2025;Веб-сайт;Зарплатный;Центральный;100 000;2025-06-04;26 807;82 291;Активна
CARD-102135;2025-06-04;Сайт банка;Классический;Сибирский;150 000;2025-06-14;26006,93;78835,21;Активна
CARD-101938;21.03.2025;Партнёр;Классический;Сибирский;200000.00;;;0,00;Активна
CARD-100159;17.05.2025;Партнёрская сеть;Премиальный;Сибирский;300000.00;19.05.2025;76084.39;183742.59;Активна
CARD-100999;14.04.2025;Мобильный банк;Зарплатный;Северо-Западный;200000.00;13.05.2025;78 649;232435,83;Активна
CARD-102259;2025-07-29;отделение;Классический;Центральный;100 000;2025-08-13;17098,40;30355,22;Активна
CARD-100802;25.02.2025;Партнерская сеть;Зарплатный;Приволжский;200000,00;;0,00;0;Активна
CARD-100946;26.05.2025;Партнёр;Классический;Южный;50 000;03.06.2025;11 661;26956,16;Активна
CARD-101181;07.03.2025;МП;Премиальный;Южный;150000.00;13.03.2025;15 291;42 428;Активна
CARD-101108;10.06.2025;Отделение;Кэшбэк-максимум;Центральный;150000,00;;;0;Активна
CARD-100171;05.02.2025;Мобильное приложение;Кэшбэк-максимум;Приволжский;200 000;;;0;Закрыта
CARD-101443;03.05.2025;Отделение ;Премиальный;Сибирский;300 000;07.05.2025;62787.78;106 072;Активна
CARD-100276;28.07.2025;сайт банка;Классический;Южный;75 000;10.08.2025;6501.27;21 994;Активна
CARD-101355;25.04.2025;Сайт банка;Классический;Приволжский;75 000;2025-05-05;24803,74;75251,85;Активна
CARD-102015;19.01.2025;ОТДЕЛЕНИЕ;Зарплатный;Центральный;75 000;15.04.2025;0;14 779;Активна
CARD-101300;2025-02-28;Отделение ;Кэшбэк-максимум;Центральный;50 000;06.03.2025;4194,28;12076.57;Активна
CARD-102190;06.02.2025;Мобильный банк;Классический;Центральный;150000,00;16.02.2025;39259,45;62861,88;Активна
CARD-101748;2025-02-23;Мобильный банк;Классический;Северо-Западный;100 000;19.03.2025;42 089;72 877;Активна
CARD-100263;10.07.2025;Мобильное приложение;Премиальный;Центральный;100000.00;;;0;Активна
CARD-101072;16.05.2025;Отделение;Кэшбэк-максимум;Сибирский;200 000;16.05.2025;102313,54;261 544;Заблокирована
CARD-101042;29.03.2025;мобильное приложение;Классический;Приволжский;75 000;;0,00;0;активна
CARD-101842;2025-02-24;Мобильное приложение;Кэшбэк-максимум;Центральный;200 000;;0;;Активна
CARD-100631;15.01.2025;ОТДЕЛЕНИЕ;Классический;Приволжский;75000,00;н/д;;0,00;Активна
CARD-102252;22.03.2025;сайт банка;Кэшбэк-максимум;Южный;50 000;11.04.2025;9 268;24856,01;Активна
CARD-101812;03.02.2025;партнёрская сеть;Зарплатный;Центральный;100 000;;0;0,00;Закрыта
CARD-100917;08.04.2025;Мобильный банк;Премиальный;Центральный;50 000;27.04.2025;17158,14;28 023;активна
CARD-102089;2025-03-05;отделение;Премиальный;Южный;300000,00;28.03.2025;54055,82;138490,59;Активна
CARD-100623;27.04.2025;МП;Зарплатный;Северо-Западный;50000,00;;0;0,00;Активна
CARD-101845;2025-03-27;Партнёрская сеть;Кэшбэк-максимум;Центральный;150 000;2025-04-11;38617,73;127599,52;Активна
CARD-102185;2025-01-13;ОТДЕЛЕНИЕ;Классический;Северо-Западный;75 000;2025-05-04;0;4 232;активна
CARD-102154;2025-04-03;Партнёрская сеть;Классический;Приволжский;50000.00;;0;0;Закрыта
CARD-102175;2025-02-14;ОТДЕЛЕНИЕ;Кэшбэк-максимум;Сибирский;100000.00;05.03.2025;53933.04;168189,78;Активна
CARD-101561;2025-03-10;партнёрская сеть;Классический;Центральный;75 000;;0;0;Активна
CARD-100281;27.06.2025;Отделение;Зарплатный;Центральный;150 000;2025-07-17;75196.32;176 390;активна
CARD-101982;27.04.2025;Сайт банка;Премиальный;Сибирский;150 000;08.05.2025;81998,46;240 702;Активна
CARD-102366;2025-02-19;Офис банка;Зарплатный;Центральный;200 000;22.02.2025;84816.82;270834,11;Активна
CARD-102159;24.06.2025;Офис банка;Классический;Центральный;200 000;22.07.2025;54 343;165 038;Активна
CARD-101675;24.02.2025;сайт банка;Кэшбэк-максимум;Северо-Западный;200 000;20.03.2025;42 141;75081,80;Активна
CARD-100684;2025-03-06;Отделение ;Кэшбэк-максимум;Приволжский;50000,00;;0;0,00;Заблокирована
CARD-101118;2025-06-05;Мобильный банк;Зарплатный;Центральный;100 000;н/д;0,00;;Активна
CARD-100843;2025-06-11;Мобильный банк;Кэшбэк-максимум;Центральный;300 000;10.07.2025;76 963;138343,28;Активна
CARD-100090;2025-04-04;партнёрская сеть;Классический;Центральный;300000,00;;;0,00;Активна
CARD-100009;2025-06-08;Веб-сайт;Кэшбэк-максимум;Центральный;200000,00;2025-07-07;28705,01;70 975;Активна
CARD-101860;2025-02-25;МП;Классический;Южный;50 000;;0,00;;Активна
CARD-100745;2025-01-13;мобильное приложение;Кэшбэк-максимум;Южный;50 000;;;0,00;Активна
CARD-101244;29.03.2025;МП;Зарплатный;Сибирский;100 000;2025-05-23;0;10891.08;Активна
CARD-100378;10.07.2025;Партнёрская сеть;Зарплатный;Южный;300 000;н/д;0;;Активна
CARD-101384;2025-03-13;партнёрская сеть;Классический;Приволжский;50000,00;н/д;0;0;активна
CARD-101787;06.06.2025;мобильное приложение;Премиальный;Приволжский;150000,00;н/д;0,00;0,00;Активна
CARD-101866;2025-03-25;Партнёрская сеть;Кэшбэк-максимум;Южный;300000,00;н/д;;0,00;Активна
CARD-100736;16.03.2025;партнёрская сеть;Зарплатный;Южный;100000,00;;0;0,00;Активна
CARD-101307;10.05.2025;МП;Классический;Сибирский;300 000;13.05.2025;32316,39;74 677;Активна
CARD-100215;2025-03-07;Мобильный банк;Кэшбэк-максимум;Южный;75000,00;2025-03-23;12 049;26 279;Активна
CARD-101347;30.01.2025;Мобильное приложение;Зарплатный;Приволжский;50000,00;19.02.2025;14 911;39738,24;активна
CARD-101977;2025-02-02;мобильное приложение;Зарплатный;Центральный;200 000;2025-02-03;97524,15;224615.79;активна
CARD-102392;28.07.2025;Партнерская сеть;Кэшбэк-максимум;Южный;75 000;2025-11-01;0,00;3936.18;Активна
CARD-100110;2025-04-03;Сайт банка;Кэшбэк-максимум;Центральный;500 000;2025-07-16;;62 580;Активна
CARD-101420;24.07.2025;Мобильный банк;Классический;Северо-Западный;50000,00;03.08.2025;18 709;58 203;Активна
CARD-101417;11.05.2025;Офис банка;Классический;Северо-Западный;200 000;23.05.2025;65931.21;213 495;Активна
CARD-100632;2025-01-30;Мобильное приложение;Кэшбэк-максимум;Южный;200000.00;26.02.2025;68 694;221 851;Активна
CARD-100457;23.04.2025;мобильное приложение;Классический;Южный;500000,00;2025-05-22;186287,00;380130.01;Активна
CARD-101175;11.07.2025;отделение;Классический;Южный;75000.00;2025-07-16;20888.83;47233.63;Активна
CARD-100254;2025-05-08;Отделение ;Зарплатный;Центральный;500000.00;06.06.2025;67 339;143 741;Активна
CARD-102057;2025-05-28;партнёрская сеть;Зарплатный;Сибирский;300000.00;;0;0,00;Активна
CARD-101914;22.02.2025;Веб-сайт;Классический;Центральный;75000,00;02.03.2025;22797.18;50 079;Активна
CARD-100040;21.07.2025;Офис банка;Классический;Сибирский;200000,00;15.08.2025;28828.27;58978.96;Активна
CARD-101621;16.04.2025;партнёрская сеть;Премиальный;Центральный;150000.00;;0;0;Закрыта
CARD-100801;2025-07-02;Мобильное приложение;Премиальный;Центральный;150 000;2025-07-19;16273.39;26 177;Активна
CARD-102196;02.02.2025;мобильное приложение;Зарплатный;Сибирский;500 000;12.02.2025;264995.39;814354,11;Активна
CARD-102288;2025-04-22;Офис банка;Классический;Центральный;100000,00;08.05.2025;41 754;119132,39;Активна
CARD-101449;03.07.2025;мобильное приложение;Премиальный;Сибирский;500 000;;;0;Активна
CARD-101564;12.03.2025;Сайт банка;Классический;Южный;200000,00;05.04.2025;46322,30;132399.51;Активна
CARD-100766;11.02.2025;Офис банка;Зарплатный;Сибирский;150000,00;30.04.2025;0;11 946;Закрыта
CARD-100236;23.03.2025;МП;Зарплатный;Северо-Западный;200000,00;21.04.2025;23 522;61103.80;Активна
CARD-100026;12.03.2025;Партнёрская сеть;Премиальный;Южный;500000.00;13.03.2025;186221.44;357 888;Заблокирована
CARD-102122;03.02.2025;сайт банка;Зарплатный;Приволжский;75000.00;;0,00;0;Заблокирована
CARD-100394;2025-05-30;МП;Зарплатный;Сибирский;200 000;31.05.2025;108 565;328 249;Активна
CARD-101283;01.07.2025;Мобильное приложение;Классический;Приволжский;500 000;;0;0,00;Заблокирована
CARD-102313;04.04.2025;Сайт банка;Классический;Южный;300000,00;;0;0,00;активна
CARD-102362;10.04.2025;Офис банка;Премиальный;Центральный;500000,00;;0;0,00;активна
CARD-100186;19.05.2025;отделение;Зарплатный;Южный;75000.00;2025-05-25;16 457;51636.88;Активна
CARD-101060;29.03.2025;ОТДЕЛЕНИЕ;Классический;Приволжский;300000,00;н/д;0;;Активна
CARD-100453;20.01.2025;Мобильное приложение;Классический;Центральный;100 000;07.02.2025;31955.47;83087,84;Активна
CARD-100382;2025-01-21;Веб-сайт;Классический;Сибирский;150 000;28.02.2025;;12152,14;активна
CARD-101546;28.03.2025;Отделение ;Зарплатный;Центральный;100000.00;;0,00;;Активна
CARD-100918;07.05.2025;сайт банка;Зарплатный;Северо-Западный;75000.00;22.05.2025;11 431;29 786;Заблокирована
CARD-101484;2025-07-12;ОТДЕЛЕНИЕ;Классический;Северо-Западный;500000,00;25.07.2025;141 965;445 001;Активна
CARD-101749;17.05.2025;Партнерская сеть;Классический;Центральный;500 000;н/д;;;активна
CARD-101219;07.03.2025;ОТДЕЛЕНИЕ;Премиальный;Центральный;75000.00;15.06.2025;0;12016.78;Заблокирована
CARD-100679;2025-03-22;Сайт банка;Зарплатный;Южный;50 000;27.03.2025;21423.89;63455,64;активна
CARD-101502;04.07.2025;партнёрская сеть;Кэшбэк-максимум;Центральный;200000,00;;;0;Активна
CARD-100221;28.02.2025;Партнерская сеть;Классический;Северо-Западный;500 000;;0,00;0;Активна
CARD-101403;06.05.2025;отделение;Классический;Сибирский;200 000;2025-05-15;95 635;170 030;Активна
CARD-101830;2025-02-26;Партнерская сеть;Классический;Южный;75000,00;06.03.2025;25785,76;53794,38;Активна
CARD-102181;17.04.2025;Офис банка;Зарплатный;Приволжский;75000,00;12.05.2025;32 729;84178.87;Заблокирована
CARD-101611;09.02.2025;МП;Кэшбэк-максимум;Центральный;75 000;н/д;0;0,00;Закрыта
CARD-100527;15.01.2025;Отделение;Классический;Сибирский;75000,00;;;0,00;активна
CARD-102326;22.02.2025;Сайт банка;Классический;Сибирский;150000,00;2025-03-06;55 662;144580.59;Активна
CARD-100968;24.06.2025;отделение;Классический;Приволжский;300000.00;16.07.2025;94 791;240 235;Закрыта
CARD-101312;24.06.2025;Веб-сайт;Премиальный;Сибирский;500000,00;2025-07-01;235 414;627863,86;Активна
CARD-100624;2025-03-23;Отделение;Зарплатный;Южный;300000,00;;0,00;0,00;Заблокирована
CARD-100156;30.04.2025;Отделение ;Кэшбэк-максимум;Северо-Западный;100 000;;0;;активна
CARD-101008;2025-01-25;Офис банка;Кэшбэк-максимум;Северо-Западный;500000,00;06.02.2025;213 217;664 897;Активна
CARD-100951;28.06.2025;Партнёрская сеть;Классический;Приволжский;300 000;;;0;активна
CARD-101808;05.05.2025;Отделение;Премиальный;Южный;150000.00;2025-05-14;52 597;162567.39;Активна
CARD-100411;2025-06-20;Отделение ;Зарплатный;Северо-Западный;50000,00;2025-06-30;21 687;55 135;Активна
CARD-100943;2025-05-02;Отделение;Кэшбэк-максимум;Сибирский;150 000;2025-05-02;68321,28;143 004;активна
CARD-102116;2025-03-14;Сайт банка;Классический;Северо-Западный;50000.00;28.06.2025;;2900,96;Активна
CARD-101852;10.05.2025;Отделение;Классический;Центральный;100000.00;2025-06-07;24806,63;58 454;Активна
CARD-102287;2025-07-26;Офис банка;Кэшбэк-максимум;Приволжский;200000,00;05.08.2025;30873,73;99225.55;активна
CARD-101795;21.01.2025;Партнерская сеть;Премиальный;Северо-Западный;100000,00;;;0;Активна
CARD-100122;2025-03-10;Офис банка;Зарплатный;Южный;50 000;11.06.2025;0,00;3 979;Активна
CARD-100524;25.01.2025;отделение;Зарплатный;Приволжский;150 000;;;0;активна
CARD-100518;2025-05-28;Партнерская сеть;Зарплатный;Центральный;100000,00;н/д;;0,00;Активна
CARD-100459;2025-04-14;отделение;Зарплатный;Южный;500000,00;2025-04-28;212 680;708 979;Заблокирована
CARD-101130;2025-04-03;Мобильное приложение;Зарплатный;Северо-Западный;50000.00;24.04.2025;5529.45;10575,12;Заблокирована
CARD-100456;15.02.2025;МП;Кэшбэк-максимум;Южный;50000.00;;0,00;;активна
CARD-102045;07.05.2025;отделение;Классический;Центральный;100000.00;24.05.2025;39 487;72381,38;активна
CARD-100855;01.07.2025;мобильное приложение;Премиальный;Приволжский;500000,00;12.07.2025;112078,22;222647,87;Активна
CARD-101649;27.06.2025;Мобильное приложение;Зарплатный;Южный;300000.00;04.07.2025;77 179;136 274;Активна
CARD-102395;13.07.2025;Партнёр;Зарплатный;Приволжский;75 000;07.08.2025;40508.74;83 216;Активна
CARD-101278;24.07.2025;Партнерская сеть;Премиальный;Сибирский;100 000;10.10.2025;0,00;16028,46;Закрыта
CARD-100563;07.06.2025;Веб-сайт;Зарплатный;Южный;200000,00;2025-06-22;72389.27;235601,97;Активна
CARD-100138;19.04.2025;Офис банка;Классический;Северо-Западный;50 000;08.05.2025;7 857;25027,03;Активна
CARD-100316;2025-02-18;Сайт банка;Премиальный;Северо-Западный;150 000;;0;;Активна
CARD-100188;16.05.2025;Отделение ;Классический;Центральный;200000,00;26.05.2025;108 088;290 789;активна
CARD-102393;2025-04-20;Мобильное приложение;Классический;Северо-Западный;300 000;30.04.2025;94628,12;151646,22;Активна
CARD-101814;10.03.2025;Мобильное приложение;Премиальный;Центральный;300 000;30.04.2025;0,00;47 959;Активна
CARD-101688;14.03.2025;МП;Зарплатный;Приволжский;100 000;30.05.2025;0;19245,92;Закрыта
CARD-100035;30.06.2025;партнёрская сеть;Премиальный;Северо-Западный;500000,00;;0;0,00;активна
CARD-100450;15.02.2025;партнёрская сеть;Классический;Сибирский;75 000;01.05.2025;;9836,31;Активна
CARD-100051;04.03.2025;МП;Премиальный;Приволжский;150 000;14.03.2025;29426,68;53183,73;Активна
CARD-102067;14.06.2025;МП;Кэшбэк-максимум;Центральный;100000,00;2025-06-29;20154.52;32800.16;активна
CARD-100439;2025-01-29;МП;Премиальный;Приволжский;100000,00;07.02.2025;38410,43;79 262;Активна
CARD-101326;20.04.2025;ОТДЕЛЕНИЕ;Зарплатный;Южный;100000,00;13.05.2025;10069.39;30 731;активна
CARD-100368;07.04.2025;Мобильный банк;Классический;Приволжский;150000.00;02.05.2025;54354,60;99138.13;Активна
CARD-100588;15.01.2025;МП;Зарплатный;Центральный;100000,00;23.01.2025;21 153;64810,21;Активна
CARD-102145;01.02.2025;Мобильный банк;Классический;Южный;300000,00;2025-02-07;160 358;528 449;Активна
CARD-102353;18.03.2025;Отделение;Зарплатный;Центральный;200000.00;08.04.2025;79443.29;265844.27;Активна
CARD-101004;23.06.2025;мобильное приложение;Зарплатный;Северо-Западный;300000,00;28.06.2025;67 747;218 741;Активна
CARD-100289;28.06.2025;Офис банка;Зарплатный;Приволжский;150000.00;н/д;0,00;0;Активна
CARD-101493;2025-06-10;Партнерская сеть;Классический;Южный;300 000;н/д;;;активна
CARD-100935;23.01.2025;Отделение;Кэшбэк-максимум;Приволжский;75000,00;13.02.2025;18 766;61001,96;Активна
CARD-100859;31.05.2025;ОТДЕЛЕНИЕ;Зарплатный;Центральный;150 000;н/д;;0,00;Закрыта
CARD-100987;03.02.2025;Отделение;Зарплатный;Северо-Западный;300 000;04.02.2025;126 721;415969,95;Активна
CARD-100080;2025-04-13;Мобильный банк;Классический;Приволжский;500000.00;;0;0;Активна
CARD-102017;2025-06-02;сайт банка;Зарплатный;Центральный;75 000;2025-06-15;9 025;14502,03;Активна
CARD-100665;2025-07-25;ОТДЕЛЕНИЕ;Кэшбэк-максимум;Приволжский;150000.00;н/д;0;0;Активна
CARD-100637;16.02.2025;Отделение;Кэшбэк-максимум;Центральный;75 000;;0;0;активна
CARD-100856;13.02.2025;мобильное приложение;Зарплатный;Сибирский;500000.00;н/д;0;0;Активна
CARD-101670;2025-06-06;Мобильный банк;Классический;Северо-Западный;500 000;2025-06-12;47 813;115427,71;Активна
CARD-101413;21.06.2025;Офис банка;Классический;Центральный;75 000;н/д;0,00;;Активна
CARD-101158;29.04.2025;сайт банка;Классический;Приволжский;75 000;03.05.2025;37 969;76 227;Активна
CARD-100698;19.02.2025;отделение;Премиальный;Центральный;50000.00;26.02.2025;14323.96;39 215;Активна
CARD-102372;21.06.2025;Веб-сайт;Классический;Южный;200 000;2025-06-29;16 583;55807,69;Активна
CARD-101910;31.01.2025;МП;Зарплатный;Северо-Западный;200000.00;2025-02-19;23 826;38 532;Активна
CARD-101225;21.02.2025;Веб-сайт;Классический;Сибирский;75000.00;14.03.2025;33 020;62 082;Активна
CARD-101559;28.04.2025;Веб-сайт;Зарплатный;Южный;50000.00;25.06.2025;0,00;6048.37;Активна
CARD-100858;2025-05-06;Партнёр;Зарплатный;Центральный;75 000;2025-06-04;8 910;15713.80;Активна
CARD-100789;14.05.2025;Партнёрская сеть;Зарплатный;Сибирский;75000,00;н/д;0,00;;Активна
CARD-100626;05.07.2025;Мобильное приложение;Классический;Центральный;50000,00;2025-07-14;12866,09;40036,07;Закрыта
CARD-101359;22.07.2025;мобильное приложение;Зарплатный;Центральный;100000.00;2025-08-17;11313.36;27885.27;активна
CARD-100179;2025-04-29;Мобильное приложение;Кэшбэк-максимум;Приволжский;500000,00;24.05.2025;90700.83;272314.72;Активна
CARD-102035;22.02.2025;Офис банка;Премиальный;Сибирский;75 000;10.03.2025;40 930;72 020;Активна
CARD-101277;2025-07-24;сайт банка;Зарплатный;Южный;50 000;27.07.2025;9652.06;27342.71;Активна
CARD-102165;29.07.2025;ОТДЕЛЕНИЕ;Премиальный;Центральный;200 000;18.08.2025;39 676;128191.73;Активна
CARD-101593;2025-06-16;мобильное приложение;Классический;Северо-Западный;75000.00;25.06.2025;20167.43;62 968;Активна
CARD-101894;2025-07-15;Отделение ;Классический;Северо-Западный;50000,00;2025-09-12;0,00;6710,42;Активна
CARD-101902;08.07.2025;Отделение;Зарплатный;Северо-Западный;200000,00;н/д;0;0;Активна
CARD-100557;27.05.2025;Офис банка;Классический;Центральный;100000,00;;0;0;активна
CARD-101005;13.03.2025;Партнёр;Классический;Южный;150000.00;29.03.2025;15405,12;46960,63;активна
CARD-101772;2025-01-30;МП;Классический;Южный;50 000;17.02.2025;6397,34;19197,05;Активна
CARD-100116;21.07.2025;Мобильное приложение;Зарплатный;Приволжский;500000,00;16.08.2025;145624.02;279777,20;Активна
CARD-100656;17.03.2025;Мобильное приложение;Кэшбэк-максимум;Сибирский;150000.00;10.04.2025;63 148;170409,49;Активна
CARD-100381;26.06.2025;отделение;Зарплатный;Центральный;200 000;н/д;0,00;0,00;Активна
CARD-101857;01.05.2025;Сайт банка;Классический;Северо-Западный;200 000;2025-08-05;0,00;6 961;Заблокирована
CARD-101735;15.04.2025;Отделение ;Классический;Центральный;300000,00;2025-04-26;31546.54;76762,94;Закрыта
CARD-101814;10.03.2025;Мобильное приложение;Премиальный;Центральный;300 000;30.04.2025;0,00;47 959;Активна
CARD-101198;23.03.2025;Партнёр;Кэшбэк-максимум;Сибирский;150 000;;0;0;Заблокирована
CARD-102189;07.06.2025;отделение;Классический;Северо-Западный;300000.00;30.06.2025;90 630;218626.80;Активна
CARD-102277;2025-06-04;сайт банка;Премиальный;Приволжский;200 000;01.07.2025;71 089;131496,11;активна
CARD-100083;23.02.2025;отделение;Премиальный;Центральный;150 000;н/д;0,00;;Активна
CARD-101839;06.05.2025;МП;Зарплатный;Северо-Западный;300000,00;27.05.2025;148385.50;440 373;Активна
CARD-100878;2025-05-31;отделение;Классический;Центральный;500 000;01.06.2025;221150,99;593989,44;Закрыта
CARD-100198;2025-05-29;мобильное приложение;Классический;Южный;200 000;2025-06-21;68417,18;178 494;Закрыта
CARD-100706;29.05.2025;отделение;Кэшбэк-максимум;Центральный;75000,00;;;;Активна
CARD-100526;08.06.2025;мобильное приложение;Кэшбэк-максимум;Северо-Западный;50 000;10.06.2025;14 096;44971.85;Активна
CARD-101987;25.03.2025;Сайт банка;Зарплатный;Центральный;300000.00;23.04.2025;41657.01;86077,75;активна
CARD-102027;06.05.2025;Веб-сайт;Классический;Северо-Западный;500 000;31.05.2025;46381,90;81540.03;Активна
CARD-101532;28.02.2025;Отделение ;Классический;Центральный;300000,00;12.03.2025;32168,49;59671,32;Активна
CARD-100100;14.07.2025;Отделение;Зарплатный;Южный;150 000;27.07.2025;62595.85;127118,98;Заблокирована
CARD-100200;30.03.2025;Мобильный банк;Классический;Южный;200 000;03.04.2025;61 491;131 398;Активна
CARD-100819;2025-02-27;сайт банка;Зарплатный;Приволжский;50 000;20.03.2025;15078.66;48 490;активна
CARD-101080;2025-04-24;Веб-сайт;Зарплатный;Центральный;100000,00;29.04.2025;45 438;133 489;Активна
CARD-100785;27.02.2025;отделение;Зарплатный;Центральный;150000,00;;0,00;0;активна
CARD-100021;25.04.2025;Офис банка;Зарплатный;Приволжский;500000.00;06.05.2025;186 400;461414.79;Активна
CARD-101806;2025-02-08;мобильное приложение;Зарплатный;Центральный;100000,00;07.03.2025;37105,33;86 607;активна
CARD-101904;2025-05-15;Партнёрская сеть;Зарплатный;Южный;75000,00;2025-05-16;9652,80;20 231;активна
CARD-100863;08.06.2025;Сайт банка;Классический;Приволжский;500000.00;04.07.2025;174063.92;380 049;Активна
CARD-100545;04.07.2025;МП;Зарплатный;Приволжский;100000,00;2025-07-28;51 600;163 132;активна
CARD-101091;15.06.2025;Мобильный банк;Классический;Южный;75000.00;н/д;;;Активна
CARD-101275;25.06.2025;Мобильное приложение;Зарплатный;Центральный;500000.00;13.07.2025;84106,98;259 931;Активна
CARD-102373;15.04.2025;Мобильное приложение;Классический;Северо-Западный;150 000;19.05.2025;0;6 766;Закрыта
CARD-101712;16.06.2025;Отделение;Классический;Центральный;50000,00;28.07.2025;;5 023;Активна
CARD-102281;2025-07-11;Мобильный банк;Зарплатный;Центральный;75 000;;;0;Активна
CARD-101707;31.01.2025;Веб-сайт;Кэшбэк-максимум;Приволжский;100000,00;н/д;0,00;0;Активна
CARD-102364;27.07.2025;Мобильный банк;Классический;Центральный;200 000;01.08.2025;85 768;156954.59;Активна
CARD-100947;2025-04-24;Офис банка;Классический;Южный;200000.00;2025-05-13;100 982;179934,49;Активна
CARD-100792;2025-03-24;мобильное приложение;Зарплатный;Центральный;100 000;24.03.2025;15 069;42236,39;Активна
CARD-101716;08.05.2025;сайт банка;Премиальный;Приволжский;50000,00;;;;Активна
CARD-100467;2025-07-13;сайт банка;Премиальный;Сибирский;300 000;14.10.2025;;32 572;Активна
CARD-101963;31.07.2025;МП;Классический;Сибирский;500000,00;24.08.2025;133333.38;279 535;Закрыта
CARD-101909;20.05.2025;МП;Зарплатный;Приволжский;75 000;2025-05-29;13044,99;22453.75;Активна
CARD-101881;2025-06-26;МП;Классический;Сибирский;300000.00;28.06.2025;151 995;506237.55;Активна
CARD-101605;2025-05-08;Отделение;Зарплатный;Приволжский;500000.00;н/д;;0,00;Активна
CARD-101506;10.03.2025;отделение;Зарплатный;Южный;100000,00;н/д;;0;Активна
CARD-100811;03.06.2025;Партнерская сеть;Классический;Сибирский;75000,00;2025-06-12;38 730;108 570;Активна
CARD-100180;12.07.2025;Отделение ;Кэшбэк-максимум;Приволжский;100000,00;;0;;Активна
CARD-100552;03.06.2025;партнёрская сеть;Классический;Сибирский;100 000;31.08.2025;;7 772;активна
CARD-100625;2025-01-26;партнёрская сеть;Классический;Центральный;300 000;2025-02-22;121072,95;269051,01;Активна
CARD-100543;30.01.2025;Отделение ;Премиальный;Приволжский;75 000;;0,00;;Активна
CARD-102162;01.08.2025;отделение;Зарплатный;Приволжский;200 000;2025-08-02;70754.20;230926,56;активна
CARD-100763;09.04.2025;Отделение;Классический;Приволжский;150000.00;;0;0,00;Активна
CARD-100732;2025-02-16;отделение;Классический;Южный;200000.00;19.02.2025;79578.16;244 003;Активна
CARD-101940;01.02.2025;ОТДЕЛЕНИЕ;Премиальный;Центральный;500000,00;2025-02-17;236 968;545397,54;Активна
CARD-100091;21.01.2025;Офис банка;Зарплатный;Северо-Западный;100 000;04.02.2025;23 172;48263.94;активна
CARD-101440;24.03.2025;ОТДЕЛЕНИЕ;Зарплатный;Приволжский;75000.00;24.03.2025;16507.46;51 874;Активна
CARD-100078;09.03.2025;Сайт банка;Зарплатный;Южный;500000.00;16.03.2025;116 789;207 145;Закрыта
CARD-101170;31.01.2025;Отделение;Премиальный;Сибирский;300000.00;2025-02-10;99 596;165527,32;Активна
CARD-100997;2025-06-24;МП;Классический;Северо-Западный;75 000;2025-10-22;0;5436,45;Активна
CARD-100562;2025-04-01;Партнерская сеть;Зарплатный;Сибирский;300 000;2025-04-28;107853,05;332 767;активна
CARD-100504;2025-07-18;Офис банка;Классический;Южный;500000.00;30.07.2025;123263,72;295 635;Активна
CARD-100585;28.04.2025;Мобильное приложение;Премиальный;Центральный;75 000;2025-05-14;10013.46;28852.07;Заблокирована
CARD-101514;2025-04-05;Сайт банка;Зарплатный;Северо-Западный;50 000;03.05.2025;14 248;46934.74;Активна
CARD-101885;2025-02-25;ОТДЕЛЕНИЕ;Классический;Центральный;75000,00;2025-03-26;27671.78;44 984;Активна
CARD-100737;2025-03-06;Мобильный банк;Зарплатный;Центральный;300 000;2025-03-08;58 036;122 429;Закрыта
CARD-100421;01.04.2025;мобильное приложение;Премиальный;Южный;200000,00;11.04.2025;25797,10;85 963;Закрыта
CARD-101577;24.04.2025;Сайт банка;Классический;Южный;150 000;21.08.2025;;23 526;Активна
CARD-100892;13.02.2025;отделение;Премиальный;Северо-Западный;100 000;05.03.2025;24371,00;41 077;Активна
CARD-101330;29.06.2025;МП;Классический;Южный;200 000;2025-07-17;30334,54;60 179;Активна
CARD-101020;10.04.2025;отделение;Классический;Сибирский;75000.00;04.05.2025;40 661;129 951;Активна
CARD-102286;26.04.2025;Партнёр;Премиальный;Южный;50 000;н/д;0;;Активна
CARD-100115;26.02.2025;МП;Классический;Приволжский;50000.00;05.03.2025;12634,02;27 765;Активна
CARD-100930;2025-07-28;Партнерская сеть;Классический;Сибирский;150 000;;0,00;0;Активна
CARD-101262;25.04.2025;Партнерская сеть;Зарплатный;Сибирский;500000,00;;;;Активна
CARD-101553;05.04.2025;МП;Зарплатный;Сибирский;200 000;2025-04-24;82949,87;148 174;Заблокирована
CARD-101985;2025-06-05;отделение;Зарплатный;Сибирский;200000,00;;0,00;0,00;Активна
CARD-100317;2025-04-29;Отделение;Зарплатный;Южный;200 000;;;;Активна
CARD-101450;04.05.2025;Мобильный банк;Премиальный;Южный;150 000;15.05.2025;16 053;37 815;Заблокирована
CARD-101172;2025-01-28;МП;Премиальный;Сибирский;200 000;22.02.2025;42 001;142795.93;Активна
CARD-100567;23.03.2025;Мобильный банк;Кэшбэк-максимум;Южный;75000.00;;0;;Активна
CARD-102082;2025-03-27;Партнёр;Зарплатный;Южный;200000,00;2025-04-25;66343,42;210672,01;Заблокирована
CARD-100828;21.06.2025;партнёрская сеть;Классический;Центральный;100 000;26.08.2025;0;15 123;Активна
CARD-101360;09.02.2025;Отделение;Кэшбэк-максимум;Центральный;150000,00;09.05.2025;0;22206.23;Активна
CARD-100634;20.06.2025;Партнёр;Премиальный;Северо-Западный;50 000;10.07.2025;13611,68;40 029;активна
CARD-101558;2025-06-05;Сайт банка;Классический;Центральный;200 000;23.07.2025;;17 918;Заблокирована
CARD-100429;2025-03-18;Отделение ;Классический;Сибирский;75 000;07.06.2025;0;14 194;Активна
CARD-100124;2025-04-20;сайт банка;Классический;Сибирский;100 000;01.05.2025;16017.74;26 049;Активна
CARD-101761;18.01.2025;Отделение ;Премиальный;Приволжский;150 000;2025-05-01;;16081,23;Активна
CARD-102219;05.02.2025;Отделение ;Классический;Северо-Западный;50000,00;;0;;Активна
CARD-100570;2025-06-12;Отделение;Зарплатный;Северо-Западный;50000,00;2025-06-27;13965.18;38 457;активна
CARD-101203;2025-07-13;Сайт банка;Классический;Северо-Западный;100000,00;2025-07-24;51 475;137660,94;Активна
CARD-101602;03.04.2025;ОТДЕЛЕНИЕ;Классический;Северо-Западный;300000,00;2025-04-11;37 554;82566,63;Активна
CARD-102090;25.03.2025;Веб-сайт;Классический;Приволжский;100000.00;20.04.2025;18437.59;34271.50;активна
CARD-101724;07.06.2025;мобильное приложение;Классический;Приволжский;200000.00;17.06.2025;80029.09;163322,98;Закрыта
CARD-100267;2025-04-04;Сайт банка;Классический;Приволжский;75000,00;23.04.2025;24685.94;42113,81;активна
CARD-101261;29.03.2025;Мобильное приложение;Классический;Северо-Западный;50 000;05.04.2025;17488,43;56607,79;активна
CARD-100515;23.05.2025;Партнёрская сеть;Классический;Северо-Западный;50000,00;;0;0;Активна
CARD-100813;13.02.2025;Офис банка;Классический;Северо-Западный;150000,00;2025-03-05;76 520;248466,34;Активна
CARD-100049;18.04.2025;отделение;Классический;Центральный;75000,00;17.05.2025;34504.93;64 501;Активна
CARD-101284;30.04.2025;МП;Премиальный;Приволжский;150000.00;2025-05-07;77 534;203470,58;Активна
CARD-100405;21.05.2025;Партнерская сеть;Классический;Центральный;300 000;;0,00;0;Активна
CARD-101633;28.07.2025;Офис банка;Зарплатный;Северо-Западный;200000,00;01.08.2025;51 119;154370,35;Активна
CARD-100067;2025-05-02;Отделение;Зарплатный;Центральный;500 000;12.05.2025;219 496;619618,13;Активна
CARD-100866;26.06.2025;Мобильное приложение;Зарплатный;Центральный;200 000;01.07.2025;92475,43;290 947;Закрыта
CARD-101029;30.03.2025;МП;Кэшбэк-максимум;Южный;100000,00;н/д;0;0;Заблокирована
CARD-100375;24.07.2025;Отделение;Классический;Северо-Западный;200000.00;30.07.2025;22041.11;48112,30;активна
CARD-101310;20.07.2025;МП;Классический;Сибирский;50 000;н/д;;0,00;Активна
CARD-101634;14.07.2025;Отделение;Кэшбэк-максимум;Южный;150 000;2025-07-20;76572,80;238 277;Активна
CARD-100605;2025-03-30;сайт банка;Классический;Сибирский;100 000;;0,00;0,00;Активна
CARD-100306;2025-02-21;партнёрская сеть;Классический;Центральный;100000,00;18.03.2025;23090,87;61567.91;Активна
CARD-101290;31.03.2025;Мобильный банк;Классический;Южный;300 000;2025-04-21;162849.36;438819,14;Активна
CARD-100315;28.07.2025;мобильное приложение;Зарплатный;Центральный;500 000;19.08.2025;153752.69;426857.52;Активна
CARD-102342;2025-03-19;Отделение ;Кэшбэк-максимум;Центральный;150000,00;2025-04-07;31 703;67 574;Активна
CARD-101736;18.06.2025;Отделение ;Классический;Южный;75 000;2025-07-11;15 558;43 704;Заблокирована
CARD-100939;03.04.2025;отделение;Зарплатный;Центральный;300 000;06.04.2025;118 242;373 704;Активна
CARD-100747;26.06.2025;мобильное приложение;Классический;Приволжский;100000.00;21.07.2025;29889.15;100519,40;Активна
CARD-100568;08.03.2025;Офис банка;Классический;Сибирский;100000.00;31.03.2025;42588,19;78309,19;активна
CARD-100831;20.02.2025;мобильное приложение;Зарплатный;Северо-Западный;75 000;14.03.2025;16 614;34 047;Активна
CARD-100102;18.05.2025;Мобильное приложение;Зарплатный;Приволжский;500 000;2025-06-15;164022,78;400 260;Заблокирована
CARD-100826;2025-05-03;Сайт банка;Премиальный;Приволжский;75000,00;;0,00;0;Активна
CARD-100273;2025-05-26;сайт банка;Зарплатный;Северо-Западный;500000,00;11.06.2025;121516,34;232 908;Заблокирована
CARD-101497;08.04.2025;ОТДЕЛЕНИЕ;Классический;Центральный;75000,00;10.05.2025;0;9744,39;Активна
CARD-100426;2025-04-08;мобильное приложение;Классический;Сибирский;100000.00;н/д;0,00;;Заблокирована
CARD-101534;2025-05-09;ОТДЕЛЕНИЕ;Классический;Южный;200 000;;0,00;0,00;Активна
CARD-100765;27.05.2025;сайт банка;Кэшбэк-максимум;Центральный;150 000;03.06.2025;12454.15;37981.73;Закрыта
CARD-101821;2025-04-15;Отделение ;Классический;Южный;100000,00;20.04.2025;19223,90;51 258;активна
CARD-102081;2025-07-29;Отделение;Классический;Сибирский;150 000;;0;0;Активна
CARD-101077;13.01.2025;Мобильное приложение;Зарплатный;Южный;200000,00;16.01.2025;68 773;193322,42;активна
CARD-100784;2025-06-18;Мобильное приложение;Классический;Южный;75000.00;06.07.2025;33 237;111493.75;активна
CARD-100095;2025-06-14;Мобильное приложение;Классический;Северо-Западный;50 000;21.06.2025;22 865;37225.02;Активна
CARD-100981;24.01.2025;мобильное приложение;Зарплатный;Приволжский;50 000;21.02.2025;27 334;52 219;Заблокирована
CARD-102222;18.02.2025;Партнёр;Премиальный;Северо-Западный;200000,00;31.03.2025;0,00;37185,61;активна
CARD-100757;05.02.2025;Отделение;Зарплатный;Северо-Западный;75 000;2025-03-02;8 553;20 337;Заблокирована
CARD-100767;30.03.2025;Партнёр;Классический;Приволжский;150 000;25.04.2025;56306,93;172990,33;Активна
CARD-100992;2025-07-25;Мобильное приложение;Кэшбэк-максимум;Северо-Западный;500 000;08.08.2025;46950,09;153 403;Активна
CARD-101001;20.03.2025;ОТДЕЛЕНИЕ;Кэшбэк-максимум;Центральный;150000,00;;0,00;0;Заблокирована
CARD-101335;09.07.2025;ОТДЕЛЕНИЕ;Классический;Северо-Западный;200 000;24.07.2025;49714,51;80303,94;Активна
CARD-102030;24.02.2025;Отделение ;Премиальный;Южный;300000.00;2025-02-26;124 250;417 331;Активна
CARD-100386;19.03.2025;МП;Зарплатный;Северо-Западный;100000.00;30.03.2025;16 554;53 939;Активна
CARD-101011;07.03.2025;Партнёрская сеть;Кэшбэк-максимум;Южный;150 000;2025-03-31;17463,23;45 592;активна
CARD-100226;03.06.2025;партнёрская сеть;Зарплатный;Центральный;75000.00;29.06.2025;38182,88;101428.50;Активна
CARD-101455;29.06.2025;Мобильный банк;Кэшбэк-максимум;Приволжский;150000,00;2025-06-29;67571.25;128 569;Активна
CARD-101216;29.07.2025;Мобильный банк;Классический;Южный;200000,00;30.07.2025;17174.43;56 793;Активна
CARD-101477;2025-06-13;отделение;Зарплатный;Северо-Западный;500000.00;2025-06-28;68 569;163651.01;Активна
CARD-101429;12.05.2025;Офис банка;Классический;Северо-Западный;200000.00;16.05.2025;74617,11;156 793;Активна
CARD-101065;13.05.2025;Отделение ;Классический;Приволжский;100 000;08.06.2025;30 104;97 535;Активна
CARD-101110;15.07.2025;партнёрская сеть;Классический;Северо-Западный;500 000;;0,00;0;Заблокирована
CARD-100364;08.07.2025;МП;Кэшбэк-максимум;Южный;500000,00;;0,00;0,00;Активна
CARD-100593;08.06.2025;Мобильный банк;Кэшбэк-максимум;Сибирский;100000.00;2025-07-04;19709,00;38949.13;Активна
CARD-100118;28.06.2025;партнёрская сеть;Классический;Приволжский;75000,00;08.07.2025;39366,44;117335,50;Активна
CARD-101239;20.03.2025;ОТДЕЛЕНИЕ;Классический;Южный;50 000;;0,00;;Активна
CARD-101494;28.02.2025;Офис банка;Премиальный;Южный;200 000;02.03.2025;71418,39;189592,25;Активна
CARD-100848;07.06.2025;МП;Зарплатный;Сибирский;75000,00;06.07.2025;18 198;56 069;Активна
CARD-101610;18.01.2025;Мобильное приложение;Зарплатный;Северо-Западный;100000,00;16.02.2025;28328.20;67 617;Активна
CARD-102375;2025-02-27;ОТДЕЛЕНИЕ;Кэшбэк-максимум;Северо-Западный;200000,00;01.03.2025;53245,00;136 672;Активна
CARD-101931;20.06.2025;отделение;Классический;Южный;300000,00;03.07.2025;164018.06;412 946;Активна
CARD-102354;28.03.2025;Партнёрская сеть;Премиальный;Северо-Западный;100 000;;0,00;;Активна
CARD-100890;2025-02-11;ОТДЕЛЕНИЕ;Зарплатный;Южный;150000,00;26.02.2025;27133.69;88898.45;Активна
CARD-100760;22.04.2025;МП;Кэшбэк-максимум;Центральный;100 000;17.05.2025;13005,05;43 673;Активна
CARD-101729;06.04.2025;партнёрская сеть;Классический;Приволжский;50000.00;10.04.2025;9488.83;28937.50;Активна
CARD-100066;19.07.2025;Сайт банка;Премиальный;Северо-Западный;200 000;13.08.2025;106140.90;177629,80;Активна
CARD-100648;2025-03-12;МП;Классический;Северо-Западный;75000.00;2025-04-03;16 689;38 002;Активна
CARD-101159;16.05.2025;МП;Зарплатный;Северо-Западный;500 000;2025-05-21;155829,78;521 072;Закрыта
CARD-101235;2025-06-09;отделение;Классический;Южный;75 000;;0,00;0;Активна
CARD-100809;07.04.2025;МП;Классический;Сибирский;500000,00;н/д;0,00;0,00;Активна
CARD-101386;23.03.2025;Мобильный банк;Классический;Приволжский;300000.00;06.07.2025;0,00;17 390;активна
CARD-100668;10.07.2025;партнёрская сеть;Кэшбэк-максимум;Центральный;200 000;;;0,00;Заблокирована
CARD-100392;02.02.2025;сайт банка;Кэшбэк-максимум;Центральный;50000,00;21.02.2025;19 385;33821,79;Активна
CARD-100687;2025-03-19;отделение;Кэшбэк-максимум;Приволжский;75 000;03.04.2025;6548.24;11279.08;Активна
CARD-101487;09.03.2025;Партнёрская сеть;Классический;Центральный;300 000;;0,00;0,00;Активна
CARD-101744;17.02.2025;Мобильный банк;Кэшбэк-максимум;Сибирский;200 000;;0;0;Активна
CARD-101540;20.06.2025;Отделение;Зарплатный;Центральный;200 000;;;0,00;Активна
CARD-100601;2025-01-19;Сайт банка;Кэшбэк-максимум;Приволжский;500 000;н/д;;;активна
CARD-101969;2025-05-08;МП;Зарплатный;Южный;75 000;2025-05-19;15605,46;39151,73;Активна
CARD-100591;03.02.2025;сайт банка;Зарплатный;Сибирский;150 000;17.03.2025;0;21 207;Закрыта
CARD-102044;2025-02-15;Веб-сайт;Классический;Приволжский;75 000;10.04.2025;0;14805,11;Активна
CARD-100358;28.05.2025;Партнерская сеть;Классический;Южный;100 000;н/д;;;Активна
CARD-101530;22.03.2025;МП;Классический;Центральный;150000,00;05.04.2025;73905,85;155932.60;Активна
CARD-100743;09.07.2025;ОТДЕЛЕНИЕ;Кэшбэк-максимум;Центральный;200000,00;;;0;Активна
CARD-101025;14.03.2025;Мобильный банк;Зарплатный;Сибирский;500 000;19.03.2025;209 401;476 138;Активна
CARD-102297;21.02.2025;партнёрская сеть;Классический;Северо-Западный;300000,00;;;0;Активна
CARD-101655;2025-04-28;Мобильный банк;Классический;Приволжский;50000,00;2025-05-21;22744,03;71096,60;активна
CARD-101156;12.04.2025;Мобильное приложение;Классический;Сибирский;50 000;2025-04-20;6 223;13863,85;Закрыта
CARD-100555;23.02.2025;отделение;Кэшбэк-максимум;Южный;150 000;2025-03-11;31 995;55819,73;активна
CARD-101804;21.03.2025;Отделение;Зарплатный;Северо-Западный;75000,00;13.04.2025;8378,15;19 164;Активна
CARD-101919;2025-02-11;Веб-сайт;Классический;Центральный;200 000;;0,00;0;Активна
CARD-100649;17.04.2025;Веб-сайт;Кэшбэк-максимум;Приволжский;200000,00;;0,00;0;Активна
CARD-101242;10.05.2025;Партнёрская сеть;Кэшбэк-максимум;Южный;500 000;13.05.2025;66753,99;212 353;Активна
CARD-100756;03.04.2025;отделение;Кэшбэк-максимум;Сибирский;300000,00;02.05.2025;88 744;271 674;Активна
CARD-101066;2025-01-28;мобильное приложение;Зарплатный;Центральный;150 000;07.02.2025;51650.37;169608.43;Активна
CARD-100719;12.02.2025;Партнерская сеть;Кэшбэк-максимум;Приволжский;50 000;;0,00;0;Заблокирована
CARD-101779;2025-03-28;МП;Классический;Центральный;300000,00;н/д;;0,00;Активна
CARD-100131;07.04.2025;Мобильный банк;Зарплатный;Центральный;100 000;;0,00;0;Активна
CARD-101573;2025-06-17;МП;Классический;Центральный;50 000;27.06.2025;23 031;66 493;Активна
CARD-101405;29.05.2025;сайт банка;Зарплатный;Сибирский;500000.00;;;0;Заблокирована
CARD-101619;2025-01-14;Офис банка;Зарплатный;Приволжский;50000.00;19.01.2025;10413.65;34947,89;Активна
CARD-100170;21.03.2025;Мобильное приложение;Классический;Центральный;150000.00;14.04.2025;47 476;103920.36;Активна
CARD-101101;15.02.2025;Веб-сайт;Классический;Центральный;500 000;н/д;0;;Активна
CARD-100502;2025-07-11;партнёрская сеть;Зарплатный;Северо-Западный;150000,00;;0,00;0;Активна
CARD-101309;13.06.2025;Отделение ;Зарплатный;Южный;300 000;08.07.2025;29065.68;48697.29;Активна
CARD-101396;19.01.2025;МП;Кэшбэк-максимум;Приволжский;75000,00;2025-02-13;12 168;39 184;активна
CARD-100907;02.07.2025;сайт банка;Кэшбэк-максимум;Центральный;100 000;н/д;0,00;0,00;Активна
CARD-100478;12.05.2025;Партнёрская сеть;Кэшбэк-максимум;Южный;200000.00;н/д;0,00;;Активна
CARD-101414;28.07.2025;Сайт банка;Классический;Северо-Западный;100000.00;25.08.2025;36650,03;78916,69;Активна
CARD-100558;22.04.2025;Мобильное приложение;Классический;Центральный;500 000;;0,00;0;Активна
CARD-100365;13.05.2025;ОТДЕЛЕНИЕ;Классический;Центральный;200 000;;;;Активна
CARD-101371;2025-03-27;Офис банка;Зарплатный;Северо-Западный;150000,00;;0;0,00;активна
CARD-101343;12.07.2025;Отделение;Зарплатный;Центральный;300 000;н/д;0,00;0;Активна
CARD-101652;18.07.2025;Мобильный банк;Зарплатный;Северо-Западный;300000,00;03.08.2025;38456.53;83037,53;Активна
CARD-100744;12.05.2025;мобильное приложение;Кэшбэк-максимум;Северо-Западный;75000,00;14.05.2025;39208,66;80714,91;Активна
CARD-100691;22.03.2025;Мобильное приложение;Классический;Приволжский;500000,00;26.03.2025;216692.50;426 969;Активна
CARD-100806;2025-04-03;сайт банка;Зарплатный;Южный;500000.00;2025-04-22;210 929;386800,44;Активна
CARD-100329;2025-03-09;Отделение;Классический;Южный;75000,00;24.03.2025;17855,30;48 384;Активна
CARD-101204;2025-04-19;ОТДЕЛЕНИЕ;Классический;Приволжский;300000.00;;;0,00;Активна
CARD-100319;31.05.2025;МП;Зарплатный;Северо-Западный;150000.00;19.06.2025;26 715;70001.88;Активна
CARD-101598;16.07.2025;Партнёрская сеть;Классический;Северо-Западный;75 000;;;;Активна
CARD-101090;21.02.2025;МП;Кэшбэк-максимум;Сибирский;500 000;25.02.2025;50 893;89856,42;активна
CARD-102191;20.04.2025;Мобильное приложение;Классический;Сибирский;500000,00;2025-05-10;239470,88;530 643;Активна
CARD-102176;22.01.2025;сайт банка;Классический;Южный;100000,00;н/д;0,00;0,00;Активна
CARD-101810;2025-05-14;Отделение;Классический;Северо-Западный;100000,00;27.05.2025;43381.43;134865,85;активна
CARD-100128;2025-06-08;мобильное приложение;Премиальный;Приволжский;500 000;2025-06-23;43592,45;94305.08;Активна
CARD-101887;2025-02-24;мобильное приложение;Зарплатный;Южный;50000,00;2025-06-17;0,00;9 011;Заблокирована
CARD-100210;2025-05-04;МП;Кэшбэк-максимум;Центральный;200000,00;11.05.2025;51629,20;85 457;Активна
CARD-102234;24.07.2025;Отделение ;Классический;Приволжский;50 000;06.08.2025;21 713;40451,20;Активна
CARD-100961;2025-03-15;ОТДЕЛЕНИЕ;Классический;Северо-Западный;50000,00;;0,00;0,00;Активна
CARD-100497;2025-06-18;партнёрская сеть;Премиальный;Приволжский;75 000;2025-07-12;6379.34;12591,05;Активна
CARD-102284;2025-03-06;отделение;Премиальный;Южный;200000.00;2025-03-16;47289,47;114507,62;Активна
CARD-100870;2025-03-30;Офис банка;Кэшбэк-максимум;Приволжский;100 000;;0,00;0;Активна
CARD-101908;18.02.2025;Мобильное приложение;Классический;Центральный;500000,00;08.03.2025;104 263;335 060;Закрыта
CARD-101911;2025-02-14;Отделение;Классический;Южный;100000.00;15.02.2025;39649,33;88287,93;Активна
CARD-100853;2025-06-18;Офис банка;Зарплатный;Центральный;500000,00;2025-07-01;182772,19;568333.24;активна
CARD-101500;11.02.2025;мобильное приложение;Классический;Приволжский;500000,00;;0,00;0;Активна
CARD-102215;10.02.2025;Мобильный банк;Зарплатный;Северо-Западный;200000,00;19.02.2025;39125.20;131 933;Активна
CARD-101286;22.06.2025;Партнёрская сеть;Классический;Центральный;50000.00;н/д;;0,00;Активна
CARD-101725;04.02.2025;Мобильный банк;Премиальный;Центральный;150000,00;20.03.2025;;29505.14;Активна
CARD-101612;18.04.2025;ОТДЕЛЕНИЕ;Премиальный;Сибирский;200 000;2025-05-16;58 303;147 179;Активна
CARD-101863;24.05.2025;Мобильный банк;Зарплатный;Центральный;500 000;20.06.2025;168 289;354867.56;Активна
CARD-100921;2025-04-24;сайт банка;Кэшбэк-максимум;Приволжский;300000.00;23.05.2025;152637.19;360013.32;Активна
CARD-100971;2025-04-04;Отделение;Кэшбэк-максимум;Центральный;50000,00;;0,00;;Закрыта
CARD-102230;23.05.2025;ОТДЕЛЕНИЕ;Кэшбэк-максимум;Северо-Западный;50000,00;;0;0,00;Активна
CARD-101586;2025-02-03;отделение;Премиальный;Центральный;50 000;11.02.2025;20 123;36240,39;Активна
CARD-100982;2025-01-13;Мобильное приложение;Зарплатный;Южный;150000,00;08.02.2025;23 718;52632.51;Активна
CARD-100343;08.07.2025;Веб-сайт;Классический;Центральный;150 000;2025-07-18;50754,30;140 894;Закрыта
CARD-100176;13.07.2025;отделение;Классический;Южный;500000.00;27.07.2025;167589,10;380168,69;Активна
CARD-100716;09.05.2025;Сайт банка;Зарплатный;Центральный;500000.00;10.05.2025;260867,47;785046.89;Активна
CARD-100166;26.04.2025;мобильное приложение;Зарплатный;Центральный;100000.00;02.05.2025;16882.21;49812.16;Активна
CARD-100829;14.05.2025;Сайт банка;Премиальный;Центральный;200000,00;14.05.2025;76922.03;247 293;Активна
CARD-102251;2025-06-18;МП;Зарплатный;Приволжский;300000.00;29.06.2025;79637.96;177879.56;Активна
CARD-100437;2025-03-05;Партнёр;Кэшбэк-максимум;Сибирский;50000,00;;0;0,00;Активна
CARD-100361;2025-04-03;отделение;Классический;Южный;200 000;;0,00;0;Активна
CARD-100182;10.05.2025;Веб-сайт;Кэшбэк-максимум;Центральный;100 000;2025-05-16;49105.20;132052,74;Активна
CARD-102105;24.03.2025;отделение;Зарплатный;Сибирский;100 000;22.04.2025;42 461;87144,91;активна
CARD-101280;01.08.2025;Веб-сайт;Кэшбэк-максимум;Южный;100 000;03.08.2025;36 257;69929,06;Активна
CARD-102398;08.05.2025;Партнерская сеть;Классический;Сибирский;200000.00;18.08.2025;;32723.60;Активна
CARD-102380;14.01.2025;партнёрская сеть;Премиальный;Приволжский;100000.00;21.01.2025;27 774;45 799;Активна
CARD-100613;20.01.2025;Мобильный банк;Зарплатный;Северо-Западный;50000,00;08.02.2025;9756.02;16 581;Активна
CARD-100470;23.01.2025;Мобильное приложение;Классический;Сибирский;500000.00;20.02.2025;107851.58;357692.59;Закрыта
CARD-101913;2025-02-23;мобильное приложение;Зарплатный;Северо-Западный;100 000;2025-03-19;20329.41;60 202;Активна
CARD-101428;05.02.2025;ОТДЕЛЕНИЕ;Классический;Приволжский;500 000;2025-05-27;0;37 025;Активна
CARD-101410;20.03.2025;Партнёр;Классический;Центральный;150 000;н/д;0;;Активна
CARD-100994;24.03.2025;мобильное приложение;Зарплатный;Северо-Западный;100000,00;11.04.2025;50 373;80760.78;Активна
CARD-101481;07.02.2025;Отделение;Зарплатный;Приволжский;150 000;2025-02-28;72861.86;193 062;активна
CARD-101712;16.06.2025;Отделение;Классический;Центральный;50000,00;28.07.2025;;5 023;Активна
CARD-101205;25.01.2025;Сайт банка;Зарплатный;Центральный;150000,00;2025-02-22;68 061;215285,81;Активна
CARD-102039;2025-02-25;Мобильный банк;Классический;Южный;200000,00;02.03.2025;48 595;135 611;Активна
CARD-101643;12.05.2025;партнёрская сеть;Кэшбэк-максимум;Центральный;500000.00;;;0;Активна
CARD-101322;16.01.2025;Офис банка;Классический;Приволжский;500 000;2025-01-31;215 974;701065,00;Активна
CARD-101391;10.06.2025;Сайт банка;Классический;Центральный;100000,00;06.07.2025;29 251;57038.02;Активна
CARD-101133;2025-06-01;Партнерская сеть;Классический;Сибирский;50 000;2025-08-07;0,00;4836,17;Активна
CARD-102205;29.05.2025;Партнёрская сеть;Классический;Центральный;75 000;14.06.2025;39747.59;121507,51;Активна
CARD-100245;2025-02-14;мобильное приложение;Зарплатный;Сибирский;500000,00;10.03.2025;96 276;260864.00;Активна
CARD-102276;23.02.2025;Офис банка;Зарплатный;Центральный;50000,00;н/д;;;Заблокирована
CARD-101105;21.07.2025;Мобильное приложение;Зарплатный;Сибирский;150000,00;06.08.2025;21 878;58 893;Активна
CARD-101831;25.04.2025;ОТДЕЛЕНИЕ;Классический;Южный;200 000;09.05.2025;51217,02;128 390;Активна
CARD-101151;29.05.2025;Отделение ;Зарплатный;Приволжский;300000,00;2025-06-06;151417,08;462 646;активна
CARD-100625;2025-01-26;партнёрская сеть;Классический;Центральный;300 000;2025-02-22;121072,95;269051,01;Активна
CARD-101037;26.06.2025;Мобильный банк;Премиальный;Южный;500000.00;28.06.2025;85 934;274 051;Закрыта
CARD-102000;14.04.2025;отделение;Классический;Приволжский;75 000;2025-04-22;32797,34;61596.09;Активна
CARD-100137;28.07.2025;Мобильное приложение;Кэшбэк-максимум;Приволжский;500000,00;2025-08-14;218886.79;492 585;Активна
CARD-101459;13.07.2025;МП;Премиальный;Приволжский;300 000;07.08.2025;141315,69;383 663;активна
CARD-101961;2025-07-14;Отделение ;Классический;Южный;75 000;2025-07-16;24 371;68 295;Активна
CARD-100323;08.04.2025;Сайт банка;Классический;Северо-Западный;75 000;16.04.2025;23716,72;59 707;Активна
CARD-100549;2025-01-27;мобильное приложение;Зарплатный;Северо-Западный;300000,00;2025-01-29;141709,81;279994,80;Активна
CARD-100968;24.06.2025;отделение;Классический;Приволжский;300000.00;16.07.2025;94 791;240 235;Закрыта
CARD-100300;21.02.2025;Отделение ;Классический;Центральный;500000,00;04.03.2025;219 371;545382.06;Активна
CARD-101991;30.05.2025;Сайт банка;Классический;Центральный;75 000;20.06.2025;25 846;60 846;Активна
CARD-100616;2025-07-23;мобильное приложение;Премиальный;Центральный;150000.00;26.07.2025;41487,75;69 924;активна
CARD-102004;27.05.2025;сайт банка;Зарплатный;Южный;300000,00;21.06.2025;101 327;291 509;Активна
CARD-100517;10.02.2025;МП;Премиальный;Сибирский;50 000;28.02.2025;21071,60;40522,95;Активна
CARD-101896;21.03.2025;Партнёрская сеть;Кэшбэк-максимум;Сибирский;75000.00;16.04.2025;27 756;73279.61;активна
CARD-101353;11.07.2025;ОТДЕЛЕНИЕ;Классический;Приволжский;300 000;2025-09-17;;39912,64;активна
CARD-101394;02.05.2025;Мобильное приложение;Зарплатный;Приволжский;50 000;31.05.2025;21 433;51 477;Закрыта
CARD-100998;2025-04-10;Мобильное приложение;Классический;Южный;500000.00;23.04.2025;56406,69;153669,94;Активна
CARD-102119;2025-03-26;Партнёрская сеть;Кэшбэк-максимум;Центральный;100 000;2025-04-23;23809,26;48 048;Закрыта
CARD-100141;07.07.2025;Отделение ;Зарплатный;Приволжский;75000,00;2025-09-28;0;12641.75;Активна
CARD-102306;16.02.2025;Партнёр;Кэшбэк-максимум;Сибирский;500 000;н/д;;0;Активна
CARD-101529;09.02.2025;Партнерская сеть;Премиальный;Центральный;50 000;09.02.2025;16 914;49 830;Активна
CARD-101861;04.07.2025;ОТДЕЛЕНИЕ;Классический;Северо-Западный;300000,00;21.07.2025;131 077;260 374;Активна
CARD-101758;12.06.2025;Партнёр;Кэшбэк-максимум;Южный;75 000;н/д;;0;Активна
CARD-100216;2025-07-07;Отделение;Классический;Приволжский;75000.00;2025-07-21;39463,04;113 465;Активна
CARD-101369;20.07.2025;Сайт банка;Классический;Приволжский;75 000;н/д;0,00;;Заблокирована
CARD-100119;30.01.2025;Сайт банка;Зарплатный;Северо-Западный;300 000;2025-02-19;114752.40;350339.89;Активна
CARD-102355;21.04.2025;Мобильный банк;Зарплатный;Центральный;50000.00;20.05.2025;14 568;34 150;Активна
CARD-101658;2025-01-24;сайт банка;Премиальный;Приволжский;100000.00;2025-02-02;24638.02;67018.15;Закрыта
CARD-100075;16.03.2025;Офис банка;Зарплатный;Северо-Западный;150 000;14.04.2025;44 002;123 800;Закрыта
CARD-102182;08.04.2025;Веб-сайт;Классический;Северо-Западный;500000,00;;;0,00;Активна
CARD-101829;14.05.2025;МП;Зарплатный;Центральный;200 000;22.05.2025;91186.30;261291,16;активна
CARD-101141;2025-06-27;ОТДЕЛЕНИЕ;Премиальный;Северо-Западный;300 000;19.07.2025;44 650;90601,69;Активна
CARD-102195;11.06.2025;Мобильное приложение;Зарплатный;Центральный;200000,00;;0,00;0;Заблокирована
CARD-102012;2025-05-03;Мобильный банк;Классический;Центральный;200 000;2025-05-27;64397.77;218 571;активна
CARD-102112;17.02.2025;Мобильный банк;Зарплатный;Сибирский;200000.00;28.02.2025;95833,99;154 806;Активна
CARD-100647;22.06.2025;Партнерская сеть;Классический;Центральный;50 000;2025-09-30;0,00;1 571;активна
CARD-100413;15.03.2025;Отделение;Классический;Центральный;300 000;20.03.2025;63007,56;103 996;активна
CARD-102046;2025-06-11;МП;Кэшбэк-максимум;Центральный;500 000;н/д;0,00;0;Активна
CARD-100577;11.06.2025;Партнёрская сеть;Кэшбэк-максимум;Сибирский;300 000;03.08.2025;0,00;22299,07;Активна
CARD-100330;2025-03-01;ОТДЕЛЕНИЕ;Зарплатный;Сибирский;75 000;2025-03-10;7120,11;15 168;Активна
CARD-102047;2025-05-19;Мобильный банк;Зарплатный;Южный;300000.00;03.06.2025;32 448;108 868;Активна
CARD-101409;2025-02-23;Партнёрская сеть;Зарплатный;Южный;75 000;;0,00;0;Активна
CARD-102068;2025-01-25;Мобильное приложение;Зарплатный;Северо-Западный;500 000;;;0,00;Активна
CARD-100402;23.04.2025;Отделение;Зарплатный;Центральный;75000.00;09.05.2025;28485.38;82312.01;Активна
CARD-101125;2025-03-24;отделение;Зарплатный;Северо-Западный;75 000;28.03.2025;32888.61;107927.65;Активна
CARD-101921;05.02.2025;Мобильный банк;Кэшбэк-максимум;Сибирский;50 000;н/д;;;Активна
CARD-101260;23.06.2025;ОТДЕЛЕНИЕ;Премиальный;Северо-Западный;200000.00;;0,00;0,00;Активна
CARD-101759;2025-02-19;Отделение;Зарплатный;Центральный;200000,00;19.02.2025;66 779;172 877;Активна
CARD-101709;28.04.2025;мобильное приложение;Классический;Приволжский;100000,00;;0;0;Активна
CARD-100798;21.07.2025;Отделение;Классический;Северо-Западный;200000,00;01.08.2025;52349.30;146 905;Активна
CARD-101142;26.04.2025;МП;Премиальный;Южный;100000.00;21.05.2025;11043.29;34798.35;Активна
CARD-100441;15.02.2025;Мобильное приложение;Классический;Северо-Западный;500000.00;12.03.2025;92645,69;269401,91;Заблокирована
CARD-102180;2025-02-03;Мобильное приложение;Премиальный;Центральный;100 000;05.02.2025;12904,76;43 315;активна
CARD-102293;2025-04-04;отделение;Классический;Южный;500 000;н/д;0,00;;Активна
CARD-100376;28.04.2025;ОТДЕЛЕНИЕ;Премиальный;Приволжский;75000,00;25.05.2025;37878,91;113 850;Закрыта
CARD-100564;2025-02-11;мобильное приложение;Кэшбэк-максимум;Приволжский;75000.00;23.02.2025;29894.91;54 605;Активна
CARD-101039;10.06.2025;Отделение ;Кэшбэк-максимум;Центральный;100000,00;;0,00;;активна
CARD-102334;22.03.2025;Сайт банка;Классический;Центральный;100000.00;2025-04-06;40 628;134 484;Активна
CARD-102241;10.06.2025;Мобильный банк;Кэшбэк-максимум;Приволжский;300 000;24.06.2025;142119.82;286707.01;Активна
CARD-100958;01.04.2025;Офис банка;Премиальный;Приволжский;75000.00;02.05.2025;;13 916;активна
CARD-100746;15.07.2025;Партнёрская сеть;Классический;Северо-Западный;500 000;;0,00;0,00;Заблокирована
CARD-101436;11.02.2025;Веб-сайт;Классический;Центральный;300 000;;0,00;0,00;Активна
CARD-102379;2025-07-25;ОТДЕЛЕНИЕ;Классический;Центральный;50000,00;;;;Активна
CARD-100845;2025-07-09;Мобильное приложение;Кэшбэк-максимум;Приволжский;100000.00;26.07.2025;33111,41;110123.24;Активна
CARD-100525;29.03.2025;Партнёр;Классический;Центральный;500 000;06.05.2025;0;71640,23;Закрыта
CARD-100739;2025-04-17;Отделение;Классический;Центральный;75 000;17.04.2025;19 631;55537,72;Активна
CARD-100651;13.06.2025;МП;Кэшбэк-максимум;Южный;150 000;11.07.2025;78 144;172525,98;Активна
CARD-100535;20.05.2025;Партнерская сеть;Кэшбэк-максимум;Северо-Западный;100 000;;0;0,00;Активна
CARD-100942;2025-06-15;Офис банка;Зарплатный;Центральный;500 000;03.07.2025;264041,39;682 219;Активна
CARD-100265;22.01.2025;Веб-сайт;Классический;Сибирский;100000.00;23.02.2025;0;9 745;Активна
CARD-102093;2025-07-08;мобильное приложение;Классический;Центральный;300000,00;;0,00;0;активна
CARD-100503;07.03.2025;Мобильное приложение;Кэшбэк-максимум;Приволжский;200 000;14.03.2025;93260,55;178 691;Активна
CARD-102282;30.05.2025;ОТДЕЛЕНИЕ;Классический;Центральный;75 000;н/д;0,00;;Заблокирована
CARD-102080;12.07.2025;отделение;Зарплатный;Центральный;50 000;03.08.2025;10 986;29087,31;Активна
CARD-102383;12.06.2025;Партнёрская сеть;Зарплатный;Южный;300 000;;0;0;Активна
CARD-100001;03.07.2025;отделение;Классический;Южный;500 000;;0;0;Активна
CARD-102031;2025-06-03;Отделение ;Зарплатный;Сибирский;150000.00;25.06.2025;17 186;57447,24;активна
CARD-100436;26.02.2025;Сайт банка;Зарплатный;Центральный;200 000;24.03.2025;50688.47;146 129;Активна
CARD-101017;10.07.2025;Партнерская сеть;Классический;Северо-Западный;500 000;;;0,00;Активна
CARD-100012;2025-06-17;ОТДЕЛЕНИЕ;Премиальный;Сибирский;500000,00;09.07.2025;92 651;162154,63;Заблокирована
CARD-101639;2025-07-10;ОТДЕЛЕНИЕ;Классический;Центральный;100000,00;н/д;;;Активна
CARD-101033;2025-02-19;Отделение;Зарплатный;Сибирский;500000,00;12.03.2025;141 501;456354.73;активна
CARD-100029;27.07.2025;Мобильное приложение;Классический;Южный;100 000;2025-09-04;;7349,15;Активна
CARD-101329;20.07.2025;мобильное приложение;Классический;Северо-Западный;100000,00;04.08.2025;29155,58;50193,93;Заблокирована
CARD-100451;24.03.2025;Сайт банка;Классический;Центральный;75000.00;04.04.2025;35 295;86 425;Заблокирована
CARD-102235;2025-05-30;Сайт банка;Зарплатный;Сибирский;50 000;05.06.2025;12399,40;23 788;Активна
CARD-101068;08.06.2025;Партнёр;Премиальный;Центральный;50000.00;н/д;;0;Активна
CARD-101901;26.06.2025;МП;Кэшбэк-максимум;Сибирский;100000,00;;;0,00;Активна
CARD-100838;25.06.2025;Отделение ;Зарплатный;Приволжский;50000,00;26.06.2025;23 519;75207.85;Активна
CARD-101357;30.06.2025;ОТДЕЛЕНИЕ;Классический;Северо-Западный;300 000;н/д;0,00;;Активна
CARD-100902;2025-01-29;мобильное приложение;Классический;Центральный;50000.00;18.02.2025;8 179;14775,93;Активна
CARD-102022;28.02.2025;Мобильный банк;Зарплатный;Приволжский;50 000;04.03.2025;24 760;40 741;Активна
CARD-102316;12.03.2025;Офис банка;Кэшбэк-максимум;Северо-Западный;500000,00;2025-03-17;84 989;150012,59;Активна
CARD-100704;07.06.2025;Отделение;Классический;Сибирский;300 000;05.07.2025;154407,69;284598.11;активна
CARD-102397;26.03.2025;отделение;Классический;Северо-Западный;100 000;2025-04-16;12283.91;26 222;Активна
CARD-101843;02.07.2025;Мобильный банк;Классический;Северо-Западный;50000,00;;0,00;0;Активна
CARD-101171;26.01.2025;партнёрская сеть;Зарплатный;Северо-Западный;100000.00;09.02.2025;51 452;87614.60;Активна
CARD-101622;2025-07-07;Сайт банка;Зарплатный;Приволжский;150 000;н/д;0,00;0;Заблокирована
CARD-101665;06.02.2025;мобильное приложение;Премиальный;Северо-Западный;150 000;22.02.2025;42167,80;94 912;активна
CARD-101981;2025-03-14;мобильное приложение;Кэшбэк-максимум;Центральный;300000,00;н/д;0;;Активна
CARD-101475;23.06.2025;партнёрская сеть;Классический;Сибирский;50 000;;0;0;Активна
CARD-100725;2025-04-22;Мобильное приложение;Кэшбэк-максимум;Приволжский;75000.00;04.05.2025;24720,32;50441.74;Активна
CARD-101490;20.02.2025;Партнерская сеть;Классический;Северо-Западный;150 000;;;;Активна
CARD-100919;13.07.2025;Партнёр;Зарплатный;Сибирский;100 000;29.10.2025;0;3 800;Активна
CARD-100408;26.04.2025;Мобильный банк;Зарплатный;Северо-Западный;50 000;2025-04-28;12160,37;33 443;Активна
CARD-100399;07.02.2025;Отделение ;Зарплатный;Центральный;100000,00;;0,00;0;Активна
CARD-101093;2025-05-05;Мобильное приложение;Кэшбэк-максимум;Северо-Западный;50 000;09.05.2025;16 479;47687,32;Закрыта
CARD-100050;30.01.2025;отделение;Классический;Сибирский;75 000;;0,00;;Активна
CARD-101967;2025-01-18;Офис банка;Классический;Северо-Западный;500 000;05.02.2025;190526.36;396553,48;Активна
CARD-101392;26.01.2025;Офис банка;Классический;Центральный;150000.00;22.02.2025;16 768;50 986;Активна
CARD-101884;25.06.2025;мобильное приложение;Зарплатный;Северо-Западный;300000.00;09.07.2025;90 216;173 091;Закрыта
CARD-101304;15.06.2025;Отделение ;Классический;Северо-Западный;200000.00;;0;0,00;Активна
CARD-100840;25.03.2025;мобильное приложение;Классический;Центральный;200000,00;03.04.2025;41 145;108269,86;активна
CARD-102368;21.03.2025;отделение;Кэшбэк-максимум;Центральный;50 000;2025-04-12;17376.28;40 222;Активна
CARD-101703;2025-05-06;Отделение ;Кэшбэк-максимум;Приволжский;200000.00;20.05.2025;25308,61;72163.07;Активна
CARD-102156;05.07.2025;Партнерская сеть;Зарплатный;Центральный;500 000;н/д;0,00;0;активна
CARD-100022;25.04.2025;мобильное приложение;Премиальный;Южный;100 000;23.05.2025;52138.97;114351,82;Активна
CARD-102146;05.07.2025;Мобильный банк;Зарплатный;Сибирский;150000.00;2025-07-13;33252,27;68006,24;Закрыта
CARD-102336;15.07.2025;Сайт банка;Классический;Центральный;300 000;2025-07-24;24049,34;57 197;Активна
CARD-101519;21.06.2025;мобильное приложение;Зарплатный;Южный;50000,00;;0,00;0,00;Активна
CARD-100959;16.07.2025;Сайт банка;Кэшбэк-максимум;Центральный;200 000;н/д;0,00;0,00;активна
CARD-102330;2025-03-16;МП;Зарплатный;Центральный;75 000;08.04.2025;20 583;58495,35;активна
CARD-101177;2025-06-03;Отделение;Зарплатный;Приволжский;150 000;24.06.2025;59 452;104073.22;Активна
CARD-101372;20.02.2025;Отделение;Классический;Центральный;75 000;18.03.2025;31836,14;71 357;Закрыта
CARD-100901;05.03.2025;Отделение;Классический;Южный;200 000;2025-03-14;19 408;47236.30;Заблокирована
CARD-100898;28.06.2025;Партнёр;Классический;Центральный;75000.00;;0;0;Активна
CARD-102335;2025-07-10;Офис банка;Зарплатный;Центральный;500 000;н/д;0;;Активна
CARD-100541;2025-02-16;Веб-сайт;Классический;Сибирский;50 000;18.02.2025;12844,16;31 527;Закрыта
CARD-101915;05.02.2025;Офис банка;Классический;Южный;50000,00;08.02.2025;9 955;26280,58;Активна
CARD-101788;2025-01-18;Отделение ;Классический;Приволжский;500 000;;0,00;0;Активна
CARD-100773;25.05.2025;Отделение;Премиальный;Сибирский;100000.00;02.06.2025;25 125;60934,47;Активна
CARD-101822;2025-06-14;мобильное приложение;Премиальный;Северо-Западный;200 000;;0,00;;Активна
CARD-102247;16.01.2025;Веб-сайт;Премиальный;Северо-Западный;100 000;29.01.2025;39998,54;94313,74;Активна
CARD-101730;2025-06-14;мобильное приложение;Зарплатный;Южный;75000.00;08.07.2025;9588,19;16 664;Активна
CARD-102208;09.07.2025;Отделение ;Классический;Сибирский;100000.00;03.09.2025;0,00;7080.50;Заблокирована
CARD-100163;27.03.2025;ОТДЕЛЕНИЕ;Классический;Приволжский;300 000;;0,00;;Заблокирована
CARD-101525;18.06.2025;Партнёр;Классический;Сибирский;300 000;03.07.2025;61 222;144 201;Активна
CARD-101338;15.02.2025;мобильное приложение;Классический;Центральный;150000,00;2025-03-14;36127.71;103023.65;Активна
CARD-101792;2025-06-15;Партнёрская сеть;Классический;Северо-Западный;500000.00;н/д;0,00;0;активна
CARD-102385;2025-05-13;Отделение ;Премиальный;Центральный;200000,00;18.05.2025;39789,07;108232.27;Активна
CARD-100810;09.07.2025;Отделение ;Классический;Центральный;50000,00;13.07.2025;9 259;20 214;Активна
CARD-100191;22.02.2025;Отделение ;Классический;Центральный;75000,00;;;0;Активна
CARD-101567;24.07.2025;Отделение;Кэшбэк-максимум;Приволжский;50000.00;н/д;0,00;;Активна
CARD-100506;24.01.2025;Сайт банка;Кэшбэк-максимум;Приволжский;300000,00;09.02.2025;27579.12;55961,21;Активна
CARD-102270;31.07.2025;отделение;Зарплатный;Центральный;200000.00;27.08.2025;100754,85;311 720;Закрыта
CARD-100409;2025-05-20;Сайт банка;Классический;Приволжский;150000,00;28.05.2025;55972,42;106 249;Активна
CARD-102374;14.04.2025;ОТДЕЛЕНИЕ;Зарплатный;Южный;500000,00;2025-04-15;208689.99;687877,10;Активна
CARD-100274;31.05.2025;ОТДЕЛЕНИЕ;Классический;Центральный;100000.00;05.09.2025;0;9264,26;Активна
CARD-100770;23.05.2025;Офис банка;Классический;Центральный;150 000;н/д;0,00;;Активна
CARD-100025;27.04.2025;Партнёр;Зарплатный;Центральный;50000,00;2025-05-09;4653,37;11205.11;Заблокирована
CARD-101937;2025-04-12;мобильное приложение;Классический;Приволжский;500 000;2025-04-23;91776.84;287009,87;Активна
CARD-102214;2025-06-08;Мобильное приложение;Классический;Центральный;150 000;;;0;Активна
CARD-101742;21.05.2025;мобильное приложение;Классический;Южный;500 000;21.05.2025;171350.28;508021,47;Активна
CARD-101036;21.01.2025;партнёрская сеть;Зарплатный;Южный;50000.00;26.04.2025;;6100.50;Активна
CARD-100865;22.04.2025;сайт банка;Классический;Приволжский;150 000;2025-05-14;44531.08;112 948;Активна
CARD-100790;2025-05-03;партнёрская сеть;Зарплатный;Приволжский;300000,00;;;;Активна
CARD-100093;2025-06-11;ОТДЕЛЕНИЕ;Классический;Центральный;100 000;15.06.2025;34 615;106 442;активна
CARD-101480;27.04.2025;Партнёр;Премиальный;Южный;100 000;;0;0,00;активна
CARD-101667;02.02.2025;Отделение;Классический;Центральный;100000.00;2025-02-22;14 627;41147.87;Активна
CARD-102232;26.03.2025;Офис банка;Зарплатный;Приволжский;50000,00;;0;0,00;Активна
CARD-101551;08.07.2025;мобильное приложение;Классический;Южный;200000,00;28.07.2025;26622.85;59342.14;Активна
CARD-100279;06.05.2025;Мобильный банк;Зарплатный;Северо-Западный;150000,00;01.06.2025;29279,86;74 221;Активна
CARD-101706;20.04.2025;отделение;Зарплатный;Центральный;150 000;25.04.2025;53 635;105 689;Активна
CARD-102266;2025-04-21;Мобильное приложение;Кэшбэк-максимум;Приволжский;300000,00;2025-05-18;76 460;157 854;Активна
CARD-100741;24.05.2025;МП;Классический;Центральный;75000,00;09.06.2025;14 666;42836,13;Активна
CARD-100697;2025-05-17;Мобильный банк;Кэшбэк-максимум;Южный;300000,00;2025-06-07;119443.08;269 153;Активна
CARD-100294;13.05.2025;Мобильный банк;Зарплатный;Сибирский;500000.00;02.06.2025;187864,77;523 313;Активна
CARD-101046;20.07.2025;мобильное приложение;Классический;Сибирский;150 000;2025-08-09;69 673;158510,39;Активна
CARD-100664;27.02.2025;ОТДЕЛЕНИЕ;Классический;Приволжский;75000,00;08.03.2025;9 358;27127,22;Активна
CARD-100140;12.02.2025;Партнёрская сеть;Премиальный;Центральный;100000,00;н/д;;;Активна
CARD-100620;27.02.2025;ОТДЕЛЕНИЕ;Классический;Центральный;150000.00;2025-03-08;21789.80;36635.91;Активна
CARD-100056;17.05.2025;мобильное приложение;Премиальный;Центральный;150000,00;15.06.2025;13524,72;30 956;Активна
CARD-100079;08.05.2025;Веб-сайт;Зарплатный;Центральный;150 000;;0,00;;Активна
CARD-101889;07.04.2025;Партнёрская сеть;Классический;Приволжский;500 000;;;0,00;Активна
CARD-100814;2025-03-16;Мобильный банк;Классический;Южный;500000,00;2025-04-07;263446.58;555 295;Активна
CARD-102202;17.01.2025;Сайт банка;Классический;Центральный;100000.00;;0,00;;Активна
CARD-101751;16.02.2025;отделение;Премиальный;Центральный;75000,00;09.03.2025;23 562;48052.88;Активна
CARD-102158;2025-04-17;мобильное приложение;Классический;Сибирский;150 000;н/д;0;0;Активна
CARD-100154;31.03.2025;Мобильное приложение;Зарплатный;Северо-Западный;150000,00;2025-04-28;70661.40;183264,09;Активна
CARD-100228;30.05.2025;МП;Зарплатный;Приволжский;300 000;2025-06-21;111 531;180668.43;Заблокирована
CARD-101522;29.06.2025;Веб-сайт;Кэшбэк-максимум;Приволжский;100000,00;01.07.2025;21703,25;49 951;Активна
CARD-100380;10.07.2025;отделение;Классический;Сибирский;300000,00;;0,00;0,00;Активна
CARD-101657;25.01.2025;Сайт банка;Зарплатный;Южный;150000,00;06.02.2025;80 464;231377.13;Активна
CARD-100781;27.07.2025;Мобильное приложение;Классический;Центральный;100 000;19.08.2025;8 945;25409,69;Заблокирована
CARD-101526;2025-05-03;Веб-сайт;Кэшбэк-максимум;Центральный;50 000;20.05.2025;15750,68;27744.73;Активна
CARD-101237;2025-03-13;МП;Классический;Южный;500000.00;2025-03-14;232423,26;616 510;Активна
CARD-101708;12.06.2025;Отделение;Премиальный;Сибирский;75000,00;07.10.2025;0,00;9 501;Закрыта
CARD-100971;2025-04-04;Отделение;Кэшбэк-максимум;Центральный;50000,00;;0,00;;Закрыта
CARD-102018;29.06.2025;Партнерская сеть;Классический;Северо-Западный;300000.00;;;;Активна
CARD-100735;27.02.2025;Отделение ;Зарплатный;Сибирский;200 000;;;;активна
CARD-101370;01.02.2025;Мобильный банк;Классический;Сибирский;200000,00;04.02.2025;89626,53;171 542;Активна
CARD-100471;2025-07-25;МП;Зарплатный;Центральный;200000,00;2025-07-25;81 554;142830.50;активна
CARD-101679;2025-03-06;Отделение;Премиальный;Северо-Западный;150 000;04.04.2025;12 326;35336.84;активна
CARD-100419;05.05.2025;Сайт банка;Кэшбэк-максимум;Сибирский;50000.00;29.05.2025;16 576;34587.89;Активна
CARD-100900;2025-04-13;Веб-сайт;Классический;Приволжский;100000,00;н/д;;0;Активна
CARD-100350;26.06.2025;Офис банка;Кэшбэк-максимум;Южный;100 000;н/д;0;0;активна
CARD-100956;31.07.2025;Отделение;Зарплатный;Северо-Западный;150000,00;27.08.2025;43 204;118708.87;Активна
CARD-102346;2025-02-19;Отделение ;Зарплатный;Южный;300000,00;;;0;Активна
CARD-100379;28.06.2025;Мобильный банк;Классический;Центральный;50000,00;06.07.2025;4 103;13 218;Активна
CARD-101457;06.06.2025;Офис банка;Классический;Центральный;50 000;29.06.2025;8 914;25 724;Активна
CARD-100837;2025-02-01;Партнёр;Премиальный;Приволжский;200 000;н/д;;0,00;Активна
CARD-102343;03.05.2025;Мобильное приложение;Премиальный;Сибирский;150 000;23.05.2025;80 342;186287.38;Активна
CARD-102248;2025-05-09;Мобильный банк;Зарплатный;Приволжский;500 000;2025-05-22;188 383;354 216;Активна
CARD-101579;26.01.2025;мобильное приложение;Зарплатный;Южный;300 000;02.02.2025;109 323;294706.74;Активна
CARD-102097;27.02.2025;МП;Зарплатный;Северо-Западный;500 000;2025-03-28;98120.04;285 030;активна
CARD-102292;13.01.2025;Мобильный банк;Зарплатный;Северо-Западный;100000,00;03.02.2025;48 091;88202.92;активна
CARD-101948;19.03.2025;МП;Классический;Центральный;100000,00;06.04.2025;41761,29;80839.38;Активна
CARD-101821;2025-04-15;Отделение ;Классический;Южный;100000,00;20.04.2025;19223,90;51 258;активна
CARD-100646;15.04.2025;сайт банка;Классический;Северо-Западный;100000,00;03.07.2025;0,00;4319,53;активна
CARD-101358;2025-05-14;мобильное приложение;Классический;Северо-Западный;75 000;01.06.2025;14 087;46 993;Закрыта
CARD-101696;2025-07-15;Веб-сайт;Премиальный;Центральный;75000.00;28.10.2025;0,00;6 582;Активна
CARD-101483;21.05.2025;Отделение ;Классический;Сибирский;100 000;24.05.2025;49 029;82 386;Закрыта
CARD-100257;2025-03-26;Мобильный банк;Классический;Сибирский;75 000;29.03.2025;23385,98;58 311;Активна
CARD-101486;2025-06-22;мобильное приложение;Классический;Приволжский;50000.00;27.06.2025;12779.47;35 126;Активна
CARD-101926;11.06.2025;МП;Классический;Центральный;150000,00;;0;0,00;активна
CARD-101013;2025-07-12;Партнёрская сеть;Классический;Приволжский;100 000;2025-08-19;0,00;18715.31;Заблокирована
CARD-100812;2025-06-13;Отделение ;Кэшбэк-максимум;Сибирский;75 000;н/д;;0;Активна
CARD-102198;2025-03-28;Веб-сайт;Классический;Приволжский;100000,00;н/д;0,00;;Активна
CARD-101333;2025-07-09;Партнёр;Кэшбэк-максимум;Южный;75 000;;;0;Активна
CARD-100008;07.04.2025;партнёрская сеть;Зарплатный;Центральный;50000,00;н/д;0,00;0,00;Активна
CARD-100023;18.04.2025;МП;Классический;Приволжский;75 000;04.05.2025;17486,39;56660,79;Активна
CARD-101811;02.03.2025;Отделение;Премиальный;Центральный;500000.00;19.03.2025;265 662;756934,01;Активна
CARD-100731;13.05.2025;ОТДЕЛЕНИЕ;Классический;Южный;200 000;2025-07-27;0,00;39 813;Заблокирована
CARD-100786;2025-03-10;отделение;Классический;Северо-Западный;75 000;;;;Активна
CARD-101801;24.01.2025;Мобильный банк;Классический;Приволжский;300 000;2025-01-24;82 048;163951,65;активна
CARD-101929;08.02.2025;Сайт банка;Классический;Приволжский;150 000;;;;Активна
CARD-100931;11.06.2025;Отделение ;Кэшбэк-максимум;Центральный;100000.00;27.06.2025;37460,14;103 868;Активна
CARD-100401;2025-06-11;партнёрская сеть;Зарплатный;Северо-Западный;200 000;н/д;0,00;0,00;Активна
CARD-101927;10.05.2025;Партнёрская сеть;Классический;Центральный;200000,00;н/д;0,00;;Активна
CARD-101890;22.03.2025;МП;Классический;Сибирский;200 000;17.04.2025;36 976;104340.77;Активна
CARD-101439;09.02.2025;мобильное приложение;Классический;Сибирский;200 000;2025-02-09;44346,55;82 823;Активна
CARD-100703;01.05.2025;Мобильный банк;Зарплатный;Приволжский;200 000;01.06.2025;0;20483,56;Активна
CARD-101552;2025-03-05;Партнерская сеть;Кэшбэк-максимум;Центральный;50000.00;19.03.2025;12049,46;24472,26;Активна
CARD-101950;12.05.2025;Партнёр;Зарплатный;Южный;150000.00;;0,00;0,00;Активна
CARD-102077;04.04.2025;Партнёрская сеть;Зарплатный;Центральный;75 000;06.04.2025;13 462;21753,86;Активна
CARD-101438;31.03.2025;мобильное приложение;Кэшбэк-максимум;Южный;100 000;14.04.2025;9682.49;26067.80;Активна
CARD-100534;24.03.2025;Веб-сайт;Классический;Сибирский;300 000;;0;;Активна
CARD-100657;25.03.2025;Мобильное приложение;Классический;Сибирский;500 000;20.04.2025;229434,31;397 030;Активна
CARD-100711;01.02.2025;Мобильное приложение;Зарплатный;Сибирский;100000,00;28.02.2025;33 338;68 521;Активна
CARD-100244;2025-06-15;мобильное приложение;Премиальный;Центральный;200000,00;17.06.2025;43804.80;77071,64;Активна
CARD-100018;2025-01-16;Отделение ;Классический;Приволжский;75000.00;2025-01-31;36 486;114 376;активна
CARD-100598;19.01.2025;партнёрская сеть;Зарплатный;Южный;200000,00;;0;;Закрыта
CARD-102255;2025-02-03;Сайт банка;Кэшбэк-максимум;Центральный;500 000;08.02.2025;50943,92;169515,30;Заблокирована
CARD-102125;02.06.2025;Отделение;Классический;Центральный;75000.00;05.07.2025;0,00;14995,40;активна
CARD-100783;13.03.2025;Партнерская сеть;Классический;Центральный;100 000;;;;Активна
CARD-101236;12.07.2025;Сайт банка;Классический;Южный;500 000;26.07.2025;203160,88;398855,61;Активна
CARD-100755;2025-02-19;отделение;Зарплатный;Южный;75000.00;;0;;Активна
CARD-101110;15.07.2025;партнёрская сеть;Классический;Северо-Западный;500 000;;0,00;0;Заблокирована
CARD-100686;28.04.2025;отделение;Зарплатный;Сибирский;50000,00;2025-05-21;27 090;49845,22;Активна
CARD-101054;05.04.2025;Веб-сайт;Премиальный;Северо-Западный;150000,00;23.04.2025;57 984;106 243;Активна
CARD-100583;02.02.2025;Офис банка;Кэшбэк-максимум;Центральный;100000,00;20.03.2025;0;17667,17;Активна
CARD-101719;10.05.2025;Веб-сайт;Классический;Сибирский;75000,00;11.05.2025;10107.50;31772.34;Активна
CARD-100283;21.07.2025;Отделение;Зарплатный;Центральный;100000,00;25.07.2025;53255,24;163854,54;Активна
CARD-102102;29.06.2025;Мобильное приложение;Кэшбэк-максимум;Северо-Западный;500000.00;2025-08-19;0,00;79009.69;Активна
CARD-101362;2025-06-12;МП;Кэшбэк-максимум;Центральный;300000.00;13.09.2025;0;44032,70;активна
CARD-100286;2025-05-31;Мобильный банк;Классический;Центральный;150000.00;;0;0;активна
CARD-101760;25.04.2025;МП;Классический;Приволжский;150000,00;11.05.2025;24 247;78852,39;Активна
CARD-102136;31.01.2025;Мобильный банк;Кэшбэк-максимум;Приволжский;200000.00;н/д;0;;Закрыта
CARD-101238;25.05.2025;мобильное приложение;Зарплатный;Центральный;100000.00;;;0,00;активна
CARD-100280;2025-04-04;Отделение;Премиальный;Приволжский;50 000;13.04.2025;22 902;73362.09;Закрыта
CARD-101323;2025-04-16;Партнёр;Кэшбэк-максимум;Северо-Западный;150 000;;;0,00;Закрыта
CARD-100590;19.03.2025;Веб-сайт;Классический;Приволжский;75 000;03.04.2025;23 427;66 959;Активна
CARD-100258;2025-03-05;партнёрская сеть;Премиальный;Центральный;500 000;01.06.2025;0;72 054;Активна
CARD-100908;19.07.2025;Сайт банка;Зарплатный;Центральный;200000.00;2025-07-20;35 418;74183,40;Закрыта
CARD-101453;2025-03-05;партнёрская сеть;Зарплатный;Северо-Западный;50000,00;;0,00;0,00;Активна
CARD-101979;16.05.2025;сайт банка;Кэшбэк-максимум;Приволжский;50000,00;19.05.2025;22909.10;56 483;Активна
CARD-102218;2025-07-17;отделение;Премиальный;Центральный;50000,00;;0;0;Закрыта
CARD-100462;20.04.2025;Партнерская сеть;Зарплатный;Сибирский;300000,00;19.05.2025;112680,54;270 178;Активна
CARD-101190;26.02.2025;Отделение;Классический;Центральный;150 000;;0,00;0,00;Активна
CARD-101847;17.06.2025;Мобильный банк;Классический;Центральный;75000.00;2025-09-05;;8875,20;Активна
CARD-102337;18.01.2025;Сайт банка;Классический;Центральный;300000.00;н/д;;;Активна
CARD-101153;2025-03-19;сайт банка;Классический;Северо-Западный;300 000;12.04.2025;34 567;57623,42;активна
CARD-102170;12.06.2025;ОТДЕЛЕНИЕ;Классический;Северо-Западный;300 000;15.09.2025;;58963.03;Активна
CARD-101399;2025-01-31;Сайт банка;Классический;Приволжский;300000,00;2025-02-13;154073,73;329188,71;Активна
CARD-101800;18.03.2025;Сайт банка;Классический;Центральный;150000,00;20.03.2025;24053.03;42 237;Активна
CARD-101543;28.03.2025;Мобильное приложение;Зарплатный;Северо-Западный;75000,00;н/д;;0;Активна
CARD-100269;14.04.2025;Партнерская сеть;Классический;Северо-Западный;150000.00;;;0,00;Активна
CARD-100053;10.06.2025;МП;Зарплатный;Южный;50 000;03.07.2025;4750,27;13218.56;активна
CARD-101271;20.03.2025;Мобильный банк;Зарплатный;Центральный;200 000;2025-04-04;21 960;62729,07;Активна
CARD-102064;2025-05-11;сайт банка;Классический;Южный;300 000;29.05.2025;150 680;416742,17;Активна
CARD-102126;02.06.2025;ОТДЕЛЕНИЕ;Кэшбэк-максимум;Сибирский;200000,00;27.06.2025;88368,89;278 904;Активна
CARD-101983;09.06.2025;сайт банка;Классический;Приволжский;100000,00;2025-06-17;38 018;110585.77;Активна
CARD-101488;24.02.2025;Офис банка;Классический;Приволжский;300 000;14.03.2025;116 700;200585,39;Активна
CARD-101674;29.05.2025;Офис банка;Премиальный;Южный;100000,00;;;0,00;Активна
CARD-101825;2025-02-06;отделение;Классический;Центральный;500 000;22.02.2025;219869.57;362261.78;Активна
CARD-101854;31.05.2025;МП;Зарплатный;Северо-Западный;75000.00;2025-06-08;33723,83;54 968;Активна
CARD-101796;2025-03-13;Мобильное приложение;Премиальный;Центральный;500 000;11.04.2025;140 244;251 346;Активна
CARD-101508;15.04.2025;Партнёр;Классический;Центральный;75000.00;н/д;;;Закрыта
CARD-100815;30.06.2025;мобильное приложение;Зарплатный;Северо-Западный;300 000;02.07.2025;72699,44;246 918;активна
CARD-100950;14.04.2025;мобильное приложение;Премиальный;Северо-Западный;500000,00;2025-04-25;101 066;166 855;Активна
CARD-102073;2025-06-01;Веб-сайт;Классический;Приволжский;500000,00;2025-09-13;;75 276;Активна
CARD-101988;26.07.2025;Отделение ;Кэшбэк-максимум;Центральный;300000,00;;0,00;0;Активна
CARD-101754;08.03.2025;Отделение ;Зарплатный;Сибирский;300 000;;;0;Активна
CARD-102055;29.05.2025;Партнёр;Кэшбэк-максимум;Южный;150000,00;12.06.2025;30692,02;75383.54;активна
CARD-100203;14.01.2025;Партнерская сеть;Премиальный;Сибирский;500 000;06.02.2025;248 707;813 433;Активна
CARD-101827;31.03.2025;Отделение;Премиальный;Южный;200000,00;н/д;0;0,00;Заблокирована
CARD-101515;05.03.2025;Отделение ;Классический;Северо-Западный;300000.00;2025-03-15;42 064;67 409;Активна
CARD-101187;01.03.2025;сайт банка;Классический;Приволжский;50 000;12.03.2025;25 336;61112.15;Заблокирована
CARD-102015;19.01.2025;ОТДЕЛЕНИЕ;Зарплатный;Центральный;75 000;15.04.2025;0;14 779;Активна
CARD-100087;2025-04-04;Партнёрская сеть;Классический;Центральный;100 000;2025-04-18;52 444;132 677;Активна
CARD-100320;2025-06-15;Веб-сайт;Зарплатный;Сибирский;300 000;;0,00;0;Активна
CARD-101302;08.07.2025;Партнёрская сеть;Премиальный;Сибирский;50000.00;19.10.2025;;2 779;Активна
CARD-100688;2025-04-21;Сайт банка;Классический;Северо-Западный;200000,00;28.04.2025;90153,92;174557.47;Заблокирована
CARD-101571;26.06.2025;Партнерская сеть;Классический;Сибирский;500000.00;;0,00;0;Активна
CARD-101045;14.03.2025;Сайт банка;Зарплатный;Сибирский;75 000;20.03.2025;20 438;33 798;Активна
CARD-101832;24.05.2025;Сайт банка;Зарплатный;Приволжский;500000,00;16.07.2025;0,00;76 341;Активна
CARD-102085;27.06.2025;МП;Классический;Сибирский;500 000;08.08.2025;;71 401;Активна
CARD-101464;14.01.2025;Партнёрская сеть;Зарплатный;Центральный;500 000;;;0,00;Активна
CARD-102034;2025-06-11;Партнёр;Классический;Сибирский;50 000;19.06.2025;26 735;82054.89;Активна
CARD-100835;01.07.2025;Офис банка;Классический;Приволжский;200000,00;;0,00;;Активна
CARD-100857;29.07.2025;ОТДЕЛЕНИЕ;Классический;Центральный;150000,00;2025-08-18;59507.65;132 009;Активна
CARD-100148;07.07.2025;Сайт банка;Классический;Центральный;75000.00;;0;0;Активна
CARD-101504;18.03.2025;Сайт банка;Классический;Приволжский;150 000;23.06.2025;;24958,17;Активна
CARD-101483;21.05.2025;Отделение ;Классический;Сибирский;100 000;24.05.2025;49 029;82 386;Закрыта
CARD-100655;2025-05-22;Мобильный банк;Классический;Северо-Западный;200 000;;;0,00;Активна
CARD-101680;17.03.2025;Веб-сайт;Зарплатный;Сибирский;150 000;28.03.2025;25 169;59444,34;Активна
CARD-101009;30.04.2025;Отделение;Зарплатный;Приволжский;500000,00;н/д;0,00;0,00;Активна
CARD-102216;2025-04-04;ОТДЕЛЕНИЕ;Классический;Сибирский;100000,00;22.04.2025;22 899;56 362;Активна
CARD-101266;02.02.2025;МП;Премиальный;Южный;100000,00;2025-02-15;20 246;48022.53;Активна
CARD-100278;26.07.2025;Партнерская сеть;Премиальный;Северо-Западный;50000.00;18.08.2025;16 532;28526,06;Активна
CARD-100528;12.05.2025;Офис банка;Классический;Сибирский;300 000;2025-06-03;150204.53;412 987;Активна
CARD-100011;16.02.2025;отделение;Зарплатный;Центральный;75000.00;01.03.2025;21 465;66924,46;Активна
CARD-101063;2025-03-26;отделение;Премиальный;Северо-Западный;500 000;26.03.2025;230 546;383 799;активна
CARD-101479;2025-03-14;Офис банка;Кэшбэк-максимум;Центральный;300000,00;;0;;Активна
CARD-102147;2025-08-01;партнёрская сеть;Зарплатный;Сибирский;500000.00;;;0,00;Активна
CARD-100111;11.03.2025;Офис банка;Классический;Центральный;75000,00;12.04.2025;0,00;3036.48;Активна
CARD-101701;2025-03-02;МП;Премиальный;Северо-Западный;100 000;;0;0,00;Активна
CARD-100059;10.06.2025;Отделение;Классический;Северо-Западный;150 000;н/д;;;активна
CARD-101498;2025-07-06;Партнёр;Премиальный;Центральный;150000.00;;;;Закрыта
CARD-101456;23.04.2025;Сайт банка;Зарплатный;Приволжский;500000.00;2025-06-28;0;17668,27;Активна
CARD-101059;2025-06-25;мобильное приложение;Классический;Северо-Западный;75000,00;14.07.2025;28480.54;66376.30;Заблокирована
CARD-101851;2025-05-15;Отделение ;Классический;Южный;75000.00;;0,00;0;Активна
CARD-101040;16.06.2025;ОТДЕЛЕНИЕ;Классический;Приволжский;300 000;09.07.2025;139 795;468830.38;активна
CARD-102173;2025-06-15;Мобильное приложение;Классический;Приволжский;300000,00;2025-06-22;87 622;243 155;Активна
CARD-100219;30.01.2025;МП;Классический;Центральный;50 000;21.02.2025;20592,61;53099,15;Активна
CARD-101325;2025-01-23;МП;Классический;Приволжский;150000.00;06.02.2025;69941.03;167 065;Активна
CARD-101430;10.06.2025;Отделение ;Кэшбэк-максимум;Центральный;300000.00;11.06.2025;90377,93;171913.92;Активна
CARD-100360;29.03.2025;Веб-сайт;Классический;Сибирский;300000,00;;0;;Активна
CARD-100003;2025-02-04;Мобильный банк;Классический;Южный;500 000;01.03.2025;156 288;273886,70;Активна
CARD-100371;2025-04-16;Веб-сайт;Зарплатный;Северо-Западный;75000,00;08.05.2025;6058,47;17934.60;Активна
CARD-101717;22.06.2025;отделение;Классический;Северо-Западный;150000.00;15.07.2025;14 809;31452,69;Заблокирована
CARD-102184;07.06.2025;ОТДЕЛЕНИЕ;Классический;Сибирский;200000,00;;;0,00;активна
CARD-101895;21.05.2025;Мобильный банк;Классический;Приволжский;100000.00;27.05.2025;34254,22;92858.80;активна
CARD-101071;03.02.2025;сайт банка;Классический;Сибирский;100 000;;0,00;0,00;Активна
CARD-102260;11.02.2025;партнёрская сеть;Зарплатный;Южный;200 000;;0;0;Активна
CARD-100038;20.01.2025;Веб-сайт;Классический;Центральный;100 000;;0;0;активна
CARD-100428;18.02.2025;Мобильный банк;Зарплатный;Северо-Западный;150 000;;0;;Активна
CARD-100447;01.03.2025;сайт банка;Классический;Южный;50000.00;20.03.2025;9 735;17 712;Активна
CARD-101041;2025-04-29;сайт банка;Зарплатный;Центральный;150 000;2025-05-09;49464.96;115 786;активна
CARD-100290;2025-05-04;отделение;Классический;Центральный;300 000;н/д;0;;Активна
CARD-100521;31.05.2025;Мобильное приложение;Премиальный;Центральный;200 000;2025-06-09;37 865;128 521;активна
CARD-101004;23.06.2025;мобильное приложение;Зарплатный;Северо-Западный;300000,00;28.06.2025;67 747;218 741;Активна
CARD-100953;23.07.2025;Сайт банка;Кэшбэк-максимум;Сибирский;500000,00;31.10.2025;;93827.37;Активна
CARD-101274;03.02.2025;Мобильный банк;Классический;Центральный;50000,00;10.02.2025;20 392;57 138;Активна
CARD-101662;2025-07-08;Отделение ;Кэшбэк-максимум;Приволжский;75000.00;04.08.2025;22 053;73854,58;Активна
CARD-100296;02.06.2025;Партнерская сеть;Зарплатный;Сибирский;300 000;;0,00;0;Активна
CARD-100707;2025-07-17;Мобильное приложение;Кэшбэк-максимум;Северо-Западный;50000,00;18.07.2025;24 164;75353,89;активна
CARD-101466;11.05.2025;сайт банка;Классический;Сибирский;75000,00;04.06.2025;8 489;21098,02;активна
CARD-101972;17.01.2025;Мобильное приложение;Зарплатный;Центральный;75 000;19.01.2025;20 038;49114,34;Активна
CARD-101718;2025-04-09;мобильное приложение;Кэшбэк-максимум;Сибирский;500000.00;22.04.2025;76802,51;205167,20;Активна
CARD-101654;30.04.2025;Партнёрская сеть;Зарплатный;Центральный;100000,00;21.05.2025;47665,03;95582,36;Заблокирована
CARD-101964;02.07.2025;Мобильное приложение;Зарплатный;Центральный;200000,00;2025-07-15;86 795;223509.60;Заблокирована
CARD-101127;27.05.2025;Партнерская сеть;Зарплатный;Приволжский;200000,00;;0;0;Закрыта
CARD-102095;2025-06-01;Мобильный банк;Зарплатный;Приволжский;200000.00;05.06.2025;35 015;105 103;Активна
CARD-100666;27.07.2025;Партнерская сеть;Классический;Сибирский;150 000;н/д;0;0;Активна
CARD-100860;2025-04-30;мобильное приложение;Кэшбэк-максимум;Северо-Западный;200000,00;2025-05-09;47132,45;148505.04;Закрыта
CARD-101303;2025-04-19;МП;Классический;Приволжский;500 000;2025-06-07;;85295.94;Активна
CARD-100580;14.01.2025;Партнёр;Премиальный;Северо-Западный;200000.00;08.02.2025;27255.99;44 638;Активна
CARD-100717;14.02.2025;ОТДЕЛЕНИЕ;Премиальный;Приволжский;75 000;08.03.2025;17 394;34466.47;Активна
CARD-101177;2025-06-03;Отделение;Зарплатный;Приволжский;150 000;24.06.2025;59 452;104073.22;Активна
CARD-101288;27.04.2025;МП;Зарплатный;Сибирский;500 000;03.05.2025;178455,19;301373,34;Активна
CARD-101750;06.07.2025;МП;Премиальный;Сибирский;500 000;22.07.2025;247 601;830 651;Активна
CARD-102360;16.01.2025;Партнерская сеть;Кэшбэк-максимум;Центральный;50000,00;;0;0,00;Активна
CARD-100742;12.04.2025;партнёрская сеть;Кэшбэк-максимум;Северо-Западный;150000.00;20.04.2025;39 466;111296,15;Заблокирована
CARD-100004;2025-01-20;Веб-сайт;Классический;Северо-Западный;100000.00;;;0,00;активна
CARD-102157;15.01.2025;Офис банка;Кэшбэк-максимум;Южный;75 000;04.02.2025;38383,97;112 671;Активна
CARD-101482;2025-02-10;партнёрская сеть;Классический;Сибирский;150000.00;н/д;0,00;;активна
CARD-101898;02.04.2025;Сайт банка;Классический;Южный;500000,00;27.04.2025;202913.87;337093,53;Активна
CARD-100750;2025-04-13;мобильное приложение;Классический;Южный;150 000;н/д;;0,00;Активна
CARD-100452;24.03.2025;Отделение;Кэшбэк-максимум;Северо-Западный;200000.00;13.07.2025;0;7869,46;Активна
CARD-100955;02.03.2025;Отделение;Кэшбэк-максимум;Сибирский;150 000;25.03.2025;48 934;145224,33;Закрыта
CARD-100909;02.05.2025;отделение;Премиальный;Центральный;200000.00;09.05.2025;80648.74;183633,36;Активна
CARD-101268;20.04.2025;Мобильный банк;Классический;Приволжский;200000,00;2025-04-22;63 246;166 767;Активна
CARD-100985;2025-06-05;Партнёр;Классический;Центральный;100 000;11.06.2025;34509,68;79032,34;Активна
CARD-100071;2025-04-07;МП;Зарплатный;Сибирский;100000.00;21.04.2025;36763.18;96636.98;активна
CARD-100157;12.04.2025;ОТДЕЛЕНИЕ;Зарплатный;Центральный;50 000;2025-04-18;4 443;8754,41;активна
CARD-100345;2025-06-09;Сайт банка;Премиальный;Центральный;500 000;13.06.2025;134362.70;450 707;Активна
CARD-100466;2025-06-29;Партнерская сеть;Зарплатный;Северо-Западный;75 000;15.09.2025;0,00;6748,03;Активна
CARD-102153;01.04.2025;МП;Премиальный;Сибирский;200000,00;30.04.2025;30 643;59202.80;Активна
CARD-102265;2025-04-22;Партнёрская сеть;Классический;Центральный;100 000;15.05.2025;44688,05;127 085;Активна
CARD-100491;20.07.2025;отделение;Зарплатный;Центральный;100000.00;22.07.2025;45260,79;125 638;активна
CARD-102308;2025-05-15;отделение;Зарплатный;Сибирский;75 000;;0,00;;Активна
CARD-102209;12.04.2025;Мобильный банк;Классический;Сибирский;200000.00;;0,00;0;Активна
CARD-102118;05.06.2025;МП;Зарплатный;Центральный;300000,00;16.06.2025;125 558;308248,30;активна
CARD-100489;20.02.2025;Партнёрская сеть;Кэшбэк-максимум;Северо-Западный;100 000;;0,00;0;Активна
CARD-102179;15.02.2025;Мобильное приложение;Классический;Центральный;100 000;14.03.2025;26 852;62 255;Закрыта
CARD-101354;07.04.2025;ОТДЕЛЕНИЕ;Зарплатный;Центральный;200 000;2025-05-05;58794,45;167 242;Активна
CARD-101161;11.04.2025;Мобильное приложение;Кэшбэк-максимум;Сибирский;500000,00;;;0,00;Активна
CARD-100284;01.02.2025;Партнёрская сеть;Классический;Центральный;50 000;04.02.2025;24779.21;82 262;активна
CARD-100297;2025-03-29;ОТДЕЛЕНИЕ;Классический;Южный;300 000;;0,00;;Активна
CARD-101777;13.05.2025;Партнёр;Зарплатный;Центральный;500 000;16.05.2025;127646,33;393750.45;Активна
CARD-101997;2025-07-11;Офис банка;Кэшбэк-максимум;Южный;75 000;20.07.2025;33344,39;95 679;Закрыта
